Sentencing.court,Aggravating.72,Mitigating.36,disorder,affray,GBH,intent,common,custody
1,,genuine remorse,,affray,,,,
1,under influence drugs/alcohol,,,affray,,,,immediate custody
1,under influence drugs/alcohol,,,affray,,,,immediate custody
1,under influence drugs/alcohol,,,affray,,,,immediate custody
1,under influence drugs/alcohol,,,affray,,,,immediate custody
1,under influence drugs/alcohol,,,affray,,,,immediate custody
1,under influence drugs/alcohol,,,,,,,immediate custody
1,,genuine remorse,,,,,,
1,,,,,,,,
1,,genuine remorse,,,,,,
1,,,,,,,,immediate custody
1,,,,,,,,immediate custody
1,,,,,,,,
1,under influence drugs/alcohol,,,,,,,immediate custody
1,,,,,,,,
1,,,,,,,,immediate custody
1,under influence drugs/alcohol,,,,,,,immediate custody
1,,,,,,,,
1,,,,,,,,
1,,,,,,,,
1,,genuine remorse,,,,,,
1,,,,,,,,
1,,genuine remorse,,,,,,
1,under influence drugs/alcohol,genuine remorse,,,,,,immediate custody
1,,genuine remorse,,,,,,immediate custody
1,,,,,,,,
1,,,,,,,,
1,,,,,,,,immediate custody
1,,,,,,,,
1,,genuine remorse,,,,,,
1,,genuine remorse,,,grievous bodily harm,,,immediate custody
1,under influence drugs/alcohol,genuine remorse,,,grievous bodily harm,,,
1,under influence drugs/alcohol,genuine remorse,,,grievous bodily harm,,,immediate custody
1,under influence drugs/alcohol,,,,grievous bodily harm,,,immediate custody
1,,,,,grievous bodily harm,,,immediate custody
1,under influence drugs/alcohol,,,,grievous bodily harm,,,immediate custody
1,,,,,grievous bodily harm,,,immediate custody
1,,genuine remorse,,,,,common assault,
7,,,,,,,,
7,,genuine remorse,,,,,,
7,under influence drugs/alcohol,,,,,,,immediate custody
7,,genuine remorse,,,,,,
7,,genuine remorse,,,,,,
7,,genuine remorse,,,,,,
7,,genuine remorse,,,,,,
7,under influence drugs/alcohol,,,,,,,immediate custody
7,,,,,,,,
7,,genuine remorse,,,,,,
7,,genuine remorse,,,,,,immediate custody
7,under influence drugs/alcohol,,,,,,,immediate custody
7,,genuine remorse,,,,,,
7,under influence drugs/alcohol,,,,,,,immediate custody
7,,genuine remorse,,,,,,
7,,genuine remorse,,,,,,
7,under influence drugs/alcohol,genuine remorse,,,,,,
7,under influence drugs/alcohol,,,,,,,
7,,,,,,,,immediate custody
7,under influence drugs/alcohol,genuine remorse,,,,,,
7,under influence drugs/alcohol,,,,,,,
7,under influence drugs/alcohol,genuine remorse,,,,,,
7,under influence drugs/alcohol,genuine remorse,,,,,,
7,under influence drugs/alcohol,,,,,,,
7,,genuine remorse,,,,,,
7,under influence drugs/alcohol,genuine remorse,,,,,,
7,,genuine remorse,,,,,,
7,,genuine remorse,,,,,,immediate custody
7,under influence drugs/alcohol,,,,,,,immediate custody
7,,,,,,,,immediate custody
7,,,,,,,,immediate custody
7,,,,,,,,
7,under influence drugs/alcohol,genuine remorse,,,,,,
7,,genuine remorse,,,,,,immediate custody
7,under influence drugs/alcohol,,,,,,,immediate custody
7,,,,,,,,immediate custody
7,,,,,,,,
7,under influence drugs/alcohol,,,,,,,immediate custody
7,under influence drugs/alcohol,,,,,,,
7,,,,,,,,immediate custody
7,,genuine remorse,,,,,,
7,,genuine remorse,,,,,,
7,,,,,,,,
7,,,,affray,,,,
7,,genuine remorse,,affray,,,,
7,under influence drugs/alcohol,genuine remorse,,affray,,,,
7,,,,affray,,,,
7,,,,affray,,,,
7,,,,affray,,,,
7,,,,affray,,,,
7,under influence drugs/alcohol,,,,,,common assault,immediate custody
7,,,,,,,common assault,immediate custody
7,under influence drugs/alcohol,genuine remorse,,,,,common assault,
7,,,,,,,common assault,
7,,,,,,,common assault,
7,under influence drugs/alcohol,,,,,grievous bodily harm with intent,,immediate custody
7,under influence drugs/alcohol,,,,,grievous bodily harm with intent,,immediate custody
7,under influence drugs/alcohol,genuine remorse,,,,grievous bodily harm with intent,,immediate custody
7,,,,,,grievous bodily harm with intent,,immediate custody
7,,,,,,grievous bodily harm with intent,,immediate custody
7,,,,,,grievous bodily harm with intent,,immediate custody
7,,,,,,grievous bodily harm with intent,,immediate custody
7,,genuine remorse,,,,grievous bodily harm with intent,,immediate custody
7,,,,,,grievous bodily harm with intent,,immediate custody
7,,,,,,grievous bodily harm with intent,,immediate custody
7,under influence drugs/alcohol,,,,,grievous bodily harm with intent,,immediate custody
7,,,,,grievous bodily harm,,,
7,,genuine remorse,,,grievous bodily harm,,,
7,,genuine remorse,,,grievous bodily harm,,,
7,under influence drugs/alcohol,genuine remorse,,,grievous bodily harm,,,immediate custody
7,,genuine remorse,,,grievous bodily harm,,,
7,,genuine remorse,,,grievous bodily harm,,,immediate custody
7,under influence drugs/alcohol,genuine remorse,,,grievous bodily harm,,,immediate custody
7,under influence drugs/alcohol,genuine remorse,,,grievous bodily harm,,,immediate custody
7,,,,,grievous bodily harm,,,immediate custody
7,under influence drugs/alcohol,genuine remorse,,,grievous bodily harm,,,immediate custody
7,,,,,grievous bodily harm,,,
7,,genuine remorse,,,grievous bodily harm,,,
7,,genuine remorse,,,grievous bodily harm,,,
7,,,,,grievous bodily harm,,,immediate custody
7,,,,,grievous bodily harm,,,immediate custody
7,,genuine remorse,,,grievous bodily harm,,,immediate custody
7,under influence drugs/alcohol,genuine remorse,,,grievous bodily harm,,,
7,,,,,grievous bodily harm,,,immediate custody
7,,,,,grievous bodily harm,,,
NA,,genuine remorse,,affray,,,,
NA,,,,affray,,,,
NA,,,,,,,,
NA,,,,,,,,
NA,,,,,,,,
NA,,,,,,,,immediate custody
NA,,genuine remorse,,,,,,immediate custody
NA,,,,,,,,
NA,,genuine remorse,,,,,,immediate custody
NA,,,,,,,,
NA,,,,,,,,
NA,,,,,,,,immediate custody
NA,,genuine remorse,,,,,,
NA,,genuine remorse,,,,,,immediate custody
NA,,,,,,,,immediate custody
NA,under influence drugs/alcohol,genuine remorse,,,,,,
NA,,genuine remorse,,,grievous bodily harm,,,
NA,,,,,grievous bodily harm,,,immediate custody
NA,under influence drugs/alcohol,genuine remorse,,,,grievous bodily harm with intent,,immediate custody
NA,,,,,,grievous bodily harm with intent,,immediate custody
NA,,,,,,grievous bodily harm with intent,,immediate custody
NA,,,,,,grievous bodily harm with intent,,immediate custody
NA,,genuine remorse,,,,grievous bodily harm with intent,,immediate custody
NA,under influence drugs/alcohol,,,,,grievous bodily harm with intent,,immediate custody
NA,,,,,,,common assault,
3,,genuine remorse,,,,,common assault,
3,under influence drugs/alcohol,genuine remorse,,,,,common assault,immediate custody
3,under influence drugs/alcohol,,,affray,,,,
3,under influence drugs/alcohol,,,,,,,immediate custody
3,,,,,,,,immediate custody
3,,genuine remorse,,,,,,immediate custody
3,,,,,,,,
3,,,,,,,,
3,,,,,,,,
3,under influence drugs/alcohol,,,,,,,
3,,,,,,,,immediate custody
3,,genuine remorse,,,,,,immediate custody
3,,,,,,,,
3,,genuine remorse,,,,,,
3,,genuine remorse,,,,,,
3,,,,,,,,
3,under influence drugs/alcohol,,,,,,,
3,under influence drugs/alcohol,genuine remorse,,,,,,
3,,,,,,,,immediate custody
3,,,,,,,,
3,,,,,,,,immediate custody
3,,,,,,,,immediate custody
3,,,,,,,,
3,under influence drugs/alcohol,genuine remorse,,,,,,
3,,,,,,,,immediate custody
3,,,,,,,,immediate custody
3,,,,,,,,
3,,,,,,,,immediate custody
3,,genuine remorse,,,,,,
3,,,,,,,,immediate custody
3,,genuine remorse,,,,,,immediate custody
3,,,,,,,,immediate custody
3,under influence drugs/alcohol,,,,,,,
3,under influence drugs/alcohol,,,,,,,immediate custody
3,,,,,,,,
3,,,,,,,,
3,,,,,,,,
3,,genuine remorse,,,,,,
3,,,,,,,,
3,,,,,,,,
3,under influence drugs/alcohol,genuine remorse,,,,,,
3,,genuine remorse,,,,,,
3,,,,,,,,
3,,genuine remorse,,,,,,immediate custody
3,,,,,,,,
3,under influence drugs/alcohol,genuine remorse,,,,,,
3,,,,,,,,immediate custody
3,,,,,,,,immediate custody
3,,genuine remorse,,,,,,
3,,genuine remorse,,,,,,immediate custody
3,,,,,,,,immediate custody
3,,,,,,,,immediate custody
3,,,,,,,,
3,under influence drugs/alcohol,genuine remorse,,,,,,
3,,,,,,,,immediate custody
3,under influence drugs/alcohol,,,,,,,immediate custody
3,,,,,,,,immediate custody
3,,,,,,,,
3,,,,,,,,immediate custody
3,,,,,,,,immediate custody
3,,,,,,,,immediate custody
3,,,,,,,,
3,,,,,,,,
3,under influence drugs/alcohol,genuine remorse,,,,,,immediate custody
3,,genuine remorse,,,,,,
3,,,,,,,,
3,,genuine remorse,,,,,,
3,,genuine remorse,,,,,,
3,,,,,,,,immediate custody
3,,genuine remorse,,,,,,immediate custody
3,under influence drugs/alcohol,genuine remorse,,,,,,
3,,,,,,,,immediate custody
3,,,,,,,,immediate custody
3,,,,,,,,
3,,genuine remorse,,,,,,
3,,genuine remorse,,,,,,immediate custody
3,,,,,,,,immediate custody
3,,,,,,,,
3,,,,,,,,
3,,,,,,,,
3,under influence drugs/alcohol,,,,,,,immediate custody
3,,,,,,,,immediate custody
3,under influence drugs/alcohol,,,,,,,immediate custody
3,,genuine remorse,,,,,,
3,,genuine remorse,,,,,,
3,,,,,,,,immediate custody
3,,,,,,,,immediate custody
3,,,,,,,,immediate custody
3,,genuine remorse,,,,,,
3,,,,,,,,
3,,,,,,,,immediate custody
3,,,,,,,,
3,,,,,,,,immediate custody
3,,,,,,,,immediate custody
3,,,,,,,,
3,,genuine remorse,,,,,,
3,,,,,,,,immediate custody
3,,,,,,,,
3,,genuine remorse,,,,,,
3,,,,,,,,
3,,,,,,,,
3,,,,affray,,,,immediate custody
3,,,,affray,,,,immediate custody
3,under influence drugs/alcohol,,,affray,,,,
3,,,,affray,,,,immediate custody
3,,,,affray,,,,
3,,,,affray,,,,
3,under influence drugs/alcohol,genuine remorse,,,,,,immediate custody
3,under influence drugs/alcohol,,,,,,,
3,under influence drugs/alcohol,,,,,,,
3,,,,,,,,immediate custody
3,under influence drugs/alcohol,,,affray,,,,
3,,,,affray,,,,
3,,,,affray,,,,
3,,,,affray,,,,immediate custody
3,under influence drugs/alcohol,,,affray,,,,immediate custody
3,under influence drugs/alcohol,genuine remorse,,affray,,,,
3,,,,affray,,,,immediate custody
3,,genuine remorse,,affray,,,,
3,,genuine remorse,,affray,,,,
3,under influence drugs/alcohol,,,affray,,,,
3,,,,affray,,,,
3,,,,affray,,,,
3,,,,affray,,,,immediate custody
3,,,,affray,,,,
3,,,,affray,,,,immediate custody
3,,,,affray,,,,
3,,,,affray,,,,
3,,,,affray,,,,
3,,,,affray,,,,
3,,,,affray,,,,
3,,,,,,,common assault,immediate custody
3,,,,,,,common assault,
3,,,,,,,common assault,immediate custody
3,,genuine remorse,,,,,common assault,immediate custody
3,,,,,,,common assault,immediate custody
3,,,,,,,common assault,
3,,,,,,,common assault,
3,,,,,,,common assault,immediate custody
3,under influence drugs/alcohol,,,,,,common assault,
3,,,,,,,common assault,
3,,genuine remorse,,,,,common assault,
3,under influence drugs/alcohol,,,,,,common assault,immediate custody
3,,genuine remorse,,,,,common assault,
3,,,,,,,common assault,
3,,genuine remorse,,,,,common assault,
3,,,,,,,common assault,
3,,,,,,,common assault,immediate custody
3,under influence drugs/alcohol,,,,,,common assault,
3,under influence drugs/alcohol,genuine remorse,,,,grievous bodily harm with intent,,immediate custody
3,,,,,,grievous bodily harm with intent,,immediate custody
3,under influence drugs/alcohol,,,,,grievous bodily harm with intent,,immediate custody
3,,,,,,grievous bodily harm with intent,,
3,,,,,,grievous bodily harm with intent,,immediate custody
3,,,,,,grievous bodily harm with intent,,immediate custody
3,,,,,,grievous bodily harm with intent,,immediate custody
3,under influence drugs/alcohol,,,,,grievous bodily harm with intent,,immediate custody
3,,,,,,grievous bodily harm with intent,,immediate custody
3,,,,,,grievous bodily harm with intent,,immediate custody
3,,,,,,grievous bodily harm with intent,,immediate custody
3,,genuine remorse,,,,grievous bodily harm with intent,,
3,under influence drugs/alcohol,genuine remorse,,,,grievous bodily harm with intent,,immediate custody
3,,,,,,grievous bodily harm with intent,,immediate custody
3,,,,,,grievous bodily harm with intent,,immediate custody
3,,genuine remorse,,,,grievous bodily harm with intent,,immediate custody
3,,,,,,grievous bodily harm with intent,,immediate custody
3,,,,,,grievous bodily harm with intent,,immediate custody
3,under influence drugs/alcohol,,,,,grievous bodily harm with intent,,immediate custody
3,,,,,,grievous bodily harm with intent,,immediate custody
3,,,,,,grievous bodily harm with intent,,immediate custody
3,,,,,,grievous bodily harm with intent,,
3,,,,,,grievous bodily harm with intent,,immediate custody
3,under influence drugs/alcohol,,,,,grievous bodily harm with intent,,immediate custody
3,,genuine remorse,,,,grievous bodily harm with intent,,immediate custody
3,,,,,,grievous bodily harm with intent,,immediate custody
3,under influence drugs/alcohol,,,,,grievous bodily harm with intent,,immediate custody
3,under influence drugs/alcohol,genuine remorse,,,,grievous bodily harm with intent,,immediate custody
3,,,,,,grievous bodily harm with intent,,immediate custody
3,,,,,,grievous bodily harm with intent,,immediate custody
3,,,,,,grievous bodily harm with intent,,immediate custody
3,under influence drugs/alcohol,,,,,grievous bodily harm with intent,,immediate custody
3,,,,,,grievous bodily harm with intent,,immediate custody
3,,genuine remorse,,,grievous bodily harm,,,
3,,,,,,grievous bodily harm with intent,,immediate custody
3,,,,,,grievous bodily harm with intent,,immediate custody
3,,,,,,grievous bodily harm with intent,,immediate custody
3,,,,,,grievous bodily harm with intent,,immediate custody
3,,genuine remorse,,,grievous bodily harm,,,
3,,,,,grievous bodily harm,,,immediate custody
3,,,,,grievous bodily harm,,,
3,,genuine remorse,,,grievous bodily harm,,,
3,under influence drugs/alcohol,,,,grievous bodily harm,,,immediate custody
3,under influence drugs/alcohol,,,,grievous bodily harm,,,immediate custody
3,,,,,grievous bodily harm,,,immediate custody
3,,genuine remorse,,,grievous bodily harm,,,immediate custody
3,,,,,grievous bodily harm,,,immediate custody
3,,genuine remorse,,,grievous bodily harm,,,immediate custody
3,,genuine remorse,,,grievous bodily harm,,,
3,under influence drugs/alcohol,genuine remorse,,,grievous bodily harm,,,
3,under influence drugs/alcohol,genuine remorse,,,grievous bodily harm,,,
3,,,,,grievous bodily harm,,,
3,,genuine remorse,,,grievous bodily harm,,,
3,,,,,grievous bodily harm,,,immediate custody
3,,,,,grievous bodily harm,,,immediate custody
3,,genuine remorse,,,grievous bodily harm,,,immediate custody
3,,,,,grievous bodily harm,,,
3,,,,,grievous bodily harm,,,
3,,genuine remorse,,,grievous bodily harm,,,immediate custody
3,,genuine remorse,,,grievous bodily harm,,,
3,under influence drugs/alcohol,,,,grievous bodily harm,,,immediate custody
3,,,,,grievous bodily harm,,,immediate custody
3,,,,,grievous bodily harm,,,immediate custody
3,,,,,grievous bodily harm,,,immediate custody
3,,,,,grievous bodily harm,,,immediate custody
3,,genuine remorse,,,grievous bodily harm,,,
3,,genuine remorse,,,grievous bodily harm,,,
3,,genuine remorse,,,grievous bodily harm,,,
3,under influence drugs/alcohol,,,,grievous bodily harm,,,immediate custody
3,,,,,grievous bodily harm,,,immediate custody
3,,genuine remorse,,,grievous bodily harm,,,immediate custody
3,,,,,grievous bodily harm,,,immediate custody
3,,,,,grievous bodily harm,,,
3,,,,,grievous bodily harm,,,
3,under influence drugs/alcohol,genuine remorse,,,grievous bodily harm,,,immediate custody
3,,,,,grievous bodily harm,,,immediate custody
3,,,,,grievous bodily harm,,,immediate custody
3,,,,,grievous bodily harm,,,immediate custody
3,,,,,grievous bodily harm,,,immediate custody
3,,,,,grievous bodily harm,,,immediate custody
3,,,,,grievous bodily harm,,,immediate custody
3,,,violent disorder,,,,,immediate custody
3,,,violent disorder,,,,,
3,,,violent disorder,,,,,immediate custody
3,,,violent disorder,,,,,immediate custody
3,,,violent disorder,,,,,immediate custody
3,,,violent disorder,,,,,immediate custody
6,,,,affray,,,,immediate custody
6,,,,affray,,,,
6,,,,affray,,,,
6,,,,affray,,,,
6,,,,,,,,immediate custody
6,under influence drugs/alcohol,genuine remorse,,,,,,
6,under influence drugs/alcohol,,,,,,,immediate custody
6,,,,,,,,
6,,genuine remorse,,,,,,immediate custody
6,,,,,,,,
6,,,,,,,,immediate custody
6,,genuine remorse,,,,,,immediate custody
6,under influence drugs/alcohol,,,,,,,
6,,,,,,,,immediate custody
6,under influence drugs/alcohol,genuine remorse,,,,,,
6,,,,,,,,
6,,genuine remorse,,,,,,
6,,genuine remorse,,,,,,
6,,,,,,,,immediate custody
6,,genuine remorse,,,,,,
6,,,,,,,,
6,under influence drugs/alcohol,genuine remorse,,,,,,
6,,,,,grievous bodily harm,,,
6,,,,,grievous bodily harm,,,
6,,,,,grievous bodily harm,,,immediate custody
6,,,,,grievous bodily harm,,,
6,,,,,grievous bodily harm,,,immediate custody
6,,,,,grievous bodily harm,,,
6,,,,,,grievous bodily harm with intent,,immediate custody
6,,,,,,grievous bodily harm with intent,,
6,under influence drugs/alcohol,genuine remorse,,,,grievous bodily harm with intent,,immediate custody
6,,,,,,grievous bodily harm with intent,,immediate custody
6,under influence drugs/alcohol,,,,,grievous bodily harm with intent,,immediate custody
6,,genuine remorse,,,,grievous bodily harm with intent,,immediate custody
6,,,,,,grievous bodily harm with intent,,immediate custody
6,,,,,,grievous bodily harm with intent,,immediate custody
6,,genuine remorse,,,,grievous bodily harm with intent,,immediate custody
6,,,,,,,common assault,
6,under influence drugs/alcohol,,,,,,common assault,
6,under influence drugs/alcohol,genuine remorse,,,,,common assault,
21,,,,,,,,immediate custody
21,,,,,,,,immediate custody
21,under influence drugs/alcohol,genuine remorse,,,,,,immediate custody
21,under influence drugs/alcohol,,,,,,,immediate custody
21,under influence drugs/alcohol,,,,,,,immediate custody
21,under influence drugs/alcohol,,,affray,,,,
21,,,,affray,,,,
21,,genuine remorse,,affray,,,,immediate custody
21,,,,,,,common assault,
21,under influence drugs/alcohol,genuine remorse,,,,,common assault,
21,under influence drugs/alcohol,,,,grievous bodily harm,,,immediate custody
21,under influence drugs/alcohol,,,,grievous bodily harm,,,
21,,,,,grievous bodily harm,,,immediate custody
8,,,,affray,,,,
8,,,,affray,,,,
8,,genuine remorse,,affray,,,,
8,,,,affray,,,,immediate custody
8,,,,affray,,,,immediate custody
8,,,,affray,,,,immediate custody
8,,,,affray,,,,
8,,,,affray,,,,
8,,,,affray,,,,
8,,,,,,,,immediate custody
8,,,,,,,,
8,,genuine remorse,,,,,,
8,,,,,,,,immediate custody
8,,,,,,,,
8,,genuine remorse,,,,,,immediate custody
8,,,,,,,,
8,,,,,,,,immediate custody
8,,genuine remorse,,,,,,
8,,,,,,,,
8,,genuine remorse,,,,,,
8,under influence drugs/alcohol,,,,,,,immediate custody
8,,,,,,,,
8,,genuine remorse,,,,,,
8,under influence drugs/alcohol,,,,,,,
8,,,,,,,,
8,,genuine remorse,,,,,,immediate custody
8,,,,,,,,
8,,genuine remorse,,,grievous bodily harm,,,immediate custody
8,under influence drugs/alcohol,genuine remorse,,,grievous bodily harm,,,
8,,,,,grievous bodily harm,,,immediate custody
8,,genuine remorse,,,grievous bodily harm,,,
8,,genuine remorse,,,grievous bodily harm,,,
8,,,,,grievous bodily harm,,,
8,under influence drugs/alcohol,,,,,grievous bodily harm with intent,,immediate custody
8,,,,,,grievous bodily harm with intent,,immediate custody
8,under influence drugs/alcohol,genuine remorse,,,,grievous bodily harm with intent,,immediate custody
8,,,,,,grievous bodily harm with intent,,immediate custody
8,,,,,,,common assault,
8,,,,,,,common assault,immediate custody
8,,,,,,,common assault,immediate custody
8,,,,,,,common assault,
8,,,violent disorder,,,,,immediate custody
8,,,violent disorder,,,,,
8,,,violent disorder,,,,,
8,,,violent disorder,,,,,immediate custody
8,,,violent disorder,,,,,
9,,,,affray,,,,immediate custody
9,,,,affray,,,,immediate custody
9,under influence drugs/alcohol,,,,,,,immediate custody
9,under influence drugs/alcohol,genuine remorse,,,,,,immediate custody
9,,genuine remorse,,,,,,
9,,,,,,,,
9,,,,,,,,
9,under influence drugs/alcohol,,,,,,,immediate custody
9,,,,,,,,immediate custody
9,,genuine remorse,,,,,,
9,,genuine remorse,,,,,,
9,under influence drugs/alcohol,,,,,,,
9,,,,affray,,,,immediate custody
9,,,,,,,common assault,immediate custody
9,,,,,,,common assault,immediate custody
9,,,,,,grievous bodily harm with intent,,immediate custody
9,,genuine remorse,,,grievous bodily harm,,,
9,,,,,grievous bodily harm,,,immediate custody
9,,,,,,grievous bodily harm with intent,,immediate custody
9,,genuine remorse,,,grievous bodily harm,,,
10,,,,affray,,,,
10,,,,affray,,,,
10,under influence drugs/alcohol,,,affray,,,,
10,,,,affray,,,,
10,,,,affray,,,,
10,under influence drugs/alcohol,genuine remorse,,affray,,,,
10,under influence drugs/alcohol,,,affray,,,,
10,,,,affray,,,,
10,,genuine remorse,,affray,,,,
10,under influence drugs/alcohol,genuine remorse,,,,,,
10,,,,,,,,immediate custody
10,under influence drugs/alcohol,,,,,,,immediate custody
10,,genuine remorse,,,,,,
10,,,,,,,,immediate custody
10,,,,,,,,immediate custody
10,,genuine remorse,,,,,,immediate custody
10,,,,,,,,immediate custody
10,,genuine remorse,,,,,,
10,,,,,,,,
10,,,,,,,,immediate custody
10,,,,,,,,immediate custody
10,,,,,,,,
10,,,,,,,,immediate custody
10,,,,,,,,immediate custody
10,,,,,,,,
10,,,,,,,,immediate custody
10,under influence drugs/alcohol,genuine remorse,,,grievous bodily harm,,,immediate custody
10,under influence drugs/alcohol,,,,grievous bodily harm,,,immediate custody
10,,genuine remorse,,,grievous bodily harm,,,
10,,,,,,grievous bodily harm with intent,,immediate custody
10,under influence drugs/alcohol,,,,,grievous bodily harm with intent,,immediate custody
10,,genuine remorse,,,,grievous bodily harm with intent,,
10,,,,,,grievous bodily harm with intent,,immediate custody
10,,,,,,grievous bodily harm with intent,,immediate custody
10,,,,,,grievous bodily harm with intent,,immediate custody
10,,genuine remorse,,,,,common assault,
10,,genuine remorse,,,,,common assault,
12,,,,,,,,
12,,,,,,,,
12,,,,,,,,
12,,genuine remorse,,,,,,
12,under influence drugs/alcohol,genuine remorse,,,,,,
12,under influence drugs/alcohol,genuine remorse,,,,,,
12,under influence drugs/alcohol,genuine remorse,,,,,,
12,under influence drugs/alcohol,genuine remorse,,,,,,
12,under influence drugs/alcohol,genuine remorse,,,,,,immediate custody
12,under influence drugs/alcohol,genuine remorse,,,,,,immediate custody
12,,,,,,,,
12,,,,,,,,immediate custody
12,under influence drugs/alcohol,genuine remorse,,,,,,
12,under influence drugs/alcohol,,,,,,,immediate custody
12,,genuine remorse,,,,,,
12,,genuine remorse,,,,,,
12,under influence drugs/alcohol,genuine remorse,,,,,,immediate custody
12,under influence drugs/alcohol,genuine remorse,,,,,,immediate custody
12,,,,,,,,
12,under influence drugs/alcohol,,,,,,,immediate custody
12,under influence drugs/alcohol,genuine remorse,,,,,,immediate custody
12,,genuine remorse,,,,,,immediate custody
12,,genuine remorse,,,,,,immediate custody
12,,genuine remorse,,,,,,immediate custody
12,under influence drugs/alcohol,genuine remorse,,,,,,
12,under influence drugs/alcohol,,,,,,,immediate custody
12,under influence drugs/alcohol,,,,,,,immediate custody
12,,,,,,,,
12,,genuine remorse,,,,,,
12,under influence drugs/alcohol,genuine remorse,,,,,,
12,,,,,,,,immediate custody
12,,,,,,,,
12,,,,,,,,immediate custody
12,under influence drugs/alcohol,genuine remorse,,,,,,
12,under influence drugs/alcohol,genuine remorse,,,,,,
12,,genuine remorse,,,,,,immediate custody
12,under influence drugs/alcohol,,,,,,,
12,,,,,,,,
12,,,,,,,,
12,under influence drugs/alcohol,genuine remorse,,,,,,
12,,genuine remorse,,,,,,
12,,,,,,,,immediate custody
12,under influence drugs/alcohol,genuine remorse,,affray,,,,
12,under influence drugs/alcohol,genuine remorse,,affray,,,,
12,under influence drugs/alcohol,,,affray,,,,
12,under influence drugs/alcohol,genuine remorse,,affray,,,,
12,,,,affray,,,,
12,,,,affray,,,,immediate custody
12,,,,affray,,,,immediate custody
12,,,,affray,,,,
12,under influence drugs/alcohol,genuine remorse,,affray,,,,immediate custody
12,under influence drugs/alcohol,,,affray,,,,immediate custody
12,under influence drugs/alcohol,genuine remorse,,affray,,,,
12,,,,affray,,,,immediate custody
12,,,,affray,,,,
12,,,,,,,common assault,
12,,,,,,,common assault,
12,under influence drugs/alcohol,,,,,,common assault,immediate custody
12,,,,,,,common assault,
12,,genuine remorse,,,,,common assault,
12,under influence drugs/alcohol,,,,,grievous bodily harm with intent,,immediate custody
12,under influence drugs/alcohol,genuine remorse,,,,grievous bodily harm with intent,,immediate custody
12,,genuine remorse,,,,grievous bodily harm with intent,,immediate custody
12,,genuine remorse,,,,grievous bodily harm with intent,,immediate custody
12,under influence drugs/alcohol,genuine remorse,,,,grievous bodily harm with intent,,immediate custody
12,,genuine remorse,,,,grievous bodily harm with intent,,immediate custody
12,,,,,,grievous bodily harm with intent,,immediate custody
12,,,,,,grievous bodily harm with intent,,immediate custody
12,under influence drugs/alcohol,genuine remorse,,,,grievous bodily harm with intent,,immediate custody
12,,genuine remorse,,,,grievous bodily harm with intent,,immediate custody
12,under influence drugs/alcohol,,,,,grievous bodily harm with intent,,immediate custody
12,under influence drugs/alcohol,,,,,grievous bodily harm with intent,,immediate custody
12,under influence drugs/alcohol,,,,,grievous bodily harm with intent,,immediate custody
12,under influence drugs/alcohol,genuine remorse,,,grievous bodily harm,,,
12,under influence drugs/alcohol,,,,,grievous bodily harm with intent,,immediate custody
12,under influence drugs/alcohol,,,,,grievous bodily harm with intent,,immediate custody
12,,,,,,grievous bodily harm with intent,,immediate custody
12,under influence drugs/alcohol,,,,,grievous bodily harm with intent,,immediate custody
12,,,,,grievous bodily harm,,,immediate custody
12,,,,,grievous bodily harm,,,immediate custody
12,under influence drugs/alcohol,genuine remorse,,,grievous bodily harm,,,
12,under influence drugs/alcohol,,,,grievous bodily harm,,,
12,,genuine remorse,,,grievous bodily harm,,,
12,under influence drugs/alcohol,genuine remorse,,,grievous bodily harm,,,immediate custody
12,under influence drugs/alcohol,,,,grievous bodily harm,,,immediate custody
12,under influence drugs/alcohol,genuine remorse,,,grievous bodily harm,,,immediate custody
12,,,,,grievous bodily harm,,,immediate custody
12,,genuine remorse,,,grievous bodily harm,,,immediate custody
12,under influence drugs/alcohol,genuine remorse,,,grievous bodily harm,,,
12,under influence drugs/alcohol,genuine remorse,,,grievous bodily harm,,,immediate custody
12,under influence drugs/alcohol,genuine remorse,,,grievous bodily harm,,,immediate custody
12,,,,,grievous bodily harm,,,immediate custody
12,,,,,grievous bodily harm,,,immediate custody
12,,genuine remorse,,,grievous bodily harm,,,
12,,,,,grievous bodily harm,,,immediate custody
12,,genuine remorse,,,grievous bodily harm,,,immediate custody
12,,,,,grievous bodily harm,,,
12,under influence drugs/alcohol,,,,grievous bodily harm,,,immediate custody
12,under influence drugs/alcohol,genuine remorse,,,grievous bodily harm,,,immediate custody
12,,,,,grievous bodily harm,,,immediate custody
12,under influence drugs/alcohol,genuine remorse,,,grievous bodily harm,,,
12,under influence drugs/alcohol,,,,grievous bodily harm,,,
12,,genuine remorse,,,grievous bodily harm,,,
12,under influence drugs/alcohol,,,,grievous bodily harm,,,immediate custody
12,,,,,grievous bodily harm,,,immediate custody
12,under influence drugs/alcohol,,,,grievous bodily harm,,,immediate custody
12,under influence drugs/alcohol,genuine remorse,,,grievous bodily harm,,,immediate custody
12,,,,,grievous bodily harm,,,immediate custody
12,,,violent disorder,,,,,immediate custody
12,,,violent disorder,,,,,immediate custody
12,,,violent disorder,,,,,immediate custody
13,under influence drugs/alcohol,,,affray,,,,immediate custody
13,under influence drugs/alcohol,,,affray,,,,immediate custody
13,under influence drugs/alcohol,,,affray,,,,immediate custody
13,under influence drugs/alcohol,genuine remorse,,affray,,,,
13,under influence drugs/alcohol,,,affray,,,,
13,under influence drugs/alcohol,,,affray,,,,immediate custody
13,under influence drugs/alcohol,,,affray,,,,
13,under influence drugs/alcohol,,,affray,,,,
13,under influence drugs/alcohol,,,affray,,,,
13,,,,affray,,,,
13,under influence drugs/alcohol,,,affray,,,,
13,,genuine remorse,,affray,,,,
13,,genuine remorse,,affray,,,,
13,under influence drugs/alcohol,,,,,,,
13,,,,,,,,
13,under influence drugs/alcohol,genuine remorse,,,,,,
13,under influence drugs/alcohol,,,,,,,
13,,,,,,,,
13,,genuine remorse,,,,,,
13,under influence drugs/alcohol,,,,,,,
13,under influence drugs/alcohol,,,,,,,
13,,genuine remorse,,,,,,
13,,,,,,,,
13,,,,,,,,
13,,,,,,,,
13,,,,,,,,immediate custody
13,under influence drugs/alcohol,,,,,,,immediate custody
13,under influence drugs/alcohol,,,,,,,immediate custody
13,,,,,,,,immediate custody
13,,,,,,,,immediate custody
13,under influence drugs/alcohol,,,,,,,immediate custody
13,,genuine remorse,,,,,,
13,under influence drugs/alcohol,,,,,,,
13,,genuine remorse,,,,,,
13,,,,,,,,
13,,,,,,,,
13,,,,,,,,immediate custody
13,under influence drugs/alcohol,,,,,,,immediate custody
13,,genuine remorse,,,,,,immediate custody
13,under influence drugs/alcohol,genuine remorse,,,,,,
13,,,,,,,,
13,,,,,,,,
13,under influence drugs/alcohol,,,,,,,
13,,,,,,,,
13,,,,,grievous bodily harm,,,immediate custody
13,under influence drugs/alcohol,genuine remorse,,,grievous bodily harm,,,
13,under influence drugs/alcohol,,,,grievous bodily harm,,,immediate custody
13,,,,,grievous bodily harm,,,immediate custody
13,,,,,grievous bodily harm,,,
13,under influence drugs/alcohol,,,,grievous bodily harm,,,
13,,,,,grievous bodily harm,,,immediate custody
13,under influence drugs/alcohol,,,,grievous bodily harm,,,immediate custody
13,under influence drugs/alcohol,,,,grievous bodily harm,,,
13,under influence drugs/alcohol,,,,grievous bodily harm,,,immediate custody
13,,genuine remorse,,,grievous bodily harm,,,
13,,,,,grievous bodily harm,,,
13,,,,,grievous bodily harm,,,immediate custody
13,,genuine remorse,,,grievous bodily harm,,,
13,under influence drugs/alcohol,,,,,grievous bodily harm with intent,,immediate custody
13,under influence drugs/alcohol,,,,,grievous bodily harm with intent,,immediate custody
13,,,,,grievous bodily harm,,,immediate custody
13,under influence drugs/alcohol,genuine remorse,,,,grievous bodily harm with intent,,immediate custody
13,,,,,,,common assault,
13,,,,,,,common assault,
13,,,,,,,common assault,immediate custody
13,,,,,,,common assault,
13,,,,,,,common assault,
13,,,,,,,common assault,
13,under influence drugs/alcohol,genuine remorse,,,,,common assault,
NA,,,,,,,,
NA,,,,,,,,
NA,under influence drugs/alcohol,genuine remorse,,affray,,,,
NA,under influence drugs/alcohol,,,affray,,,,immediate custody
NA,,,,,,,common assault,
NA,,,,,grievous bodily harm,,,immediate custody
NA,,,,,grievous bodily harm,,,immediate custody
14,,,,affray,,,,
14,,,,affray,,,,
14,,,,affray,,,,immediate custody
14,,,,affray,,,,immediate custody
14,,,,affray,,,,immediate custody
14,,,,affray,,,,
14,,,,affray,,,,
14,,,,affray,,,,immediate custody
14,,,,affray,,,,
14,,genuine remorse,,,,,,
14,under influence drugs/alcohol,,,,,,,
14,,genuine remorse,,,,,,
14,,,,,,,,
14,,,,,,,,
14,,,,,,,,immediate custody
14,,genuine remorse,,,,,,
14,,genuine remorse,,,,,,
14,under influence drugs/alcohol,genuine remorse,,,,,,
14,under influence drugs/alcohol,,,,,,,immediate custody
14,,,,,,,,
14,,,,,,,,
14,,,,,,,,immediate custody
14,,,,,,,,immediate custody
14,under influence drugs/alcohol,,,,,,,
14,,,,,,,,immediate custody
14,,,,,,,,immediate custody
14,,,,,,,,
14,,,,,,,,
14,under influence drugs/alcohol,,,,,,,immediate custody
14,,,,,,,,
14,,genuine remorse,,,,,,immediate custody
14,under influence drugs/alcohol,,,,,,,immediate custody
14,under influence drugs/alcohol,,,,,,,
14,,genuine remorse,,,,,,
14,,genuine remorse,,,,,,immediate custody
14,,,,,,,,
14,,genuine remorse,,,grievous bodily harm,,,immediate custody
14,under influence drugs/alcohol,genuine remorse,,,grievous bodily harm,,,immediate custody
14,under influence drugs/alcohol,genuine remorse,,,grievous bodily harm,,,immediate custody
14,under influence drugs/alcohol,,,,,grievous bodily harm with intent,,immediate custody
14,,genuine remorse,,,grievous bodily harm,,,
14,,genuine remorse,,,grievous bodily harm,,,immediate custody
14,under influence drugs/alcohol,,,,,grievous bodily harm with intent,,immediate custody
14,,,,,,grievous bodily harm with intent,,immediate custody
14,under influence drugs/alcohol,,,,,grievous bodily harm with intent,,immediate custody
14,,,,,,,common assault,
14,under influence drugs/alcohol,,,,,,common assault,
14,,,,,,,common assault,
15,,,,,,,,immediate custody
15,,,,,,,,immediate custody
15,under influence drugs/alcohol,,,,,,,immediate custody
15,,,,,,,,immediate custody
15,,,,,,,,
15,,genuine remorse,,,,,,
15,under influence drugs/alcohol,,,,,,,immediate custody
15,under influence drugs/alcohol,,,,,,,immediate custody
15,under influence drugs/alcohol,,,,,,,immediate custody
15,,,,,,,,
15,,genuine remorse,,,,,,
15,,genuine remorse,,,,,,immediate custody
15,,,,,,,,immediate custody
15,,,,,,,,immediate custody
15,,,,,,,,immediate custody
15,,,,,,,,immediate custody
15,,genuine remorse,,,,,common assault,immediate custody
15,,,,,,grievous bodily harm with intent,,immediate custody
15,,,,,grievous bodily harm,,,immediate custody
15,,,,,grievous bodily harm,,,immediate custody
15,under influence drugs/alcohol,,,,grievous bodily harm,,,immediate custody
15,,genuine remorse,,,grievous bodily harm,,,immediate custody
15,under influence drugs/alcohol,genuine remorse,,,grievous bodily harm,,,immediate custody
15,under influence drugs/alcohol,genuine remorse,,,grievous bodily harm,,,immediate custody
16,under influence drugs/alcohol,,,affray,,,,immediate custody
16,under influence drugs/alcohol,,,,,,,immediate custody
16,,,,,,,,immediate custody
16,,,,,,,,immediate custody
16,,,,,,,,immediate custody
16,,genuine remorse,,,grievous bodily harm,,,immediate custody
16,under influence drugs/alcohol,genuine remorse,,,grievous bodily harm,,,immediate custody
16,,,,,grievous bodily harm,,,
16,,,,,grievous bodily harm,,,
16,,,,,,,common assault,
16,,,,,,,common assault,
17,under influence drugs/alcohol,genuine remorse,,,,,,
17,under influence drugs/alcohol,,,,,,,immediate custody
17,under influence drugs/alcohol,,,,,,,
17,under influence drugs/alcohol,genuine remorse,,,,,,
17,,,,,,,,
17,,,,,,,,
17,under influence drugs/alcohol,genuine remorse,,,,,,
17,,,,,,,,
17,,,,,,,,immediate custody
17,under influence drugs/alcohol,,,,,,,immediate custody
17,,,,,,,,
17,,genuine remorse,,,,,,
17,,genuine remorse,,affray,,,,
17,,genuine remorse,,affray,,,,
17,,genuine remorse,,affray,,,,
17,,,,affray,,,,immediate custody
17,,,,affray,,,,
17,,,,affray,,,,
17,,,,affray,,,,
17,,,,affray,,,,
17,,genuine remorse,,affray,,,,
17,under influence drugs/alcohol,,,affray,,,,
17,,,,affray,,,,
17,under influence drugs/alcohol,genuine remorse,,affray,,,,immediate custody
17,,genuine remorse,,,,,common assault,
17,under influence drugs/alcohol,genuine remorse,,,,grievous bodily harm with intent,,immediate custody
17,,genuine remorse,,,,grievous bodily harm with intent,,immediate custody
17,,,,,grievous bodily harm,,,immediate custody
17,,,,,grievous bodily harm,,,immediate custody
17,,genuine remorse,,,,grievous bodily harm with intent,,immediate custody
17,,,,,grievous bodily harm,,,immediate custody
17,,genuine remorse,violent disorder,,,,,immediate custody
17,,,violent disorder,,,,,immediate custody
17,,,violent disorder,,,,,immediate custody
17,,,violent disorder,,,,,immediate custody
18,,,,,,,,immediate custody
18,,,,,,,,immediate custody
18,,,,,,,,
18,,,,,,,,immediate custody
18,,genuine remorse,,affray,,,,
18,,,,,grievous bodily harm,,,
18,,genuine remorse,,,grievous bodily harm,,,immediate custody
18,,,,,,grievous bodily harm with intent,,immediate custody
18,,,,,,,common assault,
18,,,,,,,common assault,
18,,,,,,,common assault,
18,,,,,,,common assault,immediate custody
18,,,,,,,common assault,
19,,,,,,,,immediate custody
19,under influence drugs/alcohol,,,,,,,immediate custody
19,,,,,,,,immediate custody
19,under influence drugs/alcohol,,,,,,,
19,,,,,,,,immediate custody
19,under influence drugs/alcohol,genuine remorse,,,,,,
19,,,,,,,,
19,,,,,,,,immediate custody
19,,,,,,,,
19,under influence drugs/alcohol,genuine remorse,,,,,,
19,,,,,,,,immediate custody
19,,,,,,,,immediate custody
19,under influence drugs/alcohol,,,,,,,
19,,genuine remorse,,,,,,
19,,,,,,,,immediate custody
19,under influence drugs/alcohol,,,,,,,
19,under influence drugs/alcohol,,,,,,,immediate custody
19,,genuine remorse,,,,,,immediate custody
19,,,,,,,,immediate custody
19,,,,,,,,immediate custody
19,,,,,,,,immediate custody
19,under influence drugs/alcohol,,,,,,,
19,under influence drugs/alcohol,,,,,,,
19,,genuine remorse,,,,,,
19,,genuine remorse,,,,,,immediate custody
19,,,,,,,,immediate custody
19,,,,,,,,
19,,,,,,,,immediate custody
19,,,,,,,,immediate custody
19,,,,,,,,
19,,genuine remorse,,,,,,
19,,genuine remorse,,,,,,immediate custody
19,,,,,,,,immediate custody
19,,genuine remorse,,,,,,
19,,,,,,,,immediate custody
19,,,,,,,,immediate custody
19,,,,,,,,immediate custody
19,,genuine remorse,,,,,,
19,,,,,,,,immediate custody
19,under influence drugs/alcohol,genuine remorse,,,,,,
19,under influence drugs/alcohol,genuine remorse,,,,,,immediate custody
19,,,,affray,,,,
19,,,,affray,,,,
19,under influence drugs/alcohol,genuine remorse,,affray,,,,immediate custody
19,,,,affray,,,,
19,under influence drugs/alcohol,,,affray,,,,
19,,,,affray,,,,immediate custody
19,,,,affray,,,,
19,under influence drugs/alcohol,,,affray,,,,immediate custody
19,under influence drugs/alcohol,genuine remorse,,affray,,,,immediate custody
19,,,,affray,,,,immediate custody
19,,,,affray,,,,
19,,,,affray,,,,
19,,genuine remorse,,affray,,,,immediate custody
19,,genuine remorse,,affray,,,,
19,,,,,,,common assault,
19,,genuine remorse,,,,,common assault,
19,,,,,,,common assault,
19,,,,,,,common assault,
19,,genuine remorse,,,,,common assault,
19,under influence drugs/alcohol,,,,,grievous bodily harm with intent,,immediate custody
19,,,,,,grievous bodily harm with intent,,immediate custody
19,under influence drugs/alcohol,,,,,grievous bodily harm with intent,,immediate custody
19,,,,,grievous bodily harm,,,immediate custody
19,under influence drugs/alcohol,,,,grievous bodily harm,,,immediate custody
19,,,,,grievous bodily harm,,,immediate custody
19,,,,,,grievous bodily harm with intent,,immediate custody
19,under influence drugs/alcohol,,,,,grievous bodily harm with intent,,immediate custody
19,,,,,,grievous bodily harm with intent,,immediate custody
19,under influence drugs/alcohol,,,,,grievous bodily harm with intent,,immediate custody
19,,genuine remorse,,,,grievous bodily harm with intent,,immediate custody
19,,genuine remorse,,,,grievous bodily harm with intent,,immediate custody
19,,,,,,grievous bodily harm with intent,,immediate custody
19,,genuine remorse,,,grievous bodily harm,,,
19,,,,,grievous bodily harm,,,immediate custody
19,under influence drugs/alcohol,,,,grievous bodily harm,,,immediate custody
19,,,,,grievous bodily harm,,,
19,,genuine remorse,,,grievous bodily harm,,,
19,under influence drugs/alcohol,,,,grievous bodily harm,,,immediate custody
19,,,,,grievous bodily harm,,,immediate custody
19,,genuine remorse,,,grievous bodily harm,,,
19,under influence drugs/alcohol,,,,grievous bodily harm,,,immediate custody
19,,genuine remorse,,,grievous bodily harm,,,immediate custody
19,,,,,grievous bodily harm,,,immediate custody
19,under influence drugs/alcohol,,,,grievous bodily harm,,,immediate custody
20,,,,affray,,,,
20,,,,affray,,,,immediate custody
20,,,,affray,,,,
20,,,,,,,,immediate custody
20,under influence drugs/alcohol,,,,,,,
20,,,,,,,,
20,,genuine remorse,,,,,,immediate custody
20,,,,,,,,immediate custody
20,,,,,,,,immediate custody
20,,,,,grievous bodily harm,,,immediate custody
20,under influence drugs/alcohol,,,,,grievous bodily harm with intent,,immediate custody
20,,,,,,grievous bodily harm with intent,,immediate custody
20,under influence drugs/alcohol,,,,,,common assault,immediate custody
69,under influence drugs/alcohol,,,,,,common assault,immediate custody
69,,,,,,,common assault,
69,,,,,,,common assault,
69,under influence drugs/alcohol,,,,,,,immediate custody
69,,,,,,,,immediate custody
69,,,,,,,,immediate custody
69,,genuine remorse,,,,,,
69,,genuine remorse,,,,,,
69,,,,,,,,
69,,,,,,,,immediate custody
69,,,,,,,,immediate custody
69,,genuine remorse,,,,,,
69,under influence drugs/alcohol,genuine remorse,,,,,,immediate custody
69,,genuine remorse,,,,,,
69,,,,,,,,
69,under influence drugs/alcohol,,,,,,,immediate custody
69,under influence drugs/alcohol,,,,,,,immediate custody
69,,genuine remorse,,,,,,
69,,genuine remorse,,,,,,
69,,genuine remorse,,,,,,
69,,,,,,,,
69,under influence drugs/alcohol,,,,,,,
69,,genuine remorse,,,,,,
69,,,,,,,,immediate custody
69,under influence drugs/alcohol,,,,,,,immediate custody
69,,,,,,,,
69,,genuine remorse,,,,,,
69,,,,,,,,
69,,genuine remorse,,,,,,
69,,genuine remorse,,,,,,
69,,genuine remorse,,,,,,
69,under influence drugs/alcohol,,,,,,,immediate custody
69,,genuine remorse,,,,,,
69,,genuine remorse,,,,,,
69,,,,,,,,immediate custody
69,,genuine remorse,,,,,,
69,,,,,,,,
69,,,,,,,,
69,,genuine remorse,,,,,,
69,,genuine remorse,,,,,,immediate custody
69,,,,,,,,immediate custody
69,,genuine remorse,,,,,,
69,,,,,,,,
69,under influence drugs/alcohol,,,,,,,immediate custody
69,,,,,,,,
69,under influence drugs/alcohol,genuine remorse,,,,,,immediate custody
69,,,,,,,,
69,under influence drugs/alcohol,,,,,,,immediate custody
69,,,,,,,,
69,,,,,,,,immediate custody
69,under influence drugs/alcohol,genuine remorse,,,,,,immediate custody
69,,genuine remorse,,,,,,
69,,genuine remorse,,,,,,
69,under influence drugs/alcohol,genuine remorse,,,,,,
69,,,,,,,,
69,under influence drugs/alcohol,,,,,,,immediate custody
69,under influence drugs/alcohol,genuine remorse,,,,,,
69,under influence drugs/alcohol,,,,,,,immediate custody
69,,genuine remorse,,,,,,
69,,,,,,,,
69,,genuine remorse,,,,,,
69,,,,,,,,
69,under influence drugs/alcohol,,,,,,,immediate custody
69,,genuine remorse,,affray,,,,
69,,,,affray,,,,immediate custody
69,,genuine remorse,,affray,,,,
69,,,,affray,,,,immediate custody
69,,,,affray,,,,
69,,,,affray,,,,
69,,,,affray,,,,immediate custody
69,,,,affray,,,,immediate custody
69,,,,affray,,,,immediate custody
69,under influence drugs/alcohol,,,affray,,,,immediate custody
69,,genuine remorse,,affray,,,,
69,under influence drugs/alcohol,,,affray,,,,immediate custody
69,,genuine remorse,,affray,,,,
69,,,,affray,,,,immediate custody
69,,,,affray,,,,immediate custody
69,under influence drugs/alcohol,genuine remorse,,affray,,,,
69,,,,affray,,,,immediate custody
69,,,,affray,,,,
69,,,,affray,,,,
69,under influence drugs/alcohol,,,affray,,,,
69,,,,affray,,,,immediate custody
69,,genuine remorse,,,,,common assault,
69,,genuine remorse,,,,,common assault,immediate custody
69,,genuine remorse,,,,,common assault,
69,,,,,,,common assault,immediate custody
69,,genuine remorse,,,,,common assault,
69,under influence drugs/alcohol,,,,,,common assault,
69,,genuine remorse,,,,grievous bodily harm with intent,,immediate custody
69,,,,,,grievous bodily harm with intent,,immediate custody
69,,,,,,grievous bodily harm with intent,,immediate custody
69,,genuine remorse,,,,grievous bodily harm with intent,,immediate custody
69,,,,,,grievous bodily harm with intent,,immediate custody
69,under influence drugs/alcohol,genuine remorse,,,,grievous bodily harm with intent,,immediate custody
69,,genuine remorse,,,,grievous bodily harm with intent,,immediate custody
69,under influence drugs/alcohol,,,,grievous bodily harm,,,immediate custody
69,under influence drugs/alcohol,genuine remorse,,,grievous bodily harm,,,
69,,,,,grievous bodily harm,,,immediate custody
69,,genuine remorse,,,grievous bodily harm,,,immediate custody
69,under influence drugs/alcohol,,,,grievous bodily harm,,,immediate custody
69,,genuine remorse,,,grievous bodily harm,,,
69,under influence drugs/alcohol,,,,grievous bodily harm,,,immediate custody
69,,genuine remorse,,,grievous bodily harm,,,
69,,,,,grievous bodily harm,,,immediate custody
69,under influence drugs/alcohol,,,,grievous bodily harm,,,immediate custody
69,under influence drugs/alcohol,genuine remorse,,,grievous bodily harm,,,immediate custody
69,,genuine remorse,,,grievous bodily harm,,,
69,under influence drugs/alcohol,,,,grievous bodily harm,,,
69,,genuine remorse,,,grievous bodily harm,,,
69,,,,,grievous bodily harm,,,immediate custody
69,,,,,grievous bodily harm,,,immediate custody
69,,,,,grievous bodily harm,,,immediate custody
69,,,,,grievous bodily harm,,,immediate custody
69,under influence drugs/alcohol,,,,grievous bodily harm,,,immediate custody
69,,,,,grievous bodily harm,,,immediate custody
69,,,,,grievous bodily harm,,,
69,under influence drugs/alcohol,,,,grievous bodily harm,,,immediate custody
22,,,,affray,,,,immediate custody
22,,genuine remorse,,affray,,,,
22,,,,affray,,,,
22,,,,affray,,,,immediate custody
22,,,,affray,,,,immediate custody
22,,,,affray,,,,
22,,,,affray,,,,
22,,,,affray,,,,
22,under influence drugs/alcohol,genuine remorse,,affray,,,,immediate custody
22,,,,affray,,,,
22,,,,affray,,,,immediate custody
22,,genuine remorse,,affray,,,,
22,under influence drugs/alcohol,,,affray,,,,
22,,,,,,,,
22,,,,,,,,
22,,,,,,,,
22,,,,,,,,
22,under influence drugs/alcohol,,,,grievous bodily harm,,,immediate custody
22,under influence drugs/alcohol,genuine remorse,,,grievous bodily harm,,,immediate custody
22,,genuine remorse,,,grievous bodily harm,,,
22,,genuine remorse,,,grievous bodily harm,,,immediate custody
22,,,,,grievous bodily harm,,,
22,,,,,,grievous bodily harm with intent,,immediate custody
22,,,,,,grievous bodily harm with intent,,immediate custody
22,,,,,,grievous bodily harm with intent,,immediate custody
22,under influence drugs/alcohol,,,,,grievous bodily harm with intent,,immediate custody
22,,,,,,grievous bodily harm with intent,,immediate custody
22,under influence drugs/alcohol,,,,,,common assault,
23,,,,,,,,immediate custody
23,,genuine remorse,,,,,,
23,,,,,,,,
23,,genuine remorse,,,,,,
23,,,,,,,,immediate custody
23,,,,,,,,
23,,genuine remorse,,,,,,immediate custody
23,,genuine remorse,,,,,,
23,,,,,,,,
23,,,,,,,,
23,,,,,,,,immediate custody
23,,,,,,,,
23,under influence drugs/alcohol,,,,,,,immediate custody
23,,,,,,,,immediate custody
23,,,,,,,,
23,,genuine remorse,,,,,,
23,under influence drugs/alcohol,,,,,,,immediate custody
23,,,,,,,,
23,,,,,,,,
23,,,,affray,,,,immediate custody
23,,,,affray,,,,immediate custody
23,under influence drugs/alcohol,genuine remorse,,affray,,,,immediate custody
23,,,,affray,,,,immediate custody
23,,,,affray,,,,
23,under influence drugs/alcohol,,,affray,,,,
23,,,,affray,,,,
23,,,,affray,,,,immediate custody
23,,,,affray,,,,
23,under influence drugs/alcohol,,,affray,,,,
23,under influence drugs/alcohol,,,affray,,,,
23,,genuine remorse,,affray,,,,immediate custody
23,,genuine remorse,,,,,common assault,
23,under influence drugs/alcohol,genuine remorse,,,,,common assault,
23,,,,,,,common assault,immediate custody
23,,,,,,,common assault,
23,,genuine remorse,,,,,common assault,
23,,genuine remorse,,,,grievous bodily harm with intent,,immediate custody
23,under influence drugs/alcohol,,,,,grievous bodily harm with intent,,immediate custody
23,,,,,,grievous bodily harm with intent,,immediate custody
23,,,,,,grievous bodily harm with intent,,immediate custody
23,,genuine remorse,,,grievous bodily harm,,,
23,,genuine remorse,,,grievous bodily harm,,,immediate custody
23,,,,,grievous bodily harm,,,immediate custody
23,,genuine remorse,,,,grievous bodily harm with intent,,immediate custody
23,,genuine remorse,,,,grievous bodily harm with intent,,immediate custody
23,,,,,grievous bodily harm,,,immediate custody
23,,genuine remorse,,,grievous bodily harm,,,immediate custody
23,,genuine remorse,,,grievous bodily harm,,,
23,under influence drugs/alcohol,genuine remorse,,,grievous bodily harm,,,immediate custody
23,,,,,grievous bodily harm,,,immediate custody
23,,genuine remorse,,,grievous bodily harm,,,
24,under influence drugs/alcohol,,,,,,,immediate custody
24,under influence drugs/alcohol,,,,,,,immediate custody
24,,,,,,,,immediate custody
24,,,,,,grievous bodily harm with intent,,immediate custody
25,,genuine remorse,,,,,,immediate custody
25,under influence drugs/alcohol,,,,,,,
25,,,,,,,,immediate custody
25,,,,,,,,immediate custody
25,under influence drugs/alcohol,genuine remorse,,,,,,immediate custody
25,under influence drugs/alcohol,,,,,,,immediate custody
25,,genuine remorse,,,,,,
25,,,,,,,,immediate custody
25,,genuine remorse,,,,,,
25,,,,,,,,
25,,,,,,,,
25,under influence drugs/alcohol,genuine remorse,,,,,,
25,,,,,,,,immediate custody
25,,,,,,,,immediate custody
25,,genuine remorse,,,,,,
25,,genuine remorse,,,,,,
25,,genuine remorse,,,,,,
25,,,,,,,,immediate custody
25,under influence drugs/alcohol,,,,,,,
25,,genuine remorse,,,,,,
25,,genuine remorse,,,,,,
25,,genuine remorse,,affray,,,,
25,,,,affray,,,,
25,,,,affray,,,,
25,,,,affray,,,,
25,under influence drugs/alcohol,,,affray,,,,
25,,,,affray,,,,
25,under influence drugs/alcohol,,,affray,,,,
25,,,,affray,,,,immediate custody
25,under influence drugs/alcohol,,,affray,,,,
25,under influence drugs/alcohol,,,affray,,,,immediate custody
25,under influence drugs/alcohol,,,affray,,,,
25,under influence drugs/alcohol,genuine remorse,,affray,,,,
25,under influence drugs/alcohol,genuine remorse,,,,grievous bodily harm with intent,,immediate custody
25,,genuine remorse,,,grievous bodily harm,,,
25,under influence drugs/alcohol,genuine remorse,,,grievous bodily harm,,,
25,,,,,grievous bodily harm,,,immediate custody
25,under influence drugs/alcohol,genuine remorse,,,grievous bodily harm,,,immediate custody
25,,,,,grievous bodily harm,,,immediate custody
25,,,,,grievous bodily harm,,,immediate custody
25,,genuine remorse,,,grievous bodily harm,,,immediate custody
25,,genuine remorse,,,grievous bodily harm,,,
25,,,,,grievous bodily harm,,,immediate custody
25,,genuine remorse,,,grievous bodily harm,,,
25,,,,,grievous bodily harm,,,immediate custody
25,,,,,grievous bodily harm,,,immediate custody
25,under influence drugs/alcohol,,violent disorder,,,,,immediate custody
25,under influence drugs/alcohol,,violent disorder,,,,,immediate custody
25,under influence drugs/alcohol,,violent disorder,,,,,immediate custody
25,,,violent disorder,,,,,immediate custody
25,,,violent disorder,,,,,
25,under influence drugs/alcohol,,violent disorder,,,,,immediate custody
25,under influence drugs/alcohol,,violent disorder,,,,,immediate custody
25,,,violent disorder,,,,,
25,under influence drugs/alcohol,,violent disorder,,,,,immediate custody
29,,,,,,,,
29,,,,,,,,
29,under influence drugs/alcohol,,,,,,,immediate custody
29,,,,,,,,immediate custody
29,,,,,,,,
29,under influence drugs/alcohol,,,,,,,immediate custody
29,under influence drugs/alcohol,,,,,,,immediate custody
29,under influence drugs/alcohol,,,,,,,
29,under influence drugs/alcohol,,,,,,,immediate custody
29,under influence drugs/alcohol,,,,,,,
29,under influence drugs/alcohol,,,,grievous bodily harm,,,
29,,,,,grievous bodily harm,,,immediate custody
29,under influence drugs/alcohol,genuine remorse,,,grievous bodily harm,,,
29,,,,,grievous bodily harm,,,immediate custody
29,under influence drugs/alcohol,genuine remorse,,,grievous bodily harm,,,
29,under influence drugs/alcohol,genuine remorse,,,,grievous bodily harm with intent,,immediate custody
29,under influence drugs/alcohol,,,,,,common assault,
29,,genuine remorse,,,,,common assault,
31,,,,,,,,
31,under influence drugs/alcohol,,,,,,,
31,,genuine remorse,,,,,,immediate custody
31,under influence drugs/alcohol,genuine remorse,,,,,,
31,,,,,,,,
31,under influence drugs/alcohol,,,,,,,
31,,,,,,,,immediate custody
31,under influence drugs/alcohol,,,,,,,
31,under influence drugs/alcohol,genuine remorse,,,,,,
31,under influence drugs/alcohol,genuine remorse,,,,,,immediate custody
31,under influence drugs/alcohol,,,affray,,,,
31,,genuine remorse,,affray,,,,
31,under influence drugs/alcohol,genuine remorse,,affray,,,,
31,under influence drugs/alcohol,genuine remorse,,affray,,,,
31,under influence drugs/alcohol,genuine remorse,,affray,,,,
31,,,,affray,,,,immediate custody
31,,,,,,,common assault,immediate custody
31,,,,,,grievous bodily harm with intent,,immediate custody
31,,,,,,grievous bodily harm with intent,,immediate custody
31,under influence drugs/alcohol,genuine remorse,,,grievous bodily harm,,,immediate custody
31,,,,,grievous bodily harm,,,immediate custody
31,,,,,grievous bodily harm,,,immediate custody
31,under influence drugs/alcohol,genuine remorse,,,grievous bodily harm,,,immediate custody
31,under influence drugs/alcohol,genuine remorse,,,grievous bodily harm,,,immediate custody
31,,genuine remorse,violent disorder,,,,,
31,,genuine remorse,violent disorder,,,,,
31,under influence drugs/alcohol,genuine remorse,violent disorder,,,,,immediate custody
31,,genuine remorse,violent disorder,,,,,immediate custody
31,,,violent disorder,,,,,immediate custody
31,,,violent disorder,,,,,immediate custody
31,,,violent disorder,,,,,immediate custody
31,,,violent disorder,,,,,
31,,genuine remorse,violent disorder,,,,,immediate custody
4,,,,,,,,
32,under influence drugs/alcohol,,,affray,,,,immediate custody
32,,,,affray,,,,
32,,genuine remorse,,,,,,
32,,,,,,,,immediate custody
32,,,,,,,,
32,,,,,,,,
32,,genuine remorse,,,,,,
32,under influence drugs/alcohol,,,,,,,immediate custody
32,,,,,,,,
32,,,,,,,,immediate custody
32,,,,,,,,immediate custody
32,,genuine remorse,,,,,,immediate custody
32,,,,,,,,
32,,genuine remorse,,,,,,
32,,,,,,,,
32,,,,,,,,
32,,,,,,,,
32,under influence drugs/alcohol,,,,,,,immediate custody
32,,,,,,,,
32,,,,,,,,
32,,,,,,,,
32,,genuine remorse,,,,,,
32,,,,,,,,
32,,,,,,,,
32,,,,,,,,
32,,genuine remorse,,,,,,
32,,genuine remorse,,,,,,
32,,genuine remorse,,,,,,
32,under influence drugs/alcohol,,,,,,,
32,under influence drugs/alcohol,,,,,,,immediate custody
32,,,,,,,,
32,,,,,,,,
32,,,,,,,,
32,under influence drugs/alcohol,,,,,,,immediate custody
32,,,,,,,,
32,,genuine remorse,,,,,,immediate custody
32,,genuine remorse,,,,,,immediate custody
32,,genuine remorse,,,,,,
32,,,,,,,,
32,,genuine remorse,,,,,,
32,,,,,,,,immediate custody
32,under influence drugs/alcohol,,,,,,,immediate custody
32,under influence drugs/alcohol,,,,,,,
32,,,,,,,,immediate custody
32,under influence drugs/alcohol,,,,,,,immediate custody
32,,,,,,,,
32,,,,,,,,immediate custody
32,,,,,,,,immediate custody
32,under influence drugs/alcohol,,,,,,,
32,,genuine remorse,,,,,,
32,under influence drugs/alcohol,,,,,,,immediate custody
32,,genuine remorse,,,,,,
32,,,,,,,,immediate custody
32,,,,,,,,immediate custody
32,,genuine remorse,,,,,,immediate custody
32,,genuine remorse,,,,,,
32,,,,,,,,
32,,,,,,,,
32,under influence drugs/alcohol,,,affray,,,,immediate custody
32,under influence drugs/alcohol,genuine remorse,,affray,,,,
32,under influence drugs/alcohol,,,affray,,,,immediate custody
32,,genuine remorse,,affray,,,,
32,,genuine remorse,,affray,,,,
32,,genuine remorse,,affray,,,,
32,,,,affray,,,,
32,,,,affray,,,,immediate custody
32,,,,affray,,,,immediate custody
32,under influence drugs/alcohol,,,affray,,,,
32,under influence drugs/alcohol,genuine remorse,,affray,,,,
32,,genuine remorse,,affray,,,,
32,,,,affray,,,,
32,,,,affray,,,,immediate custody
32,,genuine remorse,,affray,,,,
32,under influence drugs/alcohol,,,affray,,,,
32,,,,affray,,,,
32,,genuine remorse,,affray,,,,
32,,genuine remorse,,affray,,,,
32,,genuine remorse,,affray,,,,
32,,,,affray,,,,immediate custody
32,,,,affray,,,,immediate custody
32,,,,affray,,,,
32,,,,affray,,,,
32,,genuine remorse,,affray,,,,
32,,genuine remorse,,affray,,,,
32,,genuine remorse,,,,,common assault,
32,,,,,,,common assault,immediate custody
32,,,,,,,common assault,
32,,,,,,,common assault,immediate custody
32,,,,,,,common assault,
32,,genuine remorse,,,,,common assault,
32,,,,,,,common assault,immediate custody
32,,,,,,,common assault,
32,,,,,,,common assault,
32,,genuine remorse,,,,,common assault,
32,,,,,,,common assault,immediate custody
32,,,,,,,common assault,immediate custody
32,,genuine remorse,,,,,common assault,
32,,,,,,grievous bodily harm with intent,,immediate custody
32,under influence drugs/alcohol,genuine remorse,,,,grievous bodily harm with intent,,immediate custody
32,under influence drugs/alcohol,genuine remorse,,,,grievous bodily harm with intent,,immediate custody
32,,,,,,grievous bodily harm with intent,,immediate custody
32,,,,,,grievous bodily harm with intent,,immediate custody
32,,genuine remorse,,,grievous bodily harm,,,
32,,,,,grievous bodily harm,,,immediate custody
32,under influence drugs/alcohol,,,,grievous bodily harm,,,
32,under influence drugs/alcohol,,,,,grievous bodily harm with intent,,immediate custody
32,,genuine remorse,,,,grievous bodily harm with intent,,immediate custody
32,under influence drugs/alcohol,,,,,grievous bodily harm with intent,,immediate custody
32,,,,,,grievous bodily harm with intent,,immediate custody
32,under influence drugs/alcohol,,,,,grievous bodily harm with intent,,immediate custody
32,under influence drugs/alcohol,genuine remorse,,,,grievous bodily harm with intent,,immediate custody
32,,genuine remorse,,,grievous bodily harm,,,
32,under influence drugs/alcohol,genuine remorse,,,,grievous bodily harm with intent,,immediate custody
32,under influence drugs/alcohol,genuine remorse,,,,grievous bodily harm with intent,,immediate custody
32,under influence drugs/alcohol,genuine remorse,,,grievous bodily harm,,,
32,under influence drugs/alcohol,,,,,grievous bodily harm with intent,,immediate custody
32,,,,,grievous bodily harm,,,immediate custody
32,,,,,grievous bodily harm,,,
32,,genuine remorse,,,grievous bodily harm,,,
32,,genuine remorse,,,grievous bodily harm,,,
32,under influence drugs/alcohol,,,,grievous bodily harm,,,immediate custody
32,,,,,grievous bodily harm,,,immediate custody
32,,,,,grievous bodily harm,,,immediate custody
32,,,,,grievous bodily harm,,,
32,under influence drugs/alcohol,genuine remorse,,,grievous bodily harm,,,
32,,,,,grievous bodily harm,,,
32,,,,,grievous bodily harm,,,immediate custody
32,under influence drugs/alcohol,genuine remorse,,,grievous bodily harm,,,immediate custody
32,,genuine remorse,,,grievous bodily harm,,,immediate custody
32,,genuine remorse,,,grievous bodily harm,,,
32,under influence drugs/alcohol,genuine remorse,,,grievous bodily harm,,,
32,,genuine remorse,,,grievous bodily harm,,,immediate custody
32,under influence drugs/alcohol,genuine remorse,,,grievous bodily harm,,,immediate custody
32,,genuine remorse,,,grievous bodily harm,,,
32,under influence drugs/alcohol,,,,grievous bodily harm,,,immediate custody
32,,genuine remorse,,,grievous bodily harm,,,immediate custody
32,under influence drugs/alcohol,genuine remorse,,,grievous bodily harm,,,immediate custody
32,under influence drugs/alcohol,genuine remorse,,,grievous bodily harm,,,
32,,genuine remorse,,,grievous bodily harm,,,
33,,,,affray,,,,
33,,,,affray,,,,immediate custody
33,,,,affray,,,,immediate custody
33,,,,affray,,,,
33,,,,affray,,,,immediate custody
33,,,,affray,,,,
33,,genuine remorse,,affray,,,,
33,under influence drugs/alcohol,genuine remorse,,affray,,,,
33,,,,affray,,,,immediate custody
33,under influence drugs/alcohol,genuine remorse,,affray,,,,immediate custody
33,under influence drugs/alcohol,,,affray,,,,
33,under influence drugs/alcohol,,,affray,,,,immediate custody
33,,,,affray,,,,
33,,genuine remorse,,affray,,,,
33,under influence drugs/alcohol,,,affray,,,,immediate custody
33,,genuine remorse,,affray,,,,
33,,genuine remorse,,affray,,,,
33,,genuine remorse,,affray,,,,
33,,genuine remorse,,affray,,,,
33,,,,affray,,,,immediate custody
33,,,,affray,,,,
33,,,,affray,,,,immediate custody
33,,,,affray,,,,
33,,genuine remorse,,affray,,,,
33,,,,affray,,,,
33,,,,affray,,,,
33,,genuine remorse,,affray,,,,immediate custody
33,,,,affray,,,,immediate custody
33,,,,affray,,,,
33,,,,affray,,,,
33,under influence drugs/alcohol,,,,,,,immediate custody
33,,,,,,,,immediate custody
33,under influence drugs/alcohol,,,,,,,immediate custody
33,,,,,,,,immediate custody
33,under influence drugs/alcohol,genuine remorse,,,,,,immediate custody
33,,,,,,,,
33,,genuine remorse,,,,,,
33,under influence drugs/alcohol,genuine remorse,,,,,,
33,,genuine remorse,,,,,,
33,,,,,,,,immediate custody
33,,,,,,,,immediate custody
33,under influence drugs/alcohol,,,,,,,immediate custody
33,,,,,,,,
33,under influence drugs/alcohol,genuine remorse,,,,,,
33,,,,,,,,
33,,,,,,,,
33,under influence drugs/alcohol,,,,,,,immediate custody
33,,genuine remorse,,,,,,
33,,,,,,,,immediate custody
33,,genuine remorse,,,,,,
33,,,,,,,,
33,under influence drugs/alcohol,,,,,,,immediate custody
33,,,,,,,,immediate custody
33,,genuine remorse,,,,,,
33,,,,,,,,immediate custody
33,,,,,,,,immediate custody
33,under influence drugs/alcohol,,,,,,,immediate custody
33,under influence drugs/alcohol,,,,,,,
33,,,,,,,,immediate custody
33,under influence drugs/alcohol,,,,,,,immediate custody
33,,,,,,,,immediate custody
33,,,,,,,,immediate custody
33,,,,,,,,
33,under influence drugs/alcohol,,,,,,,immediate custody
33,under influence drugs/alcohol,,,,,,,immediate custody
33,,,,,,,,
33,,,,,,,,immediate custody
33,,,,,,,,
33,,,,,,,,immediate custody
33,under influence drugs/alcohol,,,,,,,
33,,,,,,,,
33,under influence drugs/alcohol,genuine remorse,,,,,,
33,under influence drugs/alcohol,genuine remorse,,,,,,immediate custody
33,under influence drugs/alcohol,genuine remorse,,,,,,
33,,genuine remorse,,,,,,
33,,,,,,,,immediate custody
33,under influence drugs/alcohol,genuine remorse,,,,,,
33,,,,,,,,immediate custody
33,,,,,,,,immediate custody
33,,,,,,,,immediate custody
33,under influence drugs/alcohol,,,,,,,
33,,,,,,,,
33,,,,,,,,immediate custody
33,,,,,,,,
33,,,,,,,,immediate custody
33,under influence drugs/alcohol,genuine remorse,,,,,,immediate custody
33,,genuine remorse,,,,,,
33,under influence drugs/alcohol,,,,,,,
33,under influence drugs/alcohol,genuine remorse,,,,,,
33,under influence drugs/alcohol,genuine remorse,,,,,,
33,,genuine remorse,,,,,,
33,,,,,,,,immediate custody
33,,genuine remorse,,,,,,
33,,,,,grievous bodily harm,,,immediate custody
33,,genuine remorse,,,grievous bodily harm,,,immediate custody
33,under influence drugs/alcohol,genuine remorse,,,grievous bodily harm,,,immediate custody
33,,genuine remorse,,,grievous bodily harm,,,
33,under influence drugs/alcohol,,,,grievous bodily harm,,,immediate custody
33,under influence drugs/alcohol,,,,grievous bodily harm,,,immediate custody
33,under influence drugs/alcohol,,,,grievous bodily harm,,,immediate custody
33,under influence drugs/alcohol,genuine remorse,,,grievous bodily harm,,,
33,,,,,grievous bodily harm,,,immediate custody
33,,genuine remorse,,,grievous bodily harm,,,immediate custody
33,,,,,grievous bodily harm,,,
33,under influence drugs/alcohol,genuine remorse,,,grievous bodily harm,,,
33,,,,,grievous bodily harm,,,immediate custody
33,under influence drugs/alcohol,genuine remorse,,,grievous bodily harm,,,
33,,genuine remorse,,,grievous bodily harm,,,
33,,,,,grievous bodily harm,,,immediate custody
33,,,,,grievous bodily harm,,,
33,,,,,grievous bodily harm,,,immediate custody
33,,,,,grievous bodily harm,,,immediate custody
33,,,,,grievous bodily harm,,,
33,under influence drugs/alcohol,,,,grievous bodily harm,,,immediate custody
33,under influence drugs/alcohol,,,,grievous bodily harm,,,immediate custody
33,,,,,grievous bodily harm,,,immediate custody
33,under influence drugs/alcohol,,,,grievous bodily harm,,,immediate custody
33,under influence drugs/alcohol,,,,grievous bodily harm,,,immediate custody
33,,,,,grievous bodily harm,,,
33,,genuine remorse,,,grievous bodily harm,,,
33,,genuine remorse,,,grievous bodily harm,,,
33,,,,,,grievous bodily harm with intent,,immediate custody
33,,,,,,grievous bodily harm with intent,,immediate custody
33,,genuine remorse,,,,grievous bodily harm with intent,,immediate custody
33,,,,,grievous bodily harm,,,immediate custody
33,,genuine remorse,,,grievous bodily harm,,,
33,,genuine remorse,,,grievous bodily harm,,,
33,under influence drugs/alcohol,,,,grievous bodily harm,,,immediate custody
33,,,,,grievous bodily harm,,,immediate custody
33,,,,,grievous bodily harm,,,immediate custody
33,under influence drugs/alcohol,,,,grievous bodily harm,,,immediate custody
33,,,,,,grievous bodily harm with intent,,immediate custody
33,,,,,,grievous bodily harm with intent,,immediate custody
33,,,,,,grievous bodily harm with intent,,immediate custody
33,,,,,,grievous bodily harm with intent,,immediate custody
33,,,,,,grievous bodily harm with intent,,immediate custody
33,,,,,,grievous bodily harm with intent,,immediate custody
33,,,,,,,common assault,
33,,,,,,,common assault,
33,,,,,,,common assault,immediate custody
33,,,,,,,common assault,
33,,,,,,,common assault,
33,,,,,,,common assault,
33,,,,,,,common assault,
33,,,,,,,common assault,
33,,,,,,,common assault,immediate custody
33,,,,,,,common assault,
33,,genuine remorse,violent disorder,,,,,immediate custody
33,,,violent disorder,,,,,immediate custody
33,,,violent disorder,,,,,immediate custody
NA,under influence drugs/alcohol,,,,,,,
NA,,,,,,,,
NA,under influence drugs/alcohol,,,,,,,
NA,,,,,,,,immediate custody
NA,,genuine remorse,,,,,,
NA,,genuine remorse,,,,,,
NA,,,,,,,,
NA,under influence drugs/alcohol,,,,,,,
NA,,genuine remorse,,affray,,,,
NA,under influence drugs/alcohol,genuine remorse,,,,grievous bodily harm with intent,,immediate custody
NA,,,,,,grievous bodily harm with intent,,immediate custody
NA,,,,,,grievous bodily harm with intent,,immediate custody
NA,,genuine remorse,,,,grievous bodily harm with intent,,immediate custody
NA,under influence drugs/alcohol,,,,grievous bodily harm,,,
NA,under influence drugs/alcohol,,,,grievous bodily harm,,,immediate custody
NA,,genuine remorse,,,grievous bodily harm,,,immediate custody
35,,genuine remorse,,affray,,,,
35,,,,affray,,,,
35,,,,affray,,,,
35,,,,affray,,,,
35,under influence drugs/alcohol,,,affray,,,,immediate custody
35,,,,affray,,,,
35,under influence drugs/alcohol,,,affray,,,,
35,,genuine remorse,,affray,,,,
35,under influence drugs/alcohol,,,affray,,,,
35,,,,affray,,,,immediate custody
35,,,,,,,,immediate custody
35,,,,,,,,immediate custody
35,under influence drugs/alcohol,,,,,,,immediate custody
35,,genuine remorse,,,,,,
35,,,,,,,,immediate custody
35,,,,,,,,immediate custody
35,,,,,,,,immediate custody
35,,genuine remorse,,,,,,
35,,genuine remorse,,,,,,
35,,,,,,,,immediate custody
35,,genuine remorse,,,,,,
35,under influence drugs/alcohol,genuine remorse,,,,,,immediate custody
35,under influence drugs/alcohol,genuine remorse,,,,,,immediate custody
35,under influence drugs/alcohol,,,,,,,immediate custody
35,,genuine remorse,,,,,,immediate custody
35,under influence drugs/alcohol,,,,,,,immediate custody
35,,,,,,,,immediate custody
35,under influence drugs/alcohol,,,,,,,immediate custody
35,,,,,,,,
35,under influence drugs/alcohol,genuine remorse,,,,,,immediate custody
35,under influence drugs/alcohol,,,,,,,immediate custody
35,,,,,,,,immediate custody
35,,,,,,,,
35,,,,,,,,immediate custody
35,,,,,,,,
35,,,,,,,,immediate custody
35,,,,,,,,
35,,,,,,,,immediate custody
35,,,,affray,,,,immediate custody
35,under influence drugs/alcohol,,,,grievous bodily harm,,,immediate custody
35,,,,,grievous bodily harm,,,immediate custody
35,,,,,grievous bodily harm,,,immediate custody
35,,genuine remorse,,,grievous bodily harm,,,
35,,genuine remorse,,,grievous bodily harm,,,
35,,genuine remorse,,,grievous bodily harm,,,
35,,genuine remorse,,,,grievous bodily harm with intent,,immediate custody
35,,,,,grievous bodily harm,,,immediate custody
35,under influence drugs/alcohol,,,,,grievous bodily harm with intent,,immediate custody
35,,,,,,grievous bodily harm with intent,,immediate custody
35,,,,,,grievous bodily harm with intent,,immediate custody
35,,,,,,grievous bodily harm with intent,,immediate custody
35,,,,,,,common assault,immediate custody
35,,,,,,,common assault,immediate custody
35,,,,,,,common assault,
NA,under influence drugs/alcohol,genuine remorse,,,,,common assault,
NA,under influence drugs/alcohol,genuine remorse,,,,,,
NA,,,,,,,,
NA,under influence drugs/alcohol,,,,,,,immediate custody
NA,under influence drugs/alcohol,genuine remorse,,,,,,
NA,,genuine remorse,,,,,,
NA,,genuine remorse,,,,,,
NA,,,,,,,,
NA,,genuine remorse,,,,,,
NA,under influence drugs/alcohol,genuine remorse,,,,,,
NA,under influence drugs/alcohol,genuine remorse,,,,,,
NA,under influence drugs/alcohol,,,,,,,immediate custody
NA,,genuine remorse,,,,,,
NA,under influence drugs/alcohol,,,,,,,
NA,under influence drugs/alcohol,,,,,,,immediate custody
NA,,genuine remorse,,,,,,
NA,under influence drugs/alcohol,genuine remorse,,,,,,immediate custody
NA,under influence drugs/alcohol,,,,,,,immediate custody
NA,,genuine remorse,,,,,,immediate custody
NA,,,,,,,,
NA,under influence drugs/alcohol,genuine remorse,,,,,,
NA,,,,,,,,
NA,under influence drugs/alcohol,genuine remorse,,,,,,
NA,,,,,,,,immediate custody
NA,,genuine remorse,,,,,,immediate custody
NA,,genuine remorse,,,,,,
NA,under influence drugs/alcohol,,,,,,,
NA,,genuine remorse,,,,,,immediate custody
NA,under influence drugs/alcohol,genuine remorse,,,,,,
NA,,,,,,,,immediate custody
NA,under influence drugs/alcohol,,,,,,,immediate custody
NA,,,,,,,,immediate custody
NA,,genuine remorse,,,,,,
NA,,,,,,,,
NA,under influence drugs/alcohol,,,,,,,immediate custody
NA,under influence drugs/alcohol,genuine remorse,,,,,,
NA,,genuine remorse,,,,,,immediate custody
NA,,,,,,,,immediate custody
NA,under influence drugs/alcohol,,,,,,,immediate custody
NA,under influence drugs/alcohol,,,,,,,
NA,,,,,,,,
NA,under influence drugs/alcohol,genuine remorse,,,,,,
NA,under influence drugs/alcohol,genuine remorse,,,,,,immediate custody
NA,under influence drugs/alcohol,genuine remorse,,,,,,
NA,under influence drugs/alcohol,genuine remorse,,,,,,immediate custody
NA,under influence drugs/alcohol,genuine remorse,,,,,,
NA,,genuine remorse,,,,,,
NA,,,,,,,,
NA,under influence drugs/alcohol,,,,,,,immediate custody
NA,,genuine remorse,,,,,,
NA,,genuine remorse,,,,,,immediate custody
NA,under influence drugs/alcohol,,,,,,,immediate custody
NA,under influence drugs/alcohol,,,,,,,
NA,under influence drugs/alcohol,,,,,,,immediate custody
NA,under influence drugs/alcohol,,,,,,,immediate custody
NA,,,,,,,,immediate custody
NA,under influence drugs/alcohol,genuine remorse,,,,,,
NA,under influence drugs/alcohol,,,,,,,immediate custody
NA,under influence drugs/alcohol,,,,,,,immediate custody
NA,under influence drugs/alcohol,,,,,,,
NA,,,,,,,,immediate custody
NA,under influence drugs/alcohol,genuine remorse,,,,,,
NA,,genuine remorse,,,,,,
NA,,,,,,,,
NA,,genuine remorse,,,,,,
NA,under influence drugs/alcohol,genuine remorse,,,,,,
NA,,,,,,,,immediate custody
NA,,,,,,,,immediate custody
NA,under influence drugs/alcohol,,,,,,,immediate custody
NA,,,,,,,,immediate custody
NA,,genuine remorse,,,,,,
NA,under influence drugs/alcohol,genuine remorse,,,,,,
NA,under influence drugs/alcohol,,,,,,,immediate custody
NA,under influence drugs/alcohol,,,,,,,immediate custody
NA,,,,,,,,immediate custody
NA,under influence drugs/alcohol,genuine remorse,,,,,,
NA,,,,,,,,
NA,,,,,,,,immediate custody
NA,,,,,,,,
NA,under influence drugs/alcohol,,,,,,,
NA,under influence drugs/alcohol,,,,,,,immediate custody
NA,under influence drugs/alcohol,,,,,,,
NA,,,,,,,,immediate custody
NA,,,,,,,,immediate custody
NA,,,,,,,,immediate custody
NA,,,,,,,,immediate custody
NA,under influence drugs/alcohol,,,,,,,immediate custody
NA,,,,,,,,immediate custody
NA,,,,,,,,immediate custody
NA,under influence drugs/alcohol,genuine remorse,,,,,,
NA,,,,,,,,
NA,under influence drugs/alcohol,,,,,,,immediate custody
NA,,,,,,,,immediate custody
NA,,genuine remorse,,,,,,immediate custody
NA,under influence drugs/alcohol,,,,,,,
NA,,genuine remorse,,,,,,
NA,under influence drugs/alcohol,genuine remorse,,,,,,immediate custody
NA,,,,,,,,immediate custody
NA,,genuine remorse,,,,,,
NA,under influence drugs/alcohol,genuine remorse,,,,,,
NA,,genuine remorse,,,,,,
NA,under influence drugs/alcohol,,,,,,,immediate custody
NA,under influence drugs/alcohol,,,,,,,immediate custody
NA,,,,,,,,immediate custody
NA,under influence drugs/alcohol,,,,,,,immediate custody
NA,,,,,,,,
NA,under influence drugs/alcohol,,,,,,,immediate custody
NA,under influence drugs/alcohol,,,,,,,
NA,under influence drugs/alcohol,,,,,,,immediate custody
NA,under influence drugs/alcohol,genuine remorse,,,,,,immediate custody
NA,,genuine remorse,,,,,,
NA,under influence drugs/alcohol,genuine remorse,,,,,,immediate custody
NA,,,,,,,,
NA,,,,,,,,
NA,under influence drugs/alcohol,genuine remorse,,,,,,
NA,under influence drugs/alcohol,,,,,,,immediate custody
NA,,genuine remorse,,,,,,
NA,,,,,,,,
NA,,,,,,,,immediate custody
NA,under influence drugs/alcohol,,,,,,,immediate custody
NA,under influence drugs/alcohol,,,,,,,
NA,,genuine remorse,,,,,,
NA,,,,,,,,
NA,,genuine remorse,,,,,,immediate custody
NA,under influence drugs/alcohol,genuine remorse,,,,,,immediate custody
NA,,genuine remorse,,,,,,
NA,under influence drugs/alcohol,genuine remorse,,,,,,immediate custody
NA,,genuine remorse,,,,,,immediate custody
NA,,genuine remorse,,,,,,
NA,under influence drugs/alcohol,,,affray,,,,
NA,,,,affray,,,,
NA,,genuine remorse,,affray,,,,
NA,,,,affray,,,,
NA,,genuine remorse,,affray,,,,
NA,under influence drugs/alcohol,,,affray,,,,immediate custody
NA,,genuine remorse,,affray,,,,
NA,under influence drugs/alcohol,,,affray,,,,
NA,under influence drugs/alcohol,genuine remorse,,affray,,,,immediate custody
NA,,,,affray,,,,immediate custody
NA,,,,affray,,,,
NA,,,,affray,,,,immediate custody
NA,,,,affray,,,,
NA,,genuine remorse,,affray,,,,
NA,,,,affray,,,,
NA,,genuine remorse,,affray,,,,
NA,,,,affray,,,,
NA,under influence drugs/alcohol,genuine remorse,,affray,,,,immediate custody
NA,under influence drugs/alcohol,genuine remorse,,affray,,,,immediate custody
NA,,,,affray,,,,immediate custody
NA,under influence drugs/alcohol,,,affray,,,,
NA,under influence drugs/alcohol,genuine remorse,,affray,,,,
NA,,,,affray,,,,
NA,,,,affray,,,,
NA,under influence drugs/alcohol,,,affray,,,,immediate custody
NA,,genuine remorse,,affray,,,,
NA,,genuine remorse,,affray,,,,immediate custody
NA,,,,affray,,,,
NA,,,,affray,,,,
NA,,genuine remorse,,affray,,,,
NA,,,,affray,,,,
NA,,genuine remorse,,,,,common assault,
NA,,,,,,,common assault,immediate custody
NA,,genuine remorse,,,,,common assault,
NA,,genuine remorse,,,,,common assault,
NA,,,,,,,common assault,
NA,,,,,,,common assault,
NA,,genuine remorse,,,,,common assault,
NA,under influence drugs/alcohol,genuine remorse,,,,,common assault,immediate custody
NA,,,,,,,common assault,immediate custody
NA,under influence drugs/alcohol,,,,,,common assault,immediate custody
NA,,genuine remorse,,,,,common assault,immediate custody
NA,under influence drugs/alcohol,,,,,,common assault,
NA,,genuine remorse,,,,,common assault,
NA,,,,,,,common assault,
NA,,,,,,,common assault,
NA,,,,,,,common assault,
NA,under influence drugs/alcohol,,,,,grievous bodily harm with intent,,immediate custody
NA,under influence drugs/alcohol,genuine remorse,,,,grievous bodily harm with intent,,immediate custody
NA,,genuine remorse,,,,grievous bodily harm with intent,,immediate custody
NA,under influence drugs/alcohol,genuine remorse,,,,grievous bodily harm with intent,,immediate custody
NA,under influence drugs/alcohol,genuine remorse,,,,grievous bodily harm with intent,,immediate custody
NA,,genuine remorse,,,,grievous bodily harm with intent,,immediate custody
NA,under influence drugs/alcohol,genuine remorse,,,,grievous bodily harm with intent,,immediate custody
NA,,,,,,grievous bodily harm with intent,,immediate custody
NA,under influence drugs/alcohol,genuine remorse,,,,grievous bodily harm with intent,,immediate custody
NA,,,,,,grievous bodily harm with intent,,immediate custody
NA,,,,,grievous bodily harm,,,immediate custody
NA,,,,,grievous bodily harm,,,immediate custody
NA,,,,,grievous bodily harm,,,
NA,,genuine remorse,,,,grievous bodily harm with intent,,immediate custody
NA,under influence drugs/alcohol,,,,,grievous bodily harm with intent,,immediate custody
NA,,,,,,grievous bodily harm with intent,,immediate custody
NA,under influence drugs/alcohol,genuine remorse,,,,grievous bodily harm with intent,,immediate custody
NA,under influence drugs/alcohol,,,,,grievous bodily harm with intent,,immediate custody
NA,under influence drugs/alcohol,genuine remorse,,,,grievous bodily harm with intent,,immediate custody
NA,under influence drugs/alcohol,,,,,grievous bodily harm with intent,,immediate custody
NA,,,,,,grievous bodily harm with intent,,immediate custody
NA,,genuine remorse,,,,grievous bodily harm with intent,,immediate custody
NA,under influence drugs/alcohol,genuine remorse,,,grievous bodily harm,,,immediate custody
NA,,,,,grievous bodily harm,,,immediate custody
NA,,,,,grievous bodily harm,,,immediate custody
NA,,,,,grievous bodily harm,,,immediate custody
NA,under influence drugs/alcohol,,,,grievous bodily harm,,,immediate custody
NA,under influence drugs/alcohol,genuine remorse,,,grievous bodily harm,,,immediate custody
NA,,genuine remorse,,,grievous bodily harm,,,
NA,under influence drugs/alcohol,genuine remorse,,,grievous bodily harm,,,immediate custody
NA,under influence drugs/alcohol,genuine remorse,,,grievous bodily harm,,,
NA,,genuine remorse,,,grievous bodily harm,,,
NA,,,,,grievous bodily harm,,,immediate custody
NA,,,,,grievous bodily harm,,,immediate custody
NA,under influence drugs/alcohol,,,,grievous bodily harm,,,
NA,under influence drugs/alcohol,,,,grievous bodily harm,,,immediate custody
NA,under influence drugs/alcohol,,,,grievous bodily harm,,,immediate custody
NA,,genuine remorse,,,grievous bodily harm,,,
NA,under influence drugs/alcohol,,,,grievous bodily harm,,,immediate custody
NA,under influence drugs/alcohol,,,,grievous bodily harm,,,
NA,,genuine remorse,,,grievous bodily harm,,,
NA,,,,,grievous bodily harm,,,
NA,under influence drugs/alcohol,,,,grievous bodily harm,,,immediate custody
NA,,,,,grievous bodily harm,,,
NA,under influence drugs/alcohol,,,,grievous bodily harm,,,
NA,under influence drugs/alcohol,genuine remorse,,,grievous bodily harm,,,immediate custody
NA,,,,,grievous bodily harm,,,immediate custody
NA,under influence drugs/alcohol,,,,grievous bodily harm,,,immediate custody
NA,under influence drugs/alcohol,genuine remorse,,,grievous bodily harm,,,immediate custody
NA,,genuine remorse,,,grievous bodily harm,,,
NA,,,,,grievous bodily harm,,,immediate custody
NA,under influence drugs/alcohol,genuine remorse,,,grievous bodily harm,,,immediate custody
NA,,,,,grievous bodily harm,,,immediate custody
NA,under influence drugs/alcohol,genuine remorse,,,grievous bodily harm,,,immediate custody
NA,,genuine remorse,,,grievous bodily harm,,,immediate custody
NA,under influence drugs/alcohol,genuine remorse,,,grievous bodily harm,,,immediate custody
NA,,genuine remorse,,,grievous bodily harm,,,immediate custody
NA,under influence drugs/alcohol,,,,grievous bodily harm,,,immediate custody
NA,under influence drugs/alcohol,genuine remorse,,,grievous bodily harm,,,immediate custody
NA,under influence drugs/alcohol,genuine remorse,,,grievous bodily harm,,,immediate custody
NA,,genuine remorse,violent disorder,,,,,immediate custody
NA,under influence drugs/alcohol,,violent disorder,,,,,immediate custody
NA,,genuine remorse,violent disorder,,,,,immediate custody
NA,,,violent disorder,,,,,immediate custody
NA,,genuine remorse,violent disorder,,,,,immediate custody
NA,,genuine remorse,violent disorder,,,,,immediate custody
NA,,,violent disorder,,,,,immediate custody
38,,,,affray,,,,
38,under influence drugs/alcohol,,,affray,,,,immediate custody
38,,,,affray,,,,
38,under influence drugs/alcohol,genuine remorse,,affray,,,,
38,,,,affray,,,,
38,under influence drugs/alcohol,genuine remorse,,,,,,
38,,,,,,,,
38,,,,,,,,immediate custody
38,under influence drugs/alcohol,,,,,,,
38,under influence drugs/alcohol,,,,,,,immediate custody
38,,,,,,,,immediate custody
38,under influence drugs/alcohol,genuine remorse,,,,,,immediate custody
38,under influence drugs/alcohol,,,,,,,immediate custody
38,,,,,,,,
38,under influence drugs/alcohol,,,,,,,immediate custody
38,,,,,,,,
38,,genuine remorse,,,,,,immediate custody
38,,,,,,,,immediate custody
38,,genuine remorse,,,,,,
38,,genuine remorse,,,,,,
38,,genuine remorse,,,,,,
38,,,,,,,,immediate custody
38,under influence drugs/alcohol,genuine remorse,,,,,,
38,,genuine remorse,,,,,,
38,under influence drugs/alcohol,genuine remorse,,,,,,
38,under influence drugs/alcohol,,,,,,,
38,under influence drugs/alcohol,,,,,,,
38,under influence drugs/alcohol,genuine remorse,,,,,,
38,,genuine remorse,,,,,,
38,under influence drugs/alcohol,,,,,,,immediate custody
38,,,,,,,,immediate custody
38,,genuine remorse,,,,,,
38,under influence drugs/alcohol,,,,,,,immediate custody
38,,,,,,,,immediate custody
38,under influence drugs/alcohol,,,,,,,immediate custody
38,,,,,,,,immediate custody
38,,,,,,,common assault,immediate custody
38,,,,,grievous bodily harm,,,immediate custody
38,,genuine remorse,,,grievous bodily harm,,,immediate custody
38,under influence drugs/alcohol,,,,grievous bodily harm,,,immediate custody
38,under influence drugs/alcohol,genuine remorse,,,grievous bodily harm,,,
38,under influence drugs/alcohol,genuine remorse,,,grievous bodily harm,,,immediate custody
38,,,,,grievous bodily harm,,,immediate custody
38,under influence drugs/alcohol,genuine remorse,,,grievous bodily harm,,,immediate custody
38,,genuine remorse,,,grievous bodily harm,,,immediate custody
38,,genuine remorse,,,grievous bodily harm,,,immediate custody
38,under influence drugs/alcohol,genuine remorse,,,grievous bodily harm,,,immediate custody
38,under influence drugs/alcohol,,,,grievous bodily harm,,,immediate custody
38,under influence drugs/alcohol,genuine remorse,,,grievous bodily harm,,,immediate custody
38,,genuine remorse,,,grievous bodily harm,,,
38,under influence drugs/alcohol,,,,grievous bodily harm,,,immediate custody
38,,,,,grievous bodily harm,,,immediate custody
38,,genuine remorse,,,grievous bodily harm,,,
38,,genuine remorse,,,grievous bodily harm,,,immediate custody
38,under influence drugs/alcohol,,,,grievous bodily harm,,,immediate custody
38,under influence drugs/alcohol,genuine remorse,,,grievous bodily harm,,,immediate custody
38,,,,,grievous bodily harm,,,immediate custody
38,,genuine remorse,,,grievous bodily harm,,,
38,under influence drugs/alcohol,genuine remorse,,,grievous bodily harm,,,immediate custody
38,,,,,grievous bodily harm,,,immediate custody
38,,genuine remorse,,,grievous bodily harm,,,
38,,genuine remorse,,,grievous bodily harm,,,immediate custody
38,under influence drugs/alcohol,,,,,grievous bodily harm with intent,,immediate custody
38,,,,,,grievous bodily harm with intent,,immediate custody
38,under influence drugs/alcohol,genuine remorse,,,,grievous bodily harm with intent,,immediate custody
38,under influence drugs/alcohol,genuine remorse,,,,grievous bodily harm with intent,,immediate custody
38,under influence drugs/alcohol,,,,,grievous bodily harm with intent,,immediate custody
38,under influence drugs/alcohol,genuine remorse,,,,grievous bodily harm with intent,,immediate custody
38,,genuine remorse,,,,grievous bodily harm with intent,,immediate custody
38,,,,,grievous bodily harm,,,
38,,genuine remorse,,,grievous bodily harm,,,immediate custody
38,,,,,grievous bodily harm,,,immediate custody
38,under influence drugs/alcohol,,,,,grievous bodily harm with intent,,immediate custody
38,under influence drugs/alcohol,,,,,grievous bodily harm with intent,,immediate custody
38,,,,,,grievous bodily harm with intent,,immediate custody
38,under influence drugs/alcohol,genuine remorse,,,,grievous bodily harm with intent,,immediate custody
38,,,,,,grievous bodily harm with intent,,immediate custody
38,,,,,,,common assault,
38,,,,,,,common assault,
38,,,,,,,common assault,
38,under influence drugs/alcohol,genuine remorse,,,,,common assault,
38,under influence drugs/alcohol,,,,,,common assault,immediate custody
39,under influence drugs/alcohol,,,affray,,,,immediate custody
39,,genuine remorse,,,,,common assault,
39,under influence drugs/alcohol,genuine remorse,,,,,,
39,,,,,,,,
39,,,,,,,,
39,,,,,,,,
39,,,,,,,,immediate custody
39,,,,,,,,
39,,,,,,,,
39,,,,,,,,
39,under influence drugs/alcohol,,,,,,,
39,under influence drugs/alcohol,,,,,,,immediate custody
39,under influence drugs/alcohol,,,,,,,
39,,,,,,,,immediate custody
39,,,,,,,,
39,,genuine remorse,,,,,,
39,,,,,,,,immediate custody
39,,,,,,,,
39,,genuine remorse,,,,,,
39,,,,,,,,
39,,genuine remorse,,,,,,
39,,genuine remorse,,,,,,
39,,,,,,,,immediate custody
39,,,,,,,,
39,,,,affray,,,,immediate custody
39,under influence drugs/alcohol,genuine remorse,,,,,,
39,under influence drugs/alcohol,genuine remorse,,affray,,,,
39,,,,affray,,,,
39,,,,affray,,,,
39,,,,affray,,,,
39,,,,affray,,,,
39,,,,affray,,,,
39,,genuine remorse,,affray,,,,immediate custody
39,,,,affray,,,,immediate custody
39,,,,affray,,,,
39,,,,affray,,,,
39,,,,affray,,,,
39,,genuine remorse,,affray,,,,
39,,,,affray,,,,
39,,,,affray,,,,
39,,,,affray,,,,
39,,,,affray,,,,
39,,,,affray,,,,
39,,genuine remorse,,affray,,,,
39,,,,affray,,,,
39,,,,affray,,,,immediate custody
39,under influence drugs/alcohol,,,affray,,,,immediate custody
39,under influence drugs/alcohol,genuine remorse,,,,,common assault,
39,,genuine remorse,,,,,common assault,
39,,genuine remorse,,,,,common assault,
39,,,,,,,common assault,
39,under influence drugs/alcohol,,,,,,common assault,
39,,,,,,,common assault,
39,,,,,,,common assault,
39,,,,,,,common assault,
39,,,,,,,common assault,
39,,,,,,,common assault,
39,,,,,,,common assault,
39,,,,,,,common assault,
39,,,,,,,common assault,
39,,,,,,grievous bodily harm with intent,,immediate custody
39,,genuine remorse,,,,grievous bodily harm with intent,,immediate custody
39,,genuine remorse,,,,grievous bodily harm with intent,,immediate custody
39,,genuine remorse,,,grievous bodily harm,,,immediate custody
39,,,,,grievous bodily harm,,,
39,,,,,,grievous bodily harm with intent,,immediate custody
39,under influence drugs/alcohol,,,,,grievous bodily harm with intent,,immediate custody
39,under influence drugs/alcohol,,,,,grievous bodily harm with intent,,immediate custody
39,under influence drugs/alcohol,genuine remorse,,,,grievous bodily harm with intent,,immediate custody
39,,genuine remorse,,,grievous bodily harm,,,immediate custody
39,,genuine remorse,,,grievous bodily harm,,,
39,under influence drugs/alcohol,,,,grievous bodily harm,,,immediate custody
39,,,,,grievous bodily harm,,,immediate custody
39,under influence drugs/alcohol,,,,grievous bodily harm,,,immediate custody
39,under influence drugs/alcohol,,,,grievous bodily harm,,,
39,,genuine remorse,,,grievous bodily harm,,,immediate custody
39,,,,,grievous bodily harm,,,
39,,,,,grievous bodily harm,,,immediate custody
39,,genuine remorse,,,grievous bodily harm,,,immediate custody
39,under influence drugs/alcohol,genuine remorse,,,grievous bodily harm,,,immediate custody
39,under influence drugs/alcohol,genuine remorse,violent disorder,,,,,
39,under influence drugs/alcohol,genuine remorse,violent disorder,,,,,immediate custody
40,,,,affray,,,,
40,,,,affray,,,,
40,,genuine remorse,,affray,,,,
40,,,,affray,,,,
40,,,,affray,,,,
40,,,,affray,,,,
40,under influence drugs/alcohol,genuine remorse,,affray,,,,
40,,,,affray,,,,immediate custody
40,,,,affray,,,,
40,,,,affray,,,,
40,,,,affray,,,,
40,,,,affray,,,,immediate custody
40,,,,affray,,,,
40,,,,affray,,,,
40,,genuine remorse,,affray,,,,
40,,,,affray,,,,immediate custody
40,,,,affray,,,,immediate custody
40,,,,affray,,,,immediate custody
40,,,,affray,,,,
40,,,,affray,,,,
40,,,,affray,,,,immediate custody
40,,,,affray,,,,immediate custody
40,,,,affray,,,,
40,,,,affray,,,,
40,,,,affray,,,,
40,,,,affray,,,,
40,,,,,,,,
40,,,,,,,,immediate custody
40,,,,,,,,
40,,,,,,,,
40,,,,,,,,
40,,,,,,,,immediate custody
40,,,,,,,,
40,,,,,,,,
40,,,,,,,,immediate custody
40,under influence drugs/alcohol,,,,,,,immediate custody
40,under influence drugs/alcohol,genuine remorse,,,,,,immediate custody
40,under influence drugs/alcohol,,,,,,,immediate custody
40,under influence drugs/alcohol,,,,,,,
40,,,,,,,,
40,under influence drugs/alcohol,,,,,,,
40,,,,,,,,
40,under influence drugs/alcohol,,,,,,,
40,,,,,,,,
40,,,,,,,,
40,under influence drugs/alcohol,,,,,,,immediate custody
40,under influence drugs/alcohol,genuine remorse,,,,,,
40,,,,,,,,immediate custody
40,,,,,,,,
40,,,,,,,,
40,,,,,,,,
40,,genuine remorse,,,,,,
40,,,,,,,,
40,,genuine remorse,,,,,,
40,,genuine remorse,,,,,,immediate custody
40,,genuine remorse,,,,,,
40,under influence drugs/alcohol,,,,,,,
40,,genuine remorse,,,,,,
40,,genuine remorse,,,,,,immediate custody
40,,,,,,,,immediate custody
40,,genuine remorse,,,,,,
40,,genuine remorse,,,,,,immediate custody
40,,,,,,,,
40,,genuine remorse,,,,,,
40,,,,,grievous bodily harm,,,immediate custody
40,,,,,grievous bodily harm,,,immediate custody
40,under influence drugs/alcohol,genuine remorse,,,grievous bodily harm,,,immediate custody
40,under influence drugs/alcohol,genuine remorse,,,grievous bodily harm,,,immediate custody
40,,genuine remorse,,,grievous bodily harm,,,immediate custody
40,,,,,grievous bodily harm,,,immediate custody
40,under influence drugs/alcohol,genuine remorse,,,grievous bodily harm,,,immediate custody
40,under influence drugs/alcohol,genuine remorse,,,grievous bodily harm,,,immediate custody
40,under influence drugs/alcohol,genuine remorse,,,grievous bodily harm,,,immediate custody
40,,genuine remorse,,,grievous bodily harm,,,immediate custody
40,,,,,grievous bodily harm,,,
40,under influence drugs/alcohol,genuine remorse,,,grievous bodily harm,,,
40,,,,,grievous bodily harm,,,immediate custody
40,under influence drugs/alcohol,genuine remorse,,,grievous bodily harm,,,
40,,,,,grievous bodily harm,,,
40,under influence drugs/alcohol,,,,grievous bodily harm,,,immediate custody
40,under influence drugs/alcohol,genuine remorse,,,grievous bodily harm,,,immediate custody
40,under influence drugs/alcohol,,,,grievous bodily harm,,,
40,under influence drugs/alcohol,,,,grievous bodily harm,,,immediate custody
40,under influence drugs/alcohol,,,,grievous bodily harm,,,immediate custody
40,under influence drugs/alcohol,,,,grievous bodily harm,,,immediate custody
40,under influence drugs/alcohol,,,,grievous bodily harm,,,immediate custody
40,,genuine remorse,,,grievous bodily harm,,,
40,under influence drugs/alcohol,,,,grievous bodily harm,,,immediate custody
40,,,,,grievous bodily harm,,,
40,under influence drugs/alcohol,genuine remorse,,,grievous bodily harm,,,immediate custody
40,,,,,grievous bodily harm,,,immediate custody
40,,genuine remorse,,,grievous bodily harm,,,
40,under influence drugs/alcohol,,,,,grievous bodily harm with intent,,immediate custody
40,under influence drugs/alcohol,,,,,grievous bodily harm with intent,,immediate custody
40,,,,,,grievous bodily harm with intent,,
40,,genuine remorse,,,,grievous bodily harm with intent,,immediate custody
40,,,,,grievous bodily harm,,,immediate custody
40,under influence drugs/alcohol,genuine remorse,,,grievous bodily harm,,,immediate custody
40,,,,,grievous bodily harm,,,immediate custody
40,,,,,grievous bodily harm,,,immediate custody
40,,,,,,grievous bodily harm with intent,,immediate custody
40,under influence drugs/alcohol,genuine remorse,,,,grievous bodily harm with intent,,immediate custody
40,,genuine remorse,,,,grievous bodily harm with intent,,immediate custody
40,,genuine remorse,,,,grievous bodily harm with intent,,immediate custody
40,,genuine remorse,,,,grievous bodily harm with intent,,immediate custody
40,,,,,,grievous bodily harm with intent,,immediate custody
40,,,,,,grievous bodily harm with intent,,immediate custody
40,,,,,,,common assault,immediate custody
40,,,,,,,common assault,
40,,genuine remorse,,,,,common assault,
40,under influence drugs/alcohol,,,,,,common assault,
40,under influence drugs/alcohol,,,,,,common assault,
40,,,,,,,common assault,
41,,genuine remorse,,,,,,
41,,,,,,,,immediate custody
41,,,,,,,,immediate custody
41,,genuine remorse,,,,,,immediate custody
41,under influence drugs/alcohol,,,,,,,immediate custody
41,under influence drugs/alcohol,,,,,,,
41,under influence drugs/alcohol,,,,,,,immediate custody
41,,,,,,,,immediate custody
41,,,,,,,,immediate custody
41,,,,,,,,immediate custody
41,under influence drugs/alcohol,,,,,,,immediate custody
41,,genuine remorse,,,,,,immediate custody
41,,,,,,,,
41,,,,,,,,
41,,,,,,,,immediate custody
41,under influence drugs/alcohol,genuine remorse,,,,,,immediate custody
41,under influence drugs/alcohol,genuine remorse,,,,,,immediate custody
41,,,,,,,,immediate custody
41,,,,,,,,immediate custody
41,,genuine remorse,,,,,,
41,under influence drugs/alcohol,genuine remorse,,,,,,immediate custody
41,under influence drugs/alcohol,,,,,,,immediate custody
41,under influence drugs/alcohol,,,,,,,immediate custody
41,,,,,,,,immediate custody
41,under influence drugs/alcohol,,,,,,,immediate custody
41,under influence drugs/alcohol,,,,,,,immediate custody
41,,genuine remorse,,,,,,
41,under influence drugs/alcohol,,,,,,,immediate custody
41,under influence drugs/alcohol,,,,,,,immediate custody
41,,,,,,,,immediate custody
41,under influence drugs/alcohol,,,,,,,immediate custody
41,under influence drugs/alcohol,genuine remorse,,,,,,immediate custody
41,under influence drugs/alcohol,genuine remorse,,,,,,
41,,genuine remorse,,,,,,immediate custody
41,,,,,,,,
41,under influence drugs/alcohol,,,,,,,immediate custody
41,under influence drugs/alcohol,,,,,,,immediate custody
41,under influence drugs/alcohol,,,,,,,immediate custody
41,under influence drugs/alcohol,genuine remorse,,,,,,immediate custody
41,,genuine remorse,,affray,,,,immediate custody
41,under influence drugs/alcohol,,,,,,,immediate custody
41,,,,affray,,,,immediate custody
41,,,,affray,,,,
41,,,,affray,,,,immediate custody
41,,,,affray,,,,
41,,genuine remorse,,affray,,,,
41,,genuine remorse,,affray,,,,
41,under influence drugs/alcohol,,,affray,,,,immediate custody
41,,,,affray,,,,immediate custody
41,,genuine remorse,,affray,,,,
41,,,,affray,,,,
41,under influence drugs/alcohol,,,affray,,,,immediate custody
41,,,,affray,,,,immediate custody
41,,,,affray,,,,
41,under influence drugs/alcohol,,,affray,,,,
41,,,,affray,,,,
41,,genuine remorse,,affray,,,,
41,under influence drugs/alcohol,,,affray,,,,immediate custody
41,under influence drugs/alcohol,genuine remorse,,affray,,,,
41,under influence drugs/alcohol,,,affray,,,,immediate custody
41,under influence drugs/alcohol,,,,,,common assault,immediate custody
41,,,,,,,common assault,
41,under influence drugs/alcohol,,,,,,common assault,immediate custody
41,,,,,,,common assault,immediate custody
41,,,,,,,common assault,immediate custody
41,under influence drugs/alcohol,,,,,,common assault,
41,under influence drugs/alcohol,,,,,grievous bodily harm with intent,,immediate custody
41,,genuine remorse,,,,grievous bodily harm with intent,,immediate custody
41,under influence drugs/alcohol,,,,grievous bodily harm,,,immediate custody
41,under influence drugs/alcohol,,,,grievous bodily harm,,,
41,,,,,grievous bodily harm,,,immediate custody
41,,,,,grievous bodily harm,,,
41,,genuine remorse,,,grievous bodily harm,,,
41,,genuine remorse,,,,grievous bodily harm with intent,,immediate custody
41,under influence drugs/alcohol,,,,,grievous bodily harm with intent,,immediate custody
41,under influence drugs/alcohol,,,,grievous bodily harm,,,immediate custody
41,under influence drugs/alcohol,genuine remorse,,,,grievous bodily harm with intent,,immediate custody
41,,,,,grievous bodily harm,,,immediate custody
41,under influence drugs/alcohol,genuine remorse,,,grievous bodily harm,,,
41,,,,,grievous bodily harm,,,immediate custody
41,under influence drugs/alcohol,genuine remorse,,,grievous bodily harm,,,immediate custody
41,,genuine remorse,,,grievous bodily harm,,,immediate custody
41,,,,,grievous bodily harm,,,
41,under influence drugs/alcohol,,,,grievous bodily harm,,,immediate custody
41,,,,,grievous bodily harm,,,
41,,genuine remorse,,,grievous bodily harm,,,
41,,genuine remorse,,,grievous bodily harm,,,
41,under influence drugs/alcohol,,,,grievous bodily harm,,,
41,,,,,grievous bodily harm,,,immediate custody
41,,,,,grievous bodily harm,,,
41,under influence drugs/alcohol,,,,grievous bodily harm,,,immediate custody
41,,genuine remorse,,,grievous bodily harm,,,
41,,,,,grievous bodily harm,,,immediate custody
41,,genuine remorse,,,grievous bodily harm,,,
41,,genuine remorse,,,grievous bodily harm,,,
41,,,violent disorder,,,,,
41,,,violent disorder,,,,,
41,,,violent disorder,,,,,
41,,,violent disorder,,,,,
42,,,,affray,,,,
42,,,,affray,,,,
42,,,,affray,,,,
42,,,,affray,,,,
42,,,,affray,,,,
42,under influence drugs/alcohol,,,affray,,,,immediate custody
42,,,,affray,,,,immediate custody
42,,,,affray,,,,
42,under influence drugs/alcohol,,,affray,,,,
42,under influence drugs/alcohol,,,affray,,,,
42,,,,affray,,,,
42,under influence drugs/alcohol,genuine remorse,,affray,,,,immediate custody
42,under influence drugs/alcohol,,,affray,,,,immediate custody
42,under influence drugs/alcohol,,,affray,,,,immediate custody
42,,,,affray,,,,
42,,genuine remorse,,affray,,,,
42,under influence drugs/alcohol,genuine remorse,,affray,,,,immediate custody
42,,,,affray,,,,immediate custody
42,,,,affray,,,,immediate custody
42,,,,affray,,,,
42,under influence drugs/alcohol,,,affray,,,,immediate custody
42,,genuine remorse,,affray,,,,
42,,,,affray,,,,
42,,genuine remorse,,,,,,
42,under influence drugs/alcohol,genuine remorse,,,,,,
42,,,,affray,,,,
42,,,,,,,,
42,,,,,,,,immediate custody
42,under influence drugs/alcohol,,,,,,,immediate custody
42,,,,,,,,immediate custody
42,under influence drugs/alcohol,genuine remorse,,,,,,immediate custody
42,,,,,,,,
42,under influence drugs/alcohol,,,,,,,immediate custody
42,,,,,,,,immediate custody
42,,,,,,,,immediate custody
42,under influence drugs/alcohol,,,,,,,
42,,,,,,,,
42,under influence drugs/alcohol,,,,,,,immediate custody
42,,genuine remorse,,,,,,
42,,,,,,,,immediate custody
42,,,,,,,,immediate custody
42,under influence drugs/alcohol,,,,,,,immediate custody
42,under influence drugs/alcohol,genuine remorse,,,,,,immediate custody
42,,,,,,,,immediate custody
42,under influence drugs/alcohol,genuine remorse,,,,,,
42,under influence drugs/alcohol,genuine remorse,,,,,,
42,,,,,,,,immediate custody
42,,,,,,,,
42,under influence drugs/alcohol,,,,,,,
42,under influence drugs/alcohol,genuine remorse,,,,,,
42,under influence drugs/alcohol,genuine remorse,,,,,,immediate custody
42,,,,,,,,
42,,,,,,,,immediate custody
42,,,,,,,,immediate custody
42,,genuine remorse,,,,,,
42,under influence drugs/alcohol,,,,,,,immediate custody
42,under influence drugs/alcohol,genuine remorse,,,,,,immediate custody
42,,genuine remorse,,,,,,
42,,,,,,,,immediate custody
42,,,,,,,,
42,under influence drugs/alcohol,,,,,,,immediate custody
42,under influence drugs/alcohol,,,,grievous bodily harm,,,immediate custody
42,under influence drugs/alcohol,,,,grievous bodily harm,,,immediate custody
42,,,,,grievous bodily harm,,,immediate custody
42,,genuine remorse,,,grievous bodily harm,,,immediate custody
42,under influence drugs/alcohol,,,,grievous bodily harm,,,immediate custody
42,,,,,grievous bodily harm,,,immediate custody
42,under influence drugs/alcohol,,,,grievous bodily harm,,,immediate custody
42,under influence drugs/alcohol,,,,grievous bodily harm,,,immediate custody
42,under influence drugs/alcohol,,,,grievous bodily harm,,,immediate custody
42,under influence drugs/alcohol,genuine remorse,,,grievous bodily harm,,,immediate custody
42,,,,,grievous bodily harm,,,
42,under influence drugs/alcohol,,,,grievous bodily harm,,,
42,,,,,grievous bodily harm,,,immediate custody
42,,genuine remorse,,,grievous bodily harm,,,immediate custody
42,under influence drugs/alcohol,,,,grievous bodily harm,,,
42,,,,,grievous bodily harm,,,
42,,,,,grievous bodily harm,,,
42,,,,,grievous bodily harm,,,
42,,,,,grievous bodily harm,,,immediate custody
42,under influence drugs/alcohol,,,,grievous bodily harm,,,immediate custody
42,under influence drugs/alcohol,,,,,grievous bodily harm with intent,,immediate custody
42,,genuine remorse,,,grievous bodily harm,,,
42,,,,,grievous bodily harm,,,
42,under influence drugs/alcohol,,,,grievous bodily harm,,,immediate custody
42,under influence drugs/alcohol,,,,grievous bodily harm,,,immediate custody
42,,,,,,,common assault,
42,,,,,,,common assault,immediate custody
42,,genuine remorse,,,,,common assault,
42,under influence drugs/alcohol,,,,,,common assault,immediate custody
43,,,,,,,,
43,under influence drugs/alcohol,,,,,,,immediate custody
43,,,,,,,,
43,,genuine remorse,,,,,,
43,,genuine remorse,,,,,,
43,,genuine remorse,,,,,,immediate custody
43,,,,,,,,
43,,genuine remorse,,,,,,
43,,,,,,,,immediate custody
43,,,,,,,,
43,,,,,,,,
43,under influence drugs/alcohol,genuine remorse,,,,,,immediate custody
43,,,,,,,,
43,,genuine remorse,,,,,,
43,,,,,,,,immediate custody
43,,,,,,,,immediate custody
43,under influence drugs/alcohol,,,,,,,
43,under influence drugs/alcohol,genuine remorse,,,,,,
43,,,,,,,,immediate custody
43,,,,,,,,immediate custody
43,under influence drugs/alcohol,,,,,,,
43,under influence drugs/alcohol,,,,,,,
43,under influence drugs/alcohol,genuine remorse,,,,,,
43,,,,,,,,immediate custody
43,,,,,,,,immediate custody
43,,,,,,,,immediate custody
43,under influence drugs/alcohol,,,,,,,
43,,,,,,,,
43,,,,,,,,
43,under influence drugs/alcohol,genuine remorse,,,,,,
43,,genuine remorse,,,,,,
43,,,,,,,,
43,,,,,,,,
43,,,,,,,,
43,,,,,,,,
43,under influence drugs/alcohol,genuine remorse,,,,,,
43,,genuine remorse,,,,,,
43,under influence drugs/alcohol,,,,,,,immediate custody
43,,genuine remorse,,,,,,
43,,genuine remorse,,,,,,
43,under influence drugs/alcohol,genuine remorse,,,,,,immediate custody
43,,,,,,,,immediate custody
43,,genuine remorse,,,,,,
43,,,,,,,,immediate custody
43,,genuine remorse,,,,,,
43,under influence drugs/alcohol,,,,,,,
43,,genuine remorse,,,,,,
43,,genuine remorse,,,,,,
43,,,,,,,,
43,,genuine remorse,,,,,,
43,,,,,,,,
43,,,,,,,,immediate custody
43,,genuine remorse,,,,,,
43,under influence drugs/alcohol,,,,,,,immediate custody
43,,,,,,,,immediate custody
43,under influence drugs/alcohol,,,,,,,immediate custody
43,,,,,,,,immediate custody
43,,,,,,,,
43,,,,,,,,
43,,genuine remorse,,,,,,
43,,,,,,,,immediate custody
43,,,,,,,,
43,under influence drugs/alcohol,,,,,,,
43,under influence drugs/alcohol,,,,,,,
43,under influence drugs/alcohol,genuine remorse,,,,,,immediate custody
43,,genuine remorse,,,,,,
43,under influence drugs/alcohol,genuine remorse,,,,,,immediate custody
43,,,,,,,,immediate custody
43,,,,,,,,
43,under influence drugs/alcohol,genuine remorse,,,,,,
43,under influence drugs/alcohol,genuine remorse,,,,,,
43,,genuine remorse,,,,,,
43,,genuine remorse,,,,,,
43,,,,,,,,
43,,genuine remorse,,,,,,
43,,genuine remorse,,,,,,
43,,genuine remorse,,,,,,immediate custody
43,,genuine remorse,,,,,,
43,,,,,,,,
43,under influence drugs/alcohol,,,,,,,
43,,genuine remorse,,,,,,
43,,genuine remorse,,,,,,immediate custody
43,under influence drugs/alcohol,,,,,,,
43,,genuine remorse,,,,,,
43,,genuine remorse,,,,,,
43,,,,,,,,immediate custody
43,,,,,,,,
43,,,,,,,,
43,under influence drugs/alcohol,genuine remorse,,,,,,
43,,,,,,,,
43,,genuine remorse,,,,,,
43,under influence drugs/alcohol,genuine remorse,,,,,,
43,,,,,,,,
43,under influence drugs/alcohol,,,,,,,immediate custody
43,,,,,,,,
43,,,,affray,,,,
43,,,,affray,,,,
43,,,,affray,,,,immediate custody
43,,genuine remorse,,affray,,,,
43,under influence drugs/alcohol,genuine remorse,,affray,,,,
43,,,,affray,,,,immediate custody
43,,,,affray,,,,immediate custody
43,,,,affray,,,,
43,,genuine remorse,,affray,,,,
43,,,,affray,,,,immediate custody
43,,genuine remorse,,affray,,,,
43,,,,affray,,,,
43,,,,affray,,,,
43,under influence drugs/alcohol,,,affray,,,,immediate custody
43,,,,affray,,,,
43,,,,affray,,,,
43,,,,affray,,,,
43,,,,affray,,,,
43,,,,affray,,,,
43,,genuine remorse,,affray,,,,
43,,,,affray,,,,
43,,,,affray,,,,
43,,,,affray,,,,
43,,,,affray,,,,immediate custody
43,under influence drugs/alcohol,genuine remorse,,affray,,,,
43,,,,affray,,,,
43,under influence drugs/alcohol,,,affray,,,,immediate custody
43,under influence drugs/alcohol,genuine remorse,,affray,,,,
43,,,,affray,,,,
43,,,,affray,,,,immediate custody
43,,genuine remorse,,affray,,,,
43,,,,affray,,,,
43,,genuine remorse,,affray,,,,
43,,,,affray,,,,
43,,,,affray,,,,
43,,,,affray,,,,
43,,genuine remorse,,affray,,,,
43,,,,affray,,,,immediate custody
43,,,,affray,,,,immediate custody
43,under influence drugs/alcohol,,,affray,,,,
43,,genuine remorse,,affray,,,,
43,,genuine remorse,,affray,,,,
43,,,,affray,,,,
43,under influence drugs/alcohol,genuine remorse,,affray,,,,
43,under influence drugs/alcohol,genuine remorse,,affray,,,,
43,under influence drugs/alcohol,,,affray,,,,
43,,,,affray,,,,immediate custody
43,,,,affray,,,,
43,,,,affray,,,,immediate custody
43,,,,affray,,,,
43,,,,,,,common assault,immediate custody
43,,,,,,,common assault,
43,,,,,,,common assault,
43,,,,,,,common assault,
43,,,,,,,common assault,
43,,genuine remorse,,,,,common assault,
43,,,,,,,common assault,immediate custody
43,,,,,,,common assault,
43,,genuine remorse,,,,,common assault,immediate custody
43,under influence drugs/alcohol,,,,,,common assault,immediate custody
43,,genuine remorse,,,,,common assault,
43,under influence drugs/alcohol,,,,,,common assault,immediate custody
43,under influence drugs/alcohol,,,,,,common assault,
43,under influence drugs/alcohol,,,,,,common assault,
43,,,,,,,common assault,immediate custody
43,under influence drugs/alcohol,genuine remorse,,,,,common assault,
43,,genuine remorse,,,,,common assault,
43,under influence drugs/alcohol,genuine remorse,,,,,common assault,
43,,,,,,,common assault,
43,,genuine remorse,,,,,common assault,
43,,genuine remorse,,,,,common assault,
43,under influence drugs/alcohol,,,,,grievous bodily harm with intent,,immediate custody
43,,genuine remorse,,,,grievous bodily harm with intent,,immediate custody
43,,genuine remorse,,,,grievous bodily harm with intent,,immediate custody
43,,genuine remorse,,,,grievous bodily harm with intent,,immediate custody
43,,,,,,grievous bodily harm with intent,,immediate custody
43,under influence drugs/alcohol,genuine remorse,,,,grievous bodily harm with intent,,immediate custody
43,,,,,,grievous bodily harm with intent,,immediate custody
43,under influence drugs/alcohol,,,,,grievous bodily harm with intent,,immediate custody
43,under influence drugs/alcohol,genuine remorse,,,grievous bodily harm,,,
43,,,,,grievous bodily harm,,,immediate custody
43,,,,,grievous bodily harm,,,immediate custody
43,,genuine remorse,,,grievous bodily harm,,,immediate custody
43,,genuine remorse,,,grievous bodily harm,,,
43,,,,,grievous bodily harm,,,
43,,genuine remorse,,,grievous bodily harm,,,immediate custody
43,,,,,grievous bodily harm,,,immediate custody
43,,genuine remorse,,,grievous bodily harm,,,
43,,genuine remorse,,,,grievous bodily harm with intent,,immediate custody
43,,genuine remorse,,,,grievous bodily harm with intent,,immediate custody
43,,,,,,grievous bodily harm with intent,,immediate custody
43,under influence drugs/alcohol,genuine remorse,,,,grievous bodily harm with intent,,immediate custody
43,,,,,,grievous bodily harm with intent,,immediate custody
43,,genuine remorse,,,,grievous bodily harm with intent,,immediate custody
43,under influence drugs/alcohol,genuine remorse,,,,grievous bodily harm with intent,,immediate custody
43,under influence drugs/alcohol,,,,,grievous bodily harm with intent,,immediate custody
43,under influence drugs/alcohol,genuine remorse,,,,grievous bodily harm with intent,,immediate custody
43,,genuine remorse,,,,grievous bodily harm with intent,,immediate custody
43,,,,,grievous bodily harm,,,immediate custody
43,,,,,grievous bodily harm,,,immediate custody
43,,,,,grievous bodily harm,,,
43,under influence drugs/alcohol,genuine remorse,,,grievous bodily harm,,,
43,,,,,,grievous bodily harm with intent,,immediate custody
43,,,,,,grievous bodily harm with intent,,immediate custody
43,under influence drugs/alcohol,,,,grievous bodily harm,,,immediate custody
43,under influence drugs/alcohol,,,,grievous bodily harm,,,immediate custody
43,under influence drugs/alcohol,,,,grievous bodily harm,,,immediate custody
43,,,,,grievous bodily harm,,,immediate custody
43,,genuine remorse,,,grievous bodily harm,,,
43,,genuine remorse,,,grievous bodily harm,,,
43,under influence drugs/alcohol,,,,grievous bodily harm,,,immediate custody
43,under influence drugs/alcohol,genuine remorse,,,grievous bodily harm,,,immediate custody
43,under influence drugs/alcohol,genuine remorse,,,grievous bodily harm,,,
43,,,,,grievous bodily harm,,,
43,,,,,grievous bodily harm,,,
43,,genuine remorse,,,grievous bodily harm,,,immediate custody
43,under influence drugs/alcohol,,,,grievous bodily harm,,,immediate custody
43,under influence drugs/alcohol,,,,grievous bodily harm,,,
43,,genuine remorse,,,grievous bodily harm,,,
43,under influence drugs/alcohol,,,,grievous bodily harm,,,immediate custody
43,,,,,grievous bodily harm,,,
43,,,,,grievous bodily harm,,,immediate custody
43,,,,,grievous bodily harm,,,immediate custody
43,,genuine remorse,,,grievous bodily harm,,,
43,,,,,grievous bodily harm,,,immediate custody
43,,genuine remorse,,,grievous bodily harm,,,
43,under influence drugs/alcohol,genuine remorse,,,grievous bodily harm,,,immediate custody
43,under influence drugs/alcohol,genuine remorse,,,grievous bodily harm,,,
43,under influence drugs/alcohol,genuine remorse,,,grievous bodily harm,,,immediate custody
43,under influence drugs/alcohol,,,,grievous bodily harm,,,immediate custody
43,under influence drugs/alcohol,,,,grievous bodily harm,,,immediate custody
43,,genuine remorse,,,grievous bodily harm,,,
43,,genuine remorse,,,grievous bodily harm,,,
43,,,,,grievous bodily harm,,,immediate custody
43,,genuine remorse,,,grievous bodily harm,,,
43,,,,,grievous bodily harm,,,
43,,,,,grievous bodily harm,,,immediate custody
43,,,,,grievous bodily harm,,,
43,,genuine remorse,,,grievous bodily harm,,,
43,under influence drugs/alcohol,,,,grievous bodily harm,,,immediate custody
43,,genuine remorse,,,grievous bodily harm,,,
43,,,,,grievous bodily harm,,,
43,under influence drugs/alcohol,,,,grievous bodily harm,,,immediate custody
43,under influence drugs/alcohol,genuine remorse,,,grievous bodily harm,,,
43,under influence drugs/alcohol,,,,grievous bodily harm,,,immediate custody
43,,,,,grievous bodily harm,,,immediate custody
43,,genuine remorse,,,grievous bodily harm,,,
43,under influence drugs/alcohol,,,,grievous bodily harm,,,immediate custody
43,,,,,grievous bodily harm,,,immediate custody
43,,genuine remorse,,,grievous bodily harm,,,
43,,,,,grievous bodily harm,,,immediate custody
43,under influence drugs/alcohol,genuine remorse,,,grievous bodily harm,,,
43,under influence drugs/alcohol,,,,grievous bodily harm,,,immediate custody
43,,,,,grievous bodily harm,,,immediate custody
43,under influence drugs/alcohol,,,,grievous bodily harm,,,immediate custody
43,,,,,grievous bodily harm,,,immediate custody
43,,,,,grievous bodily harm,,,immediate custody
43,,,,,grievous bodily harm,,,
43,,genuine remorse,,,grievous bodily harm,,,
43,,,,,grievous bodily harm,,,
43,,,violent disorder,,,,,immediate custody
28,under influence drugs/alcohol,genuine remorse,,affray,,,,
28,,,,affray,,,,
28,,,,affray,,,,
28,under influence drugs/alcohol,genuine remorse,,,,,,
28,,,,,,,,
28,,,,,,,,
28,under influence drugs/alcohol,genuine remorse,,,,,,
28,,genuine remorse,,,,,,immediate custody
28,,genuine remorse,,,,,,
28,under influence drugs/alcohol,,,,,,,
28,,genuine remorse,,,,,,
28,,genuine remorse,,,,,,immediate custody
28,,genuine remorse,,,,,,
28,,genuine remorse,,,,,,
28,,,,,,,,
28,,,,,,,,immediate custody
28,,,,,,,,
28,,genuine remorse,,,grievous bodily harm,,,immediate custody
28,,,,,grievous bodily harm,,,
28,,,,,,grievous bodily harm with intent,,immediate custody
28,,genuine remorse,,,,grievous bodily harm with intent,,immediate custody
28,,genuine remorse,,,,grievous bodily harm with intent,,immediate custody
28,,,,,,grievous bodily harm with intent,,immediate custody
28,,,,,,grievous bodily harm with intent,,immediate custody
28,,,,,,,common assault,
28,,genuine remorse,violent disorder,,,,,immediate custody
28,,,violent disorder,,,,,immediate custody
45,,,,,,,,
45,,genuine remorse,,,,,,
45,,,,,,,,
45,under influence drugs/alcohol,genuine remorse,,,,grievous bodily harm with intent,,immediate custody
46,,genuine remorse,,,,,,immediate custody
46,under influence drugs/alcohol,,,,,,,
46,under influence drugs/alcohol,genuine remorse,,,,,,immediate custody
46,under influence drugs/alcohol,,,,,,,
46,,,,,,,,immediate custody
46,,,,,,,,immediate custody
46,under influence drugs/alcohol,,,,,,,
46,under influence drugs/alcohol,,,,,,,
46,under influence drugs/alcohol,,,,,,,immediate custody
46,,,,,,,,immediate custody
46,,genuine remorse,,,,,,
46,,,,,,,,
46,under influence drugs/alcohol,,,,,,,immediate custody
46,under influence drugs/alcohol,,,,,,,immediate custody
46,under influence drugs/alcohol,,,,,,,immediate custody
46,under influence drugs/alcohol,,,,,,,immediate custody
46,,,,,,,,
46,under influence drugs/alcohol,,,,,,,immediate custody
46,under influence drugs/alcohol,,,,,,,immediate custody
46,under influence drugs/alcohol,,,,,,,immediate custody
46,,,,,,,,immediate custody
46,,,,affray,,,,immediate custody
46,,genuine remorse,,affray,,,,immediate custody
46,,genuine remorse,,affray,,,,immediate custody
46,,,,affray,,,,immediate custody
46,,,,affray,,,,
46,,,,affray,,,,
46,,,,affray,,,,immediate custody
46,,,,affray,,,,
46,under influence drugs/alcohol,,,affray,,,,immediate custody
46,,,,affray,,,,
46,,,,affray,,,,
46,under influence drugs/alcohol,,,affray,,,,immediate custody
46,under influence drugs/alcohol,,,affray,,,,immediate custody
46,,,,,,,,
46,,,,,,,,immediate custody
46,,,,,,,,immediate custody
46,,,,,,,,
46,,,,,,,,
46,,genuine remorse,,,,,,immediate custody
46,,,,,,,,immediate custody
46,under influence drugs/alcohol,,,,,,,immediate custody
46,,,,,,,,immediate custody
46,under influence drugs/alcohol,genuine remorse,,,,,,immediate custody
46,under influence drugs/alcohol,,,,,,,immediate custody
46,,genuine remorse,,,grievous bodily harm,,,immediate custody
46,,,,,grievous bodily harm,,,immediate custody
46,,,,,grievous bodily harm,,,immediate custody
46,under influence drugs/alcohol,,,,grievous bodily harm,,,
46,,,,,grievous bodily harm,,,immediate custody
46,,,,,grievous bodily harm,,,immediate custody
46,,,,,,grievous bodily harm with intent,,immediate custody
46,under influence drugs/alcohol,,,,,grievous bodily harm with intent,,immediate custody
46,,genuine remorse,,,,grievous bodily harm with intent,,
46,,,,,,,common assault,immediate custody
46,,,,,,,common assault,
46,,,,,,,common assault,
46,under influence drugs/alcohol,,,,,,common assault,
46,,,,,,,common assault,
46,,genuine remorse,,,,,common assault,
46,,,,,,,common assault,
46,,,,,,,common assault,
46,,,,,,,common assault,
47,under influence drugs/alcohol,,,,,,,
47,,,,,,,,immediate custody
47,under influence drugs/alcohol,genuine remorse,,,,,,immediate custody
47,,,,,,,,immediate custody
47,,,,,,,,immediate custody
47,,,,,,,,
47,under influence drugs/alcohol,,,,,,,immediate custody
47,,,,,,,,
47,,,,,,,,immediate custody
47,,genuine remorse,,,,,,
47,,,,,,,,immediate custody
47,,,,,,,,
47,,,,,,,,
47,,genuine remorse,,,,,,
47,,,,,,,,
47,,,,,,,,immediate custody
47,,genuine remorse,,,,,,
47,,,,,,,,
47,,genuine remorse,,,,,,
47,,,,affray,,,,
47,,,,,,,,
47,,,,affray,,,,
47,,,,affray,,,,
47,,,,affray,,,,immediate custody
47,,,,affray,,,,
47,under influence drugs/alcohol,genuine remorse,,affray,,,,
47,,,,affray,,,,
47,,,,affray,,,,
47,,,,affray,,,,
47,,,,affray,,,,immediate custody
47,,,,affray,,,,
47,,,,affray,,,,
47,,,,affray,,,,
47,,,,affray,,,,
47,,,,affray,,,,
47,,,,affray,,,,
47,,,,affray,,,,
47,under influence drugs/alcohol,genuine remorse,,affray,,,,immediate custody
47,,,,affray,,,,immediate custody
47,,,,affray,,,,
47,under influence drugs/alcohol,,,affray,,,,immediate custody
47,,genuine remorse,,affray,,,,
47,under influence drugs/alcohol,genuine remorse,,affray,,,,immediate custody
47,,,,affray,,,,
47,,,,affray,,,,
47,under influence drugs/alcohol,,,affray,,,,immediate custody
47,under influence drugs/alcohol,genuine remorse,,affray,,,,
47,,,,affray,,,,
47,,genuine remorse,,affray,,,,
47,,,,affray,,,,
47,,,,affray,,,,
47,,,,affray,,,,immediate custody
47,,,,affray,,,,
47,,,,affray,,,,immediate custody
47,under influence drugs/alcohol,genuine remorse,,affray,,,,
47,,,,,,,common assault,immediate custody
47,under influence drugs/alcohol,genuine remorse,,,,,,immediate custody
47,,genuine remorse,,,,,,
47,,genuine remorse,,,,,,
47,,,,,,,,
47,,,,,,,,
47,,genuine remorse,,,,,,
47,,,,,,,,immediate custody
47,,,,,,,,
47,,genuine remorse,,,,,,
47,,,,,,,,
47,,,,,,,,immediate custody
47,,,,,,,,
47,,genuine remorse,,,,,,immediate custody
47,under influence drugs/alcohol,genuine remorse,,,,,,
47,under influence drugs/alcohol,,,,,,,
47,under influence drugs/alcohol,,,,,,,
47,,genuine remorse,,,,,,
47,,,,,,,,
47,,,,,,,,immediate custody
47,,,,,,,,
47,,,,,,,,immediate custody
47,,,,,,,,
47,under influence drugs/alcohol,,,,,,,
47,,genuine remorse,,,,,,
47,,genuine remorse,,,,,,immediate custody
47,,genuine remorse,,,,,,
47,,genuine remorse,,,,,,
47,,,,,,,,immediate custody
47,,genuine remorse,,,,,,
47,,genuine remorse,,,,,,
47,,,,,,,,immediate custody
47,,,,,,,,immediate custody
47,,,,,,,,immediate custody
47,,,,,,,,immediate custody
47,,,,,,,,immediate custody
47,,genuine remorse,,,,,,immediate custody
47,,,,,,,,immediate custody
47,,,,,,,common assault,immediate custody
47,,,,,,,common assault,
47,,,,,,,common assault,immediate custody
47,,,,,,,common assault,
47,,,,,,,common assault,immediate custody
47,under influence drugs/alcohol,genuine remorse,,,,,common assault,immediate custody
47,,,,,,,common assault,
47,,,,,,,common assault,
47,,,,,,,common assault,immediate custody
47,under influence drugs/alcohol,,,,,grievous bodily harm with intent,,immediate custody
47,under influence drugs/alcohol,,,,,grievous bodily harm with intent,,immediate custody
47,,,,,,grievous bodily harm with intent,,immediate custody
47,under influence drugs/alcohol,genuine remorse,,,,grievous bodily harm with intent,,immediate custody
47,,,,,,grievous bodily harm with intent,,immediate custody
47,,,,,,grievous bodily harm with intent,,immediate custody
47,under influence drugs/alcohol,genuine remorse,,,,grievous bodily harm with intent,,immediate custody
47,under influence drugs/alcohol,,,,,grievous bodily harm with intent,,immediate custody
47,,,,,,grievous bodily harm with intent,,immediate custody
47,,,,,grievous bodily harm,,,immediate custody
47,,genuine remorse,,,grievous bodily harm,,,immediate custody
47,,genuine remorse,,,grievous bodily harm,,,immediate custody
47,,,,,grievous bodily harm,,,immediate custody
47,,,,,grievous bodily harm,,,immediate custody
47,,genuine remorse,,,grievous bodily harm,,,
47,,,,,,grievous bodily harm with intent,,immediate custody
47,under influence drugs/alcohol,genuine remorse,,,,grievous bodily harm with intent,,immediate custody
47,under influence drugs/alcohol,genuine remorse,,,,grievous bodily harm with intent,,immediate custody
47,,genuine remorse,,,,grievous bodily harm with intent,,immediate custody
47,under influence drugs/alcohol,,,,,grievous bodily harm with intent,,immediate custody
47,under influence drugs/alcohol,genuine remorse,,,,grievous bodily harm with intent,,immediate custody
47,under influence drugs/alcohol,,,,,grievous bodily harm with intent,,immediate custody
47,,genuine remorse,,,,grievous bodily harm with intent,,immediate custody
47,under influence drugs/alcohol,genuine remorse,,,grievous bodily harm,,,immediate custody
47,,genuine remorse,,,grievous bodily harm,,,
47,,,,,grievous bodily harm,,,immediate custody
47,,genuine remorse,,,grievous bodily harm,,,immediate custody
47,,genuine remorse,,,grievous bodily harm,,,immediate custody
47,,,,,grievous bodily harm,,,immediate custody
47,,,,,grievous bodily harm,,,
47,,,,,grievous bodily harm,,,
47,under influence drugs/alcohol,genuine remorse,,,grievous bodily harm,,,immediate custody
47,,,,,grievous bodily harm,,,immediate custody
47,,genuine remorse,,,grievous bodily harm,,,
47,under influence drugs/alcohol,,,,grievous bodily harm,,,immediate custody
47,under influence drugs/alcohol,,,,grievous bodily harm,,,immediate custody
47,,,,,grievous bodily harm,,,immediate custody
47,,genuine remorse,,,grievous bodily harm,,,
47,under influence drugs/alcohol,genuine remorse,,,grievous bodily harm,,,immediate custody
48,,genuine remorse,,,,,,
48,,,,,,,,
48,,genuine remorse,,,,,,
48,under influence drugs/alcohol,,,,,,,immediate custody
48,,,,,,,,immediate custody
48,under influence drugs/alcohol,,,,,,,immediate custody
48,,,,,,,,
48,,genuine remorse,,,,,,immediate custody
48,under influence drugs/alcohol,,,,,,,
48,under influence drugs/alcohol,genuine remorse,,affray,,,,immediate custody
48,,genuine remorse,,affray,,,,
48,,,,affray,,,,
48,under influence drugs/alcohol,,,affray,,,,
48,,,,affray,,,,
48,under influence drugs/alcohol,,,affray,,,,
48,,,,affray,,,,
48,,,,,,,,
48,,genuine remorse,,,,,,
48,,genuine remorse,,,,,,
48,under influence drugs/alcohol,,,affray,,,,
48,,,,,,,,
48,under influence drugs/alcohol,,,,,,,
48,,genuine remorse,,,,,,
48,under influence drugs/alcohol,,,,,,,immediate custody
48,,,,,,,,
48,under influence drugs/alcohol,genuine remorse,,,,,,
48,under influence drugs/alcohol,,,,,,,
48,,,,,,,,
48,,,,,grievous bodily harm,,,
48,,,,,grievous bodily harm,,,immediate custody
48,under influence drugs/alcohol,genuine remorse,,,grievous bodily harm,,,
48,,,,,grievous bodily harm,,,immediate custody
48,under influence drugs/alcohol,,,,grievous bodily harm,,,immediate custody
48,,,,,grievous bodily harm,,,immediate custody
48,under influence drugs/alcohol,genuine remorse,,,grievous bodily harm,,,immediate custody
48,,,,,,grievous bodily harm with intent,,immediate custody
48,under influence drugs/alcohol,,,,,grievous bodily harm with intent,,immediate custody
48,,,,,,grievous bodily harm with intent,,immediate custody
48,,,,,grievous bodily harm,,,
48,,genuine remorse,,,,grievous bodily harm with intent,,
48,,genuine remorse,,,,,common assault,
48,under influence drugs/alcohol,,,,,,common assault,immediate custody
48,,,,,,,common assault,immediate custody
50,,genuine remorse,,,,,,
50,,,,,,,,immediate custody
50,,,,,,,,
50,,genuine remorse,,,,,,
50,,genuine remorse,,,,,,
50,,,,,,,,
50,,,,,,,,immediate custody
50,,,,affray,,,,
50,,,,affray,,,,
50,,,,affray,,,,
50,,,,affray,,,,
50,,,,affray,,,,
50,,,,affray,,,,
50,,genuine remorse,,affray,,,,
50,,genuine remorse,,affray,,,,
50,,,,affray,,,,
50,,,,affray,,,,
50,under influence drugs/alcohol,,,,,,,immediate custody
50,,,,,,,,
50,,,,,,,,
50,under influence drugs/alcohol,genuine remorse,,,,,,
50,,,,,,,,
50,under influence drugs/alcohol,,,,,,,
50,,,,,,,,immediate custody
50,,,,,,,,immediate custody
50,,,,,,,,immediate custody
50,under influence drugs/alcohol,genuine remorse,,,,,,
50,,,,,,,,immediate custody
50,under influence drugs/alcohol,,,,,,,
50,,,,,,,,immediate custody
50,,,,,,,,
50,under influence drugs/alcohol,,,,,,,
50,,,,,,,common assault,immediate custody
50,,,,,,,common assault,immediate custody
50,,,,,,grievous bodily harm with intent,,immediate custody
50,,,,,,grievous bodily harm with intent,,immediate custody
50,,,,,,grievous bodily harm with intent,,immediate custody
50,under influence drugs/alcohol,,,,,grievous bodily harm with intent,,immediate custody
50,under influence drugs/alcohol,genuine remorse,,,,grievous bodily harm with intent,,immediate custody
50,,,,,,grievous bodily harm with intent,,immediate custody
50,,,,,,grievous bodily harm with intent,,immediate custody
50,under influence drugs/alcohol,genuine remorse,,,grievous bodily harm,,,
50,,,,,grievous bodily harm,,,
50,,,,,grievous bodily harm,,,immediate custody
50,,,,,,grievous bodily harm with intent,,immediate custody
50,,,,,,grievous bodily harm with intent,,immediate custody
50,,genuine remorse,,,grievous bodily harm,,,immediate custody
50,,,,,grievous bodily harm,,,immediate custody
50,,,,,grievous bodily harm,,,
50,under influence drugs/alcohol,,,,grievous bodily harm,,,
50,,,,,grievous bodily harm,,,
50,under influence drugs/alcohol,,,,grievous bodily harm,,,
50,,,,,grievous bodily harm,,,
51,,,,,,,,immediate custody
51,,genuine remorse,,,,,,
51,,,,,,,,
51,,,,,,,,
51,,,,,,,,
51,,genuine remorse,,,,,,
51,,,,,,,,
51,,,,,,,,
51,,genuine remorse,,,,,,
51,,,,,,,,
51,,genuine remorse,,,,,,
51,,genuine remorse,,,,,,immediate custody
51,,,,,,,,
51,,,,,,,,
51,,,,,,,,
51,,,,,,,,
51,under influence drugs/alcohol,,,affray,,,,
51,,,,affray,,,,
51,,,,affray,,,,
51,,,,affray,,,,
51,,,,affray,,,,
51,,genuine remorse,,affray,,,,
51,,genuine remorse,,affray,,,,immediate custody
51,,,,affray,,,,
51,,,,affray,,,,immediate custody
51,,,,affray,,,,
51,,,,,,,,immediate custody
51,,,,,,,,immediate custody
51,,,,,,,,
51,,,,,,,,immediate custody
51,,genuine remorse,,,,,,
51,,,,,,,,
51,,,,,,,,
51,,,,,,,,immediate custody
51,,,,,,,,immediate custody
51,,,,,grievous bodily harm,,,
51,,,,,grievous bodily harm,,,immediate custody
51,,,,,grievous bodily harm,,,immediate custody
51,under influence drugs/alcohol,,,,grievous bodily harm,,,
51,,genuine remorse,,,grievous bodily harm,,,
51,under influence drugs/alcohol,,,,grievous bodily harm,,,
51,under influence drugs/alcohol,genuine remorse,,,grievous bodily harm,,,
51,,,,,grievous bodily harm,,,immediate custody
51,,,,,grievous bodily harm,,,
51,under influence drugs/alcohol,,,,grievous bodily harm,,,immediate custody
51,,,,,,grievous bodily harm with intent,,immediate custody
51,,,,,,grievous bodily harm with intent,,immediate custody
51,under influence drugs/alcohol,,,,,grievous bodily harm with intent,,immediate custody
51,under influence drugs/alcohol,,,,,grievous bodily harm with intent,,immediate custody
51,,,,,,grievous bodily harm with intent,,immediate custody
51,under influence drugs/alcohol,,,,,grievous bodily harm with intent,,immediate custody
51,under influence drugs/alcohol,,,,,grievous bodily harm with intent,,immediate custody
51,,,,,,grievous bodily harm with intent,,immediate custody
51,under influence drugs/alcohol,,,,,,common assault,
51,,,,,,,common assault,
51,under influence drugs/alcohol,,,,,,common assault,immediate custody
51,,,,,,,common assault,
51,,,,,,,common assault,immediate custody
51,,,,,,,common assault,
51,,genuine remorse,,,,,common assault,
51,,,violent disorder,,,,,
52,under influence drugs/alcohol,genuine remorse,,,,,,
52,under influence drugs/alcohol,,,,,,,
52,,genuine remorse,,,,,,immediate custody
52,,genuine remorse,,,,,,
52,,,,,,,,immediate custody
52,,genuine remorse,,,,,,
52,,,,,,,,
52,,,,,,,,
52,,,,,,,,immediate custody
52,,genuine remorse,,,,,,
52,,,,affray,,,,
52,,,,affray,,,,immediate custody
52,under influence drugs/alcohol,,,affray,,,,immediate custody
52,,,,affray,,,,
52,,,,affray,,,,
52,,,,affray,,,,
52,,,,affray,,,,immediate custody
52,,,,affray,,,,
52,,genuine remorse,,affray,,,,
52,,,,affray,,,,
52,,,,affray,,,,
52,under influence drugs/alcohol,,,affray,,,,immediate custody
52,under influence drugs/alcohol,,,affray,,,,immediate custody
52,,,,affray,,,,
52,,,,,,,,immediate custody
52,,genuine remorse,,,,,,immediate custody
52,,genuine remorse,,,,,,
52,,,,,,,,immediate custody
52,,,,,,,,
52,,genuine remorse,,,,,,immediate custody
52,,,,,,,,
52,,,,,,,,
52,under influence drugs/alcohol,,,,,,,immediate custody
52,,,,,,,,immediate custody
52,,,,,,,,immediate custody
52,,,,,,,,
52,under influence drugs/alcohol,,,,,,common assault,immediate custody
52,under influence drugs/alcohol,,,,,,common assault,immediate custody
52,,,,,,,common assault,
52,,,,,,,common assault,
52,under influence drugs/alcohol,,,,,,common assault,immediate custody
52,,genuine remorse,,,,,common assault,
52,,,,,,,common assault,
52,,genuine remorse,,,,,common assault,
52,under influence drugs/alcohol,,,,grievous bodily harm,,,immediate custody
52,under influence drugs/alcohol,,,,grievous bodily harm,,,immediate custody
52,,genuine remorse,,,,grievous bodily harm with intent,,immediate custody
52,under influence drugs/alcohol,,,,,grievous bodily harm with intent,,immediate custody
52,,,,,,grievous bodily harm with intent,,immediate custody
52,,,,,grievous bodily harm,,,immediate custody
52,,genuine remorse,,,grievous bodily harm,,,
52,,genuine remorse,,,grievous bodily harm,,,immediate custody
52,,,,,grievous bodily harm,,,immediate custody
52,under influence drugs/alcohol,genuine remorse,,,grievous bodily harm,,,immediate custody
52,under influence drugs/alcohol,,,,grievous bodily harm,,,immediate custody
52,,,,,grievous bodily harm,,,
53,,,,,,,,
53,,,,,,,,immediate custody
53,,genuine remorse,,,,,,immediate custody
53,under influence drugs/alcohol,genuine remorse,,,,,,
53,,,,,,,,immediate custody
53,,genuine remorse,,,,,,
53,,,,,,,,
53,,,,,,,,
53,under influence drugs/alcohol,genuine remorse,,affray,,,,immediate custody
53,under influence drugs/alcohol,genuine remorse,,affray,,,,immediate custody
53,under influence drugs/alcohol,genuine remorse,,affray,,,,immediate custody
53,,,,affray,,,,immediate custody
53,,,,affray,,,,immediate custody
53,,,,affray,,,,immediate custody
53,under influence drugs/alcohol,,,affray,,,,immediate custody
53,under influence drugs/alcohol,genuine remorse,,,,,,
53,under influence drugs/alcohol,,,,,,,
53,,,,,,,,
53,,,,,,,,immediate custody
53,under influence drugs/alcohol,genuine remorse,,,,,,
53,,,,,,,,immediate custody
53,,,,,grievous bodily harm,,,immediate custody
53,under influence drugs/alcohol,,,,grievous bodily harm,,,immediate custody
53,,genuine remorse,,,grievous bodily harm,,,
53,,,,,grievous bodily harm,,,
53,,,,,grievous bodily harm,,,
53,,genuine remorse,,,grievous bodily harm,,,
53,,genuine remorse,,,,grievous bodily harm with intent,,immediate custody
53,,genuine remorse,,,grievous bodily harm,,,
53,,,,,,grievous bodily harm with intent,,immediate custody
53,under influence drugs/alcohol,genuine remorse,,,,grievous bodily harm with intent,,immediate custody
53,under influence drugs/alcohol,,,,,,common assault,
53,,,,,,,common assault,
59,under influence drugs/alcohol,,,,,,,immediate custody
59,,,,,,,,immediate custody
59,under influence drugs/alcohol,,,,,,,
59,under influence drugs/alcohol,,,,,,,
59,,genuine remorse,,,,,,
59,,genuine remorse,,,,,,
59,,,,,,,,
59,under influence drugs/alcohol,genuine remorse,,,,,,
59,,genuine remorse,,,,,,
59,,,,affray,,,,
59,,,,affray,,,,
59,,,,affray,,,,
59,,,,,,,common assault,
59,under influence drugs/alcohol,genuine remorse,,,,,,
59,,,,,,,,
59,,genuine remorse,,,,,,immediate custody
59,,,,,,,,immediate custody
59,,genuine remorse,,,,,,immediate custody
59,,,,,,,,
59,under influence drugs/alcohol,genuine remorse,,,,,,
59,,,,,,,,immediate custody
59,,,,,,,,immediate custody
59,,,,,,,,
59,,,,,,,,
59,,,,,,,common assault,
59,,,,,,,common assault,
59,,,,,,,common assault,
59,,,,,,,common assault,
59,,,,,,,common assault,
59,,,,,,grievous bodily harm with intent,,immediate custody
59,,,,,,grievous bodily harm with intent,,immediate custody
59,,,,,,grievous bodily harm with intent,,immediate custody
59,under influence drugs/alcohol,,,,,grievous bodily harm with intent,,immediate custody
59,,,,,,grievous bodily harm with intent,,immediate custody
59,,,,,,grievous bodily harm with intent,,immediate custody
59,,,,,grievous bodily harm,,,immediate custody
59,,genuine remorse,,,grievous bodily harm,,,
59,under influence drugs/alcohol,,,,,grievous bodily harm with intent,,immediate custody
59,,,,,,grievous bodily harm with intent,,immediate custody
59,,,,,grievous bodily harm,,,
59,under influence drugs/alcohol,,,,,grievous bodily harm with intent,,immediate custody
59,,genuine remorse,,,,grievous bodily harm with intent,,immediate custody
59,,,,,,grievous bodily harm with intent,,immediate custody
59,,,,,,grievous bodily harm with intent,,immediate custody
59,,genuine remorse,,,grievous bodily harm,,,
59,,genuine remorse,,,grievous bodily harm,,,
59,,,,,,grievous bodily harm with intent,,immediate custody
59,under influence drugs/alcohol,genuine remorse,,,grievous bodily harm,,,
59,under influence drugs/alcohol,,,,grievous bodily harm,,,immediate custody
59,,,,,grievous bodily harm,,,
59,,genuine remorse,,,grievous bodily harm,,,
59,,,,,grievous bodily harm,,,immediate custody
59,,genuine remorse,,,grievous bodily harm,,,
59,under influence drugs/alcohol,,,,grievous bodily harm,,,immediate custody
54,,genuine remorse,,,,,,
54,,,,,,,,
54,,genuine remorse,,,,,,
54,,,,,,,,immediate custody
54,,,,,,,,
54,,,,,,,,
54,,genuine remorse,,,,,,
54,,,,,,,,immediate custody
54,under influence drugs/alcohol,,,,,,,immediate custody
54,under influence drugs/alcohol,,,,,,,immediate custody
54,,genuine remorse,,,,,,
54,,,,,,,,immediate custody
54,,,,,,,,immediate custody
54,,genuine remorse,,,,,,
54,under influence drugs/alcohol,,,,,,,immediate custody
54,under influence drugs/alcohol,,,,,,,immediate custody
54,under influence drugs/alcohol,,,,,,,immediate custody
54,under influence drugs/alcohol,,,,,,,immediate custody
54,,genuine remorse,,,,,,
54,under influence drugs/alcohol,,,,,,,immediate custody
54,,genuine remorse,,,,,,immediate custody
54,under influence drugs/alcohol,,,,,,,
54,,,,,,,,immediate custody
54,,,,,,,,
54,under influence drugs/alcohol,,,,,,,
54,,,,,,,,
54,,genuine remorse,,,,,,immediate custody
54,under influence drugs/alcohol,,,,,,,immediate custody
54,,,,,,,,immediate custody
54,,,,,,,,
54,,,,,,,,immediate custody
54,under influence drugs/alcohol,,,,,,,immediate custody
54,,,,,,,,
54,under influence drugs/alcohol,,,,,,,immediate custody
54,,,,,,,,
54,,,,,,,,
54,,,,,,,,immediate custody
54,under influence drugs/alcohol,,,,,,,immediate custody
54,under influence drugs/alcohol,,,,,,,immediate custody
54,,genuine remorse,,,,,,
54,,,,,,,,
54,,,,,,,,immediate custody
54,,,,,,,,
54,under influence drugs/alcohol,,,,,,,immediate custody
54,,,,,,,common assault,immediate custody
54,under influence drugs/alcohol,genuine remorse,,,,,common assault,
54,,,,affray,,,,
54,,,,affray,,,,
54,,,,affray,,,,
54,,,,affray,,,,
54,,,,affray,,,,immediate custody
54,,,,affray,,,,
54,,,,affray,,,,immediate custody
54,under influence drugs/alcohol,,,affray,,,,immediate custody
54,under influence drugs/alcohol,,,affray,,,,immediate custody
54,,,,affray,,,,immediate custody
54,,,,affray,,,,immediate custody
54,,genuine remorse,,affray,,,,
54,,,,affray,,,,
54,,,,affray,,,,
54,,,,affray,,,,immediate custody
54,,,,affray,,,,
54,under influence drugs/alcohol,,,affray,,,,
54,,,,affray,,,,
54,,,,affray,,,,
54,,,,affray,,,,immediate custody
54,,,,affray,,,,
54,,,,affray,,,,immediate custody
54,,,,affray,,,,
54,,genuine remorse,,affray,,,,immediate custody
54,,genuine remorse,,affray,,,,
54,,,,affray,,,,
54,under influence drugs/alcohol,,,affray,,,,immediate custody
54,,,,affray,,,,
54,,,,affray,,,,immediate custody
54,,genuine remorse,,affray,,,,
54,,,,affray,,,,immediate custody
54,under influence drugs/alcohol,,,affray,,,,
54,under influence drugs/alcohol,,,affray,,,,
54,,,,affray,,,,
54,,,,affray,,,,
54,under influence drugs/alcohol,,,affray,,,,
54,,,,affray,,,,immediate custody
54,,,,affray,,,,
54,,,,affray,,,,
54,,,,affray,,,,
54,,,,affray,,,,immediate custody
54,,,,,,,,
54,,,,affray,,,,
54,,,,affray,,,,immediate custody
54,,,,,,,,
54,,,,,,,,
54,,,,,,,,
54,,,,,,,,immediate custody
54,,,,affray,,,,
54,under influence drugs/alcohol,,,,,,,immediate custody
54,,genuine remorse,,,,,,
54,under influence drugs/alcohol,genuine remorse,,,,,,
54,under influence drugs/alcohol,,,,,,,immediate custody
54,,,,,,,,
54,,,,,,,,
54,,,,,,,,
54,,,,,,,,immediate custody
54,under influence drugs/alcohol,,,,,,,immediate custody
54,,,,,,,,immediate custody
54,,genuine remorse,,,,,,
54,under influence drugs/alcohol,,,,,,,
54,,,,,,,,
54,,,,,,,,
54,,,,,,,,immediate custody
54,,genuine remorse,,,,,,immediate custody
54,,,,,,,,immediate custody
54,,,,,,,,
54,,,,,,,,
54,,,,,,,,immediate custody
54,,,,,,,,immediate custody
54,,,,,,,,
54,,,,,,,,immediate custody
54,,,,,,,,
54,,,,,,,,immediate custody
54,,genuine remorse,,,,,,immediate custody
54,,,,,,,,
54,under influence drugs/alcohol,genuine remorse,,,,,,immediate custody
54,,,,,,,,immediate custody
54,,,,,,,,immediate custody
54,under influence drugs/alcohol,,,,,,,immediate custody
54,,,,,,,,
54,,,,,,,,
54,,,,,,,,immediate custody
54,,genuine remorse,,,grievous bodily harm,,,immediate custody
54,under influence drugs/alcohol,genuine remorse,,,grievous bodily harm,,,immediate custody
54,,genuine remorse,,,grievous bodily harm,,,
54,,,,,grievous bodily harm,,,immediate custody
54,,genuine remorse,,,grievous bodily harm,,,immediate custody
54,,genuine remorse,,,grievous bodily harm,,,
54,,genuine remorse,,,grievous bodily harm,,,immediate custody
54,,,,,grievous bodily harm,,,immediate custody
54,,genuine remorse,,,grievous bodily harm,,,
54,,,,,grievous bodily harm,,,
54,,,,,grievous bodily harm,,,immediate custody
54,,,,,grievous bodily harm,,,immediate custody
54,,,,,grievous bodily harm,,,
54,,,,,grievous bodily harm,,,immediate custody
54,under influence drugs/alcohol,,,,grievous bodily harm,,,immediate custody
54,,genuine remorse,,,grievous bodily harm,,,immediate custody
54,,,,,grievous bodily harm,,,immediate custody
54,,genuine remorse,,,grievous bodily harm,,,
54,,genuine remorse,,,grievous bodily harm,,,immediate custody
54,,,,,grievous bodily harm,,,immediate custody
54,,,,,grievous bodily harm,,,immediate custody
54,,,,,grievous bodily harm,,,immediate custody
54,,,,,grievous bodily harm,,,immediate custody
54,,,,,grievous bodily harm,,,immediate custody
54,,,,,grievous bodily harm,,,immediate custody
54,,genuine remorse,,,grievous bodily harm,,,
54,,,,,grievous bodily harm,,,
54,,,,,grievous bodily harm,,,
54,,,,,grievous bodily harm,,,immediate custody
54,,,,,grievous bodily harm,,,
54,under influence drugs/alcohol,,,,grievous bodily harm,,,immediate custody
54,,genuine remorse,,,grievous bodily harm,,,immediate custody
54,,genuine remorse,,,grievous bodily harm,,,
54,,,,,grievous bodily harm,,,immediate custody
54,,genuine remorse,,,grievous bodily harm,,,immediate custody
54,under influence drugs/alcohol,,,,grievous bodily harm,,,immediate custody
54,under influence drugs/alcohol,,,,grievous bodily harm,,,immediate custody
54,,,,,grievous bodily harm,,,immediate custody
54,,,,,,grievous bodily harm with intent,,immediate custody
54,,,,,,grievous bodily harm with intent,,immediate custody
54,,,,,grievous bodily harm,,,immediate custody
54,,genuine remorse,,,grievous bodily harm,,,
54,,,,,,grievous bodily harm with intent,,immediate custody
54,,,,,,grievous bodily harm with intent,,immediate custody
54,,,,,,grievous bodily harm with intent,,immediate custody
54,under influence drugs/alcohol,genuine remorse,,,,grievous bodily harm with intent,,immediate custody
54,under influence drugs/alcohol,genuine remorse,,,grievous bodily harm,,,
54,,genuine remorse,,,grievous bodily harm,,,
54,,genuine remorse,,,grievous bodily harm,,,
54,,genuine remorse,,,grievous bodily harm,,,immediate custody
54,under influence drugs/alcohol,genuine remorse,,,grievous bodily harm,,,immediate custody
54,under influence drugs/alcohol,,,,grievous bodily harm,,,
54,,genuine remorse,,,,grievous bodily harm with intent,,immediate custody
54,,,,,,grievous bodily harm with intent,,immediate custody
54,,,,,,grievous bodily harm with intent,,immediate custody
54,under influence drugs/alcohol,,,,,grievous bodily harm with intent,,immediate custody
54,,genuine remorse,,,,grievous bodily harm with intent,,immediate custody
54,,,,,,grievous bodily harm with intent,,immediate custody
54,,,,,,grievous bodily harm with intent,,immediate custody
54,,,,,,grievous bodily harm with intent,,immediate custody
54,,,,,,grievous bodily harm with intent,,immediate custody
54,under influence drugs/alcohol,,,,,grievous bodily harm with intent,,immediate custody
54,,,,,,,common assault,
54,,,,,,,common assault,
54,,,,,,,common assault,
54,under influence drugs/alcohol,genuine remorse,,,,,common assault,
54,,,,,,,common assault,immediate custody
54,,,,,,,common assault,
54,,,,,,,common assault,immediate custody
54,,,,,,,common assault,immediate custody
54,,,,,,,common assault,
54,,,,,,,common assault,immediate custody
54,,,,,,,common assault,
54,,,,,,,common assault,immediate custody
54,,,violent disorder,,,,,immediate custody
54,,,violent disorder,,,,,
54,under influence drugs/alcohol,,violent disorder,,,,,
54,,,violent disorder,,,,,immediate custody
55,,,,,,,,immediate custody
55,,,,,,,,immediate custody
55,under influence drugs/alcohol,,,,,,,
55,under influence drugs/alcohol,genuine remorse,,,,,,
55,,,,affray,,,,
55,,,,affray,,,,immediate custody
55,,,,affray,,,,immediate custody
55,,,,affray,,,,
55,under influence drugs/alcohol,genuine remorse,,affray,,,,immediate custody
55,,,,affray,,,,
55,,genuine remorse,,affray,,,,immediate custody
55,,genuine remorse,,affray,,,,immediate custody
55,,,,,,,,immediate custody
55,under influence drugs/alcohol,,,,,,,
55,under influence drugs/alcohol,,,,,,,immediate custody
55,,,,,,,,
55,,genuine remorse,,,,,,
55,under influence drugs/alcohol,,,,,,,
55,,,,,,,,
55,,,,,,,,
55,under influence drugs/alcohol,,,,,,,immediate custody
55,,,,,,,,immediate custody
55,,genuine remorse,,,,,,
55,,,,,,,,immediate custody
55,under influence drugs/alcohol,genuine remorse,,,,,common assault,
55,,,,,,grievous bodily harm with intent,,immediate custody
55,,,,,,grievous bodily harm with intent,,immediate custody
55,under influence drugs/alcohol,,,,grievous bodily harm,,,immediate custody
55,,genuine remorse,,,grievous bodily harm,,,
55,,,,,grievous bodily harm,,,
55,,,,,,grievous bodily harm with intent,,immediate custody
55,,,,,grievous bodily harm,,,
55,,,,,grievous bodily harm,,,immediate custody
55,,genuine remorse,,,grievous bodily harm,,,
55,under influence drugs/alcohol,genuine remorse,,,grievous bodily harm,,,
55,under influence drugs/alcohol,genuine remorse,,,grievous bodily harm,,,
55,,genuine remorse,,,grievous bodily harm,,,
55,under influence drugs/alcohol,,,,grievous bodily harm,,,immediate custody
55,,genuine remorse,,,grievous bodily harm,,,immediate custody
55,under influence drugs/alcohol,,,,grievous bodily harm,,,immediate custody
56,under influence drugs/alcohol,,,,,,,immediate custody
56,,genuine remorse,,,,,,
56,under influence drugs/alcohol,genuine remorse,,,,,,
56,,,,,,,,immediate custody
56,under influence drugs/alcohol,genuine remorse,,,,,,
56,,,,,,,,immediate custody
56,,genuine remorse,,,,,,immediate custody
56,,,,,,,,immediate custody
56,under influence drugs/alcohol,,,,,,,immediate custody
56,,,,,,,,
56,,,,,,,,
56,,genuine remorse,,,,,,
56,under influence drugs/alcohol,genuine remorse,,,,,,immediate custody
56,,,,,,,,
56,,genuine remorse,,,,,,immediate custody
56,under influence drugs/alcohol,genuine remorse,,,,,,immediate custody
56,,,,,,,,immediate custody
56,,,,,,,,immediate custody
56,,,,,,,,immediate custody
56,,,,,,,,
56,,,,,,,common assault,
56,,,,,,,common assault,immediate custody
56,,,,,,,common assault,
56,,,,affray,,,,immediate custody
56,,,,affray,,,,immediate custody
56,,,,affray,,,,immediate custody
56,,genuine remorse,,affray,,,,
56,,,,affray,,,,
56,,,,affray,,,,immediate custody
56,,,,affray,,,,
56,,genuine remorse,,affray,,,,immediate custody
56,,genuine remorse,,affray,,,,
56,,,,affray,,,,
56,,,,affray,,,,immediate custody
56,,genuine remorse,,affray,,,,immediate custody
56,,genuine remorse,,affray,,,,
56,,,,affray,,,,
56,,,,affray,,,,
56,,,,affray,,,,
56,,genuine remorse,,affray,,,,
56,,,,affray,,,,immediate custody
56,,,,affray,,,,
56,,,,affray,,,,
56,,,,affray,,,,immediate custody
56,,genuine remorse,,affray,,,,
56,,,,,,,,immediate custody
56,,,,,,,,immediate custody
56,,genuine remorse,,,,,,
56,under influence drugs/alcohol,,,,,,,immediate custody
56,under influence drugs/alcohol,,,,,,,
56,,,,,,,,immediate custody
56,,genuine remorse,,,,,,
56,,,,,,,,immediate custody
56,,,,,,,,
56,,,,,,,,
56,,genuine remorse,,,,,,
56,,,,,,,,immediate custody
56,,,,,,,,
56,,,,,,,,immediate custody
56,,,,,,,,immediate custody
56,,,,,,,,immediate custody
56,,,,,,,,
56,,genuine remorse,,,,,,
56,,genuine remorse,,,,,,
56,under influence drugs/alcohol,genuine remorse,,,,,,
56,,,,,,,,immediate custody
56,,,,,,,,immediate custody
56,,,,,,,,
56,,,,,,,,immediate custody
56,,,,,grievous bodily harm,,,immediate custody
56,,genuine remorse,,,grievous bodily harm,,,
56,,genuine remorse,,,grievous bodily harm,,,immediate custody
56,under influence drugs/alcohol,genuine remorse,,,grievous bodily harm,,,immediate custody
56,,genuine remorse,,,grievous bodily harm,,,
56,,genuine remorse,,,grievous bodily harm,,,
56,,genuine remorse,,,grievous bodily harm,,,immediate custody
56,under influence drugs/alcohol,,,,grievous bodily harm,,,
56,under influence drugs/alcohol,,,,grievous bodily harm,,,immediate custody
56,,genuine remorse,,,grievous bodily harm,,,immediate custody
56,,genuine remorse,,,grievous bodily harm,,,
56,,,,,grievous bodily harm,,,immediate custody
56,,,,,grievous bodily harm,,,
56,under influence drugs/alcohol,,,,grievous bodily harm,,,immediate custody
56,,,,,grievous bodily harm,,,immediate custody
56,,,,,grievous bodily harm,,,
56,,genuine remorse,,,grievous bodily harm,,,immediate custody
56,,genuine remorse,,,grievous bodily harm,,,
56,under influence drugs/alcohol,,,,,grievous bodily harm with intent,,immediate custody
56,,,,,,grievous bodily harm with intent,,immediate custody
56,,genuine remorse,,,,grievous bodily harm with intent,,immediate custody
56,,,,,,grievous bodily harm with intent,,immediate custody
56,,genuine remorse,,,,grievous bodily harm with intent,,immediate custody
56,,,,,,grievous bodily harm with intent,,immediate custody
56,,,,,,grievous bodily harm with intent,,immediate custody
56,,,,,,grievous bodily harm with intent,,immediate custody
56,,,,,,grievous bodily harm with intent,,immediate custody
56,,,,,,grievous bodily harm with intent,,immediate custody
56,,,,,grievous bodily harm,,,immediate custody
56,,,,,grievous bodily harm,,,immediate custody
56,,,,,,grievous bodily harm with intent,,immediate custody
56,,,,,,grievous bodily harm with intent,,immediate custody
56,,,,,,grievous bodily harm with intent,,immediate custody
56,,,,,,grievous bodily harm with intent,,immediate custody
56,,,,,,grievous bodily harm with intent,,immediate custody
56,,genuine remorse,,,,grievous bodily harm with intent,,immediate custody
56,under influence drugs/alcohol,,,,,grievous bodily harm with intent,,immediate custody
56,under influence drugs/alcohol,,,,,grievous bodily harm with intent,,immediate custody
56,,genuine remorse,,,,grievous bodily harm with intent,,immediate custody
56,,,,,,grievous bodily harm with intent,,immediate custody
56,,,,,,,common assault,immediate custody
56,,,,,,,common assault,immediate custody
56,,,,,,,common assault,
56,,,,,,,common assault,immediate custody
56,,,,,,,common assault,
56,,,,,,,common assault,immediate custody
56,,,,,,,common assault,immediate custody
56,,,,,,,common assault,immediate custody
56,,,,,,,common assault,immediate custody
56,under influence drugs/alcohol,,,,,,common assault,
56,,,violent disorder,,,,,immediate custody
56,under influence drugs/alcohol,,violent disorder,,,,,immediate custody
56,,,violent disorder,,,,,
56,under influence drugs/alcohol,,violent disorder,,,,,immediate custody
57,under influence drugs/alcohol,,,,,,,
57,under influence drugs/alcohol,,,,,,,immediate custody
57,,,,,,,,
57,,,,,,,,
57,under influence drugs/alcohol,genuine remorse,,,,,,immediate custody
57,under influence drugs/alcohol,genuine remorse,,,,,,
57,under influence drugs/alcohol,genuine remorse,,,,,,immediate custody
57,,,,,,,,
57,,,,affray,,,,
57,,,,affray,,,,immediate custody
57,,,,affray,,,,
57,,,,affray,,,,immediate custody
57,,,,affray,,,,
57,,,,affray,,,,immediate custody
57,,,,affray,,,,immediate custody
57,,,,affray,,,,immediate custody
57,under influence drugs/alcohol,,,affray,,,,
57,,,,affray,,,,immediate custody
57,,,,affray,,,,immediate custody
57,,,,affray,,,,immediate custody
57,,,,affray,,,,
57,,genuine remorse,,affray,,,,
57,under influence drugs/alcohol,genuine remorse,,,,,,
57,,,,,,,,immediate custody
57,,,,,,,,
57,,genuine remorse,,,grievous bodily harm,,,immediate custody
57,,genuine remorse,,,grievous bodily harm,,,
57,under influence drugs/alcohol,,,,grievous bodily harm,,,immediate custody
57,under influence drugs/alcohol,,,,grievous bodily harm,,,immediate custody
57,under influence drugs/alcohol,,,,grievous bodily harm,,,immediate custody
57,,genuine remorse,,,grievous bodily harm,,,
57,under influence drugs/alcohol,,,,grievous bodily harm,,,immediate custody
60,,,,,,,,
60,under influence drugs/alcohol,genuine remorse,,,,,,immediate custody
60,under influence drugs/alcohol,genuine remorse,,,,,,immediate custody
60,under influence drugs/alcohol,genuine remorse,,,,,,immediate custody
60,,genuine remorse,,,,,,immediate custody
60,under influence drugs/alcohol,genuine remorse,,,,,,immediate custody
60,,,,,,,,
60,under influence drugs/alcohol,,,,,,,immediate custody
60,under influence drugs/alcohol,genuine remorse,,,,,,immediate custody
60,,genuine remorse,,,,,,
60,under influence drugs/alcohol,genuine remorse,,,,,,immediate custody
60,,,,,,,,
60,,,,,,,,immediate custody
60,,,,,,,,immediate custody
60,,genuine remorse,,,,,,immediate custody
60,under influence drugs/alcohol,,,,,,,immediate custody
60,,,,,,,,
60,under influence drugs/alcohol,,,,,,,immediate custody
60,,genuine remorse,,,,,,
60,,,,,,,,
60,under influence drugs/alcohol,genuine remorse,,affray,,,,
60,,,,affray,,,,
60,,,,affray,,,,
60,,,,affray,,,,
60,,,,affray,,,,
60,,,,affray,,,,
60,,,,affray,,,,
60,under influence drugs/alcohol,genuine remorse,,,,,,
60,under influence drugs/alcohol,,,,,,,
60,under influence drugs/alcohol,,,,,,,
60,under influence drugs/alcohol,,,,,,,
60,,genuine remorse,,,,,,
60,,,,,,,,
60,,,,,,,,
60,under influence drugs/alcohol,,,,,,,
60,under influence drugs/alcohol,,,,,,,
60,,genuine remorse,,,,,,
60,under influence drugs/alcohol,,,,,,,
60,under influence drugs/alcohol,,,,grievous bodily harm,,,immediate custody
60,,genuine remorse,,,grievous bodily harm,,,immediate custody
60,,,,,grievous bodily harm,,,
60,under influence drugs/alcohol,,,,grievous bodily harm,,,immediate custody
60,,genuine remorse,,,grievous bodily harm,,,immediate custody
60,,,,,grievous bodily harm,,,
60,,genuine remorse,,,grievous bodily harm,,,
60,,,,,grievous bodily harm,,,immediate custody
60,,genuine remorse,,,grievous bodily harm,,,
60,,,,,grievous bodily harm,,,immediate custody
60,,,,,grievous bodily harm,,,immediate custody
60,,genuine remorse,,,grievous bodily harm,,,
60,,,,,,grievous bodily harm with intent,,immediate custody
60,,,,,,grievous bodily harm with intent,,immediate custody
60,,,,,,grievous bodily harm with intent,,immediate custody
60,,genuine remorse,,,grievous bodily harm,,,
60,,genuine remorse,,,grievous bodily harm,,,
60,,,,,grievous bodily harm,,,immediate custody
60,,,,,grievous bodily harm,,,
60,,genuine remorse,,,grievous bodily harm,,,immediate custody
60,under influence drugs/alcohol,,,,,grievous bodily harm with intent,,immediate custody
60,,,,,,grievous bodily harm with intent,,immediate custody
60,,,,,,,common assault,
60,,,,,,,common assault,
60,,,,,,,common assault,
60,,genuine remorse,,,,,common assault,
60,,,,,,,common assault,immediate custody
60,,,violent disorder,,,,,immediate custody
60,,,violent disorder,,,,,immediate custody
60,,,violent disorder,,,,,immediate custody
60,,,violent disorder,,,,,immediate custody
61,under influence drugs/alcohol,genuine remorse,,,,,,immediate custody
61,under influence drugs/alcohol,,,,,,,immediate custody
61,under influence drugs/alcohol,genuine remorse,,,,,,
61,,,,,,,,immediate custody
61,,genuine remorse,,,,,,
61,under influence drugs/alcohol,,,,,,,immediate custody
61,,genuine remorse,,,,,,
61,,genuine remorse,,,,,,
61,under influence drugs/alcohol,,,,,,,immediate custody
61,,,,,,,,immediate custody
61,under influence drugs/alcohol,,,,,,,immediate custody
61,,,,,,,,
61,under influence drugs/alcohol,genuine remorse,,,,,,
61,,,,affray,,,,
61,,genuine remorse,,affray,,,,
61,,,,affray,,,,
61,under influence drugs/alcohol,genuine remorse,,affray,,,,immediate custody
61,,,,affray,,,,
61,under influence drugs/alcohol,genuine remorse,,affray,,,,immediate custody
61,,,,affray,,,,immediate custody
61,under influence drugs/alcohol,,,affray,,,,immediate custody
61,under influence drugs/alcohol,genuine remorse,,affray,,,,
61,under influence drugs/alcohol,genuine remorse,,,,,,
61,,,,,,,,immediate custody
61,under influence drugs/alcohol,,,,,,,
61,,,,,,,,immediate custody
61,under influence drugs/alcohol,,,,,,,immediate custody
61,under influence drugs/alcohol,,,,,,,immediate custody
61,,genuine remorse,,,,,,
61,under influence drugs/alcohol,,,,,,,
61,under influence drugs/alcohol,genuine remorse,,,,,,immediate custody
61,,,,,,,,
61,under influence drugs/alcohol,,,,,,,
61,under influence drugs/alcohol,,,,,,,
61,,genuine remorse,,,,,common assault,
61,under influence drugs/alcohol,,,,,grievous bodily harm with intent,,immediate custody
61,,,,,,grievous bodily harm with intent,,immediate custody
61,,,,,,grievous bodily harm with intent,,immediate custody
61,under influence drugs/alcohol,genuine remorse,,,grievous bodily harm,,,
61,under influence drugs/alcohol,,,,,grievous bodily harm with intent,,immediate custody
61,,,,,,grievous bodily harm with intent,,immediate custody
61,under influence drugs/alcohol,,,,,grievous bodily harm with intent,,immediate custody
61,under influence drugs/alcohol,genuine remorse,,,,grievous bodily harm with intent,,immediate custody
61,,,,,grievous bodily harm,,,immediate custody
61,under influence drugs/alcohol,genuine remorse,,,grievous bodily harm,,,immediate custody
61,,genuine remorse,,,grievous bodily harm,,,
61,under influence drugs/alcohol,,,,grievous bodily harm,,,immediate custody
61,,,,,grievous bodily harm,,,
61,,,,,grievous bodily harm,,,
61,under influence drugs/alcohol,genuine remorse,,,grievous bodily harm,,,
61,,,,,grievous bodily harm,,,immediate custody
62,under influence drugs/alcohol,,,,,,,immediate custody
62,under influence drugs/alcohol,,,,,,,
62,,genuine remorse,,,,,,
62,,,,,,,,
62,,,,,,,,
62,,,,,,,,immediate custody
62,,,,,,,,immediate custody
62,under influence drugs/alcohol,genuine remorse,,,,,,
62,,,,,,,,immediate custody
62,under influence drugs/alcohol,genuine remorse,,,,,,immediate custody
62,,,,,,,,
62,under influence drugs/alcohol,genuine remorse,,,,,,
62,,,,,,,,immediate custody
62,,genuine remorse,,,,,,
62,,,,,,,,
62,under influence drugs/alcohol,,,,,,,immediate custody
62,,genuine remorse,,,,,,
62,under influence drugs/alcohol,,,,,,,
62,,genuine remorse,,,,,,
62,under influence drugs/alcohol,genuine remorse,,,,,,immediate custody
62,,,,,,,,
62,under influence drugs/alcohol,,,,,,,immediate custody
62,,genuine remorse,,,,,,
62,,,,,,,,
62,,genuine remorse,,,,,,
62,under influence drugs/alcohol,genuine remorse,,,,,common assault,
62,,genuine remorse,,affray,,,,
62,under influence drugs/alcohol,genuine remorse,,affray,,,,
62,under influence drugs/alcohol,genuine remorse,,affray,,,,immediate custody
62,,,,affray,,,,
62,under influence drugs/alcohol,genuine remorse,,affray,,,,
62,under influence drugs/alcohol,genuine remorse,,affray,,,,
62,under influence drugs/alcohol,,,affray,,,,
62,,genuine remorse,,affray,,,,
62,under influence drugs/alcohol,,,affray,,,,immediate custody
62,,,,affray,,,,
62,under influence drugs/alcohol,,,affray,,,,
62,,genuine remorse,,affray,,,,
62,,,,affray,,,,
62,under influence drugs/alcohol,,,affray,,,,
62,under influence drugs/alcohol,genuine remorse,,affray,,,,
62,,,,affray,,,,immediate custody
62,under influence drugs/alcohol,genuine remorse,,affray,,,,immediate custody
62,under influence drugs/alcohol,,,affray,,,,immediate custody
62,under influence drugs/alcohol,genuine remorse,,affray,,,,
62,under influence drugs/alcohol,,,affray,,,,
62,under influence drugs/alcohol,,,,,,,
62,,genuine remorse,,affray,,,,
62,under influence drugs/alcohol,,,,,,,immediate custody
62,,,,,,,,
62,,genuine remorse,,,,,,
62,,,,,,,,immediate custody
62,under influence drugs/alcohol,,,,,,,immediate custody
62,,genuine remorse,,,,,,immediate custody
62,,genuine remorse,,,,,,immediate custody
62,under influence drugs/alcohol,,,,,,,
62,under influence drugs/alcohol,genuine remorse,,,,,,immediate custody
62,,genuine remorse,,,,,,
62,,genuine remorse,,,,,,
62,under influence drugs/alcohol,genuine remorse,,,,,,
62,,,,,,,,
62,under influence drugs/alcohol,,,,,,,immediate custody
62,,genuine remorse,,,,,,
62,under influence drugs/alcohol,,,,,,,immediate custody
62,,genuine remorse,,,,,,
62,under influence drugs/alcohol,genuine remorse,,,,,,immediate custody
62,,,,,,,,immediate custody
62,under influence drugs/alcohol,genuine remorse,,,,,,immediate custody
62,,,,,,,,immediate custody
62,,genuine remorse,,,grievous bodily harm,,,
62,under influence drugs/alcohol,genuine remorse,,,grievous bodily harm,,,
62,,,,,grievous bodily harm,,,
62,,genuine remorse,,,grievous bodily harm,,,
62,,genuine remorse,,,grievous bodily harm,,,
62,,,,,grievous bodily harm,,,immediate custody
62,under influence drugs/alcohol,,,,grievous bodily harm,,,immediate custody
62,under influence drugs/alcohol,,,,grievous bodily harm,,,immediate custody
62,under influence drugs/alcohol,genuine remorse,,,grievous bodily harm,,,
62,,,,,grievous bodily harm,,,immediate custody
62,,,,,grievous bodily harm,,,
62,,genuine remorse,,,grievous bodily harm,,,
62,,,,,grievous bodily harm,,,
62,,,,,grievous bodily harm,,,immediate custody
62,under influence drugs/alcohol,genuine remorse,,,grievous bodily harm,,,
62,under influence drugs/alcohol,,,,grievous bodily harm,,,
62,,genuine remorse,,,grievous bodily harm,,,
62,under influence drugs/alcohol,genuine remorse,,,grievous bodily harm,,,
62,,,,,grievous bodily harm,,,immediate custody
62,,,,,grievous bodily harm,,,immediate custody
62,under influence drugs/alcohol,genuine remorse,,,grievous bodily harm,,,
62,,genuine remorse,,,grievous bodily harm,,,
62,,genuine remorse,,,grievous bodily harm,,,immediate custody
62,under influence drugs/alcohol,genuine remorse,,,grievous bodily harm,,,
62,,genuine remorse,,,grievous bodily harm,,,
62,,genuine remorse,,,grievous bodily harm,,,
62,under influence drugs/alcohol,genuine remorse,,,grievous bodily harm,,,immediate custody
62,,genuine remorse,,,grievous bodily harm,,,immediate custody
62,,genuine remorse,,,grievous bodily harm,,,immediate custody
62,under influence drugs/alcohol,genuine remorse,,,grievous bodily harm,,,
62,under influence drugs/alcohol,,,,,grievous bodily harm with intent,,immediate custody
62,under influence drugs/alcohol,genuine remorse,,,grievous bodily harm,,,
62,under influence drugs/alcohol,,,,,grievous bodily harm with intent,,immediate custody
62,,,,,,grievous bodily harm with intent,,immediate custody
62,,genuine remorse,,,grievous bodily harm,,,
62,,genuine remorse,,,grievous bodily harm,,,
62,,genuine remorse,,,grievous bodily harm,,,immediate custody
62,under influence drugs/alcohol,genuine remorse,,,grievous bodily harm,,,
62,,genuine remorse,,,grievous bodily harm,,,
62,,genuine remorse,,,grievous bodily harm,,,
62,,genuine remorse,,,grievous bodily harm,,,
62,,,,,grievous bodily harm,,,
62,under influence drugs/alcohol,genuine remorse,,,,grievous bodily harm with intent,,immediate custody
62,under influence drugs/alcohol,,,,,grievous bodily harm with intent,,immediate custody
62,,,,,,grievous bodily harm with intent,,immediate custody
62,,genuine remorse,,,,grievous bodily harm with intent,,immediate custody
62,,genuine remorse,,,,grievous bodily harm with intent,,immediate custody
62,,,,,,grievous bodily harm with intent,,immediate custody
62,,,,,,,common assault,immediate custody
62,,genuine remorse,,,,,common assault,
62,under influence drugs/alcohol,genuine remorse,,,,,common assault,
62,,,,,,,common assault,
62,,genuine remorse,,,,,common assault,
62,,,,,,,common assault,
62,under influence drugs/alcohol,genuine remorse,,,,,common assault,
62,,genuine remorse,,,,,common assault,
62,under influence drugs/alcohol,,,,,,common assault,immediate custody
62,under influence drugs/alcohol,,violent disorder,,,,,immediate custody
62,under influence drugs/alcohol,genuine remorse,violent disorder,,,,,
62,under influence drugs/alcohol,genuine remorse,violent disorder,,,,,
63,,genuine remorse,,,,,,
63,,genuine remorse,,,,,,
63,,genuine remorse,,,,,,immediate custody
63,under influence drugs/alcohol,genuine remorse,,,,,,immediate custody
63,under influence drugs/alcohol,,,,,,,immediate custody
63,,genuine remorse,,,,,,
63,,,,,,,,immediate custody
63,,,,affray,,,,immediate custody
63,,,,affray,,,,
63,,,,affray,,,,
63,,,,,,,,immediate custody
63,,,,,,,,immediate custody
63,,,,,,,,
63,,,,,,,,immediate custody
63,,,,,,,,immediate custody
63,under influence drugs/alcohol,,,,,,,immediate custody
63,under influence drugs/alcohol,genuine remorse,,,,,,
63,under influence drugs/alcohol,,,,,,,immediate custody
63,under influence drugs/alcohol,,,,,,common assault,immediate custody
63,,,,,,,common assault,
63,,,,,,,common assault,
63,,,,,,,common assault,
63,under influence drugs/alcohol,genuine remorse,,,,grievous bodily harm with intent,,immediate custody
63,,genuine remorse,,,grievous bodily harm,,,
63,,,,,grievous bodily harm,,,immediate custody
63,,genuine remorse,,,,grievous bodily harm with intent,,immediate custody
63,,,,,grievous bodily harm,,,immediate custody
63,under influence drugs/alcohol,genuine remorse,,,grievous bodily harm,,,
63,,,,,grievous bodily harm,,,
64,,,,affray,,,,immediate custody
64,,,,affray,,,,immediate custody
64,,,,affray,,,,immediate custody
65,,,,affray,,,,
65,,,,affray,,,,
65,under influence drugs/alcohol,genuine remorse,,affray,,,,
65,,,,affray,,,,
65,,,,,,,,
65,,genuine remorse,,,,,,
65,,,,,,,,immediate custody
65,,genuine remorse,,,,,,immediate custody
65,,,,,,,,immediate custody
65,,genuine remorse,,,,,,immediate custody
65,under influence drugs/alcohol,genuine remorse,,,,grievous bodily harm with intent,,immediate custody
65,under influence drugs/alcohol,genuine remorse,,,,grievous bodily harm with intent,,immediate custody
65,,,,,grievous bodily harm,,,immediate custody
65,,genuine remorse,,,,grievous bodily harm with intent,,immediate custody
65,,,,,,grievous bodily harm with intent,,immediate custody
65,,genuine remorse,,,grievous bodily harm,,,
65,,genuine remorse,,,grievous bodily harm,,,
65,,,,,grievous bodily harm,,,
65,,genuine remorse,,,grievous bodily harm,,,
65,,,,,grievous bodily harm,,,immediate custody
65,,genuine remorse,,,grievous bodily harm,,,immediate custody
65,,,,,grievous bodily harm,,,
2,under influence drugs/alcohol,,,,,,,immediate custody
2,under influence drugs/alcohol,,,,,,,immediate custody
2,under influence drugs/alcohol,,,,,,,
2,,,,,,,,
2,,,,,,,,immediate custody
2,,,,,,,,immediate custody
2,,genuine remorse,,,,,,
2,,,,affray,,,,
2,,genuine remorse,,affray,,,,
2,under influence drugs/alcohol,,,affray,,,,immediate custody
2,,genuine remorse,,affray,,,,
2,,genuine remorse,,affray,,,,
2,,,,affray,,,,
2,,genuine remorse,,affray,,,,
2,,,,affray,,,,
2,,,,affray,,,,
2,,genuine remorse,,,,,,
2,,genuine remorse,,,,,,
2,,,,,,,,immediate custody
2,,,,,,,,immediate custody
2,,,,,,,,
2,,,,,,,,immediate custody
2,under influence drugs/alcohol,,,,grievous bodily harm,,,immediate custody
2,,genuine remorse,,,grievous bodily harm,,,immediate custody
2,,genuine remorse,,,grievous bodily harm,,,
2,,genuine remorse,,,grievous bodily harm,,,
2,,genuine remorse,,,grievous bodily harm,,,
2,,,,,grievous bodily harm,,,immediate custody
2,,genuine remorse,,,,grievous bodily harm with intent,,immediate custody
2,,,,,,grievous bodily harm with intent,,immediate custody
2,,,,,,grievous bodily harm with intent,,immediate custody
2,,,,,,,common assault,
2,,,,,,,common assault,
2,,,,,,,common assault,immediate custody
67,,,,,,,,immediate custody
67,,genuine remorse,,,,,,
67,,genuine remorse,,,,,,
67,,genuine remorse,,,,,,
67,,,,affray,,,,
67,,genuine remorse,,affray,,,,immediate custody
67,,,,,,,,immediate custody
67,,genuine remorse,,,grievous bodily harm,,,
67,,genuine remorse,,,grievous bodily harm,,,
67,,genuine remorse,,,grievous bodily harm,,,
67,,genuine remorse,,,grievous bodily harm,,,
67,under influence drugs/alcohol,genuine remorse,,,grievous bodily harm,,,immediate custody
68,,genuine remorse,,,,,,
68,under influence drugs/alcohol,,,,,,,
68,,genuine remorse,,,,,,
68,,,,affray,,,,
68,,,,affray,,,,immediate custody
68,,,,affray,,,,
68,,,,,,,,
68,,,,,,,,
68,,,,,,,,
68,,genuine remorse,,,,,,
68,under influence drugs/alcohol,,,,,,,
68,,,,,,,,
68,,genuine remorse,,,,,,
68,,,,,,,common assault,immediate custody
68,,,,,,,common assault,
68,,genuine remorse,,,,grievous bodily harm with intent,,immediate custody
68,,,,,,grievous bodily harm with intent,,immediate custody
68,,,,,grievous bodily harm,,,
68,,,,,grievous bodily harm,,,
72,,,,,,,,immediate custody
72,under influence drugs/alcohol,,,,,,,immediate custody
72,under influence drugs/alcohol,,,,,,,immediate custody
72,,,,,,,,immediate custody
72,,,,,,,,
72,,,,,,,,
72,,,,,,,,immediate custody
72,,genuine remorse,,,,,,
72,under influence drugs/alcohol,,,,,,,
72,,genuine remorse,,,,,,
72,,,,,,,,
72,under influence drugs/alcohol,,,,,,,
72,under influence drugs/alcohol,genuine remorse,,,,,,immediate custody
72,,,,affray,,,,
72,,,,affray,,,,
72,,,,affray,,,,
72,,,,affray,,,,
72,,,,affray,,,,
72,,,,affray,,,,
72,,genuine remorse,,,,,,
72,,,,,,,,immediate custody
72,under influence drugs/alcohol,,,,,,,immediate custody
72,,genuine remorse,,,,,,
72,,,,,,,,
72,,,,,,,,immediate custody
72,,,,,,,,
72,,genuine remorse,,,,,,
72,under influence drugs/alcohol,,,,,,,immediate custody
72,under influence drugs/alcohol,,,,,grievous bodily harm with intent,,immediate custody
72,under influence drugs/alcohol,,,,,grievous bodily harm with intent,,immediate custody
72,,,,,grievous bodily harm,,,
72,,,,,grievous bodily harm,,,
72,,,,,grievous bodily harm,,,
72,,,,,grievous bodily harm,,,
72,,,,,grievous bodily harm,,,
72,,,,,grievous bodily harm,,,immediate custody
72,,genuine remorse,,,grievous bodily harm,,,
72,,,,,grievous bodily harm,,,
72,,,,,grievous bodily harm,,,immediate custody
72,,,,,grievous bodily harm,,,
72,,genuine remorse,,,grievous bodily harm,,,
72,,genuine remorse,,,grievous bodily harm,,,immediate custody
72,,,,,,grievous bodily harm with intent,,immediate custody
72,,,,,,grievous bodily harm with intent,,immediate custody
72,under influence drugs/alcohol,genuine remorse,,,,grievous bodily harm with intent,,immediate custody
72,under influence drugs/alcohol,genuine remorse,,,,grievous bodily harm with intent,,immediate custody
72,,,,,,,common assault,
72,,genuine remorse,,,,,common assault,
72,,genuine remorse,,,,,common assault,
72,,genuine remorse,,,,,common assault,
72,,genuine remorse,,,,,common assault,immediate custody
73,under influence drugs/alcohol,genuine remorse,,,,,,
73,,,,,,,,
73,,,,,,,,
73,under influence drugs/alcohol,,,,,,,immediate custody
73,,,,affray,,,,immediate custody
73,,genuine remorse,,,,,,
73,under influence drugs/alcohol,genuine remorse,,,,,,
73,under influence drugs/alcohol,genuine remorse,,,,,,
73,under influence drugs/alcohol,genuine remorse,,,,,,immediate custody
73,,,,,,,,
73,,,,,,,,
73,,,,,,,,
73,,,,,,,,immediate custody
73,under influence drugs/alcohol,genuine remorse,,affray,,,,
73,under influence drugs/alcohol,,,affray,,,,immediate custody
73,under influence drugs/alcohol,,,affray,,,,immediate custody
73,,,,affray,,,,
73,,,,affray,,,,immediate custody
73,under influence drugs/alcohol,genuine remorse,,affray,,,,
73,,,,affray,,,,
73,under influence drugs/alcohol,,,affray,,,,
73,,,,affray,,,,
73,under influence drugs/alcohol,genuine remorse,,affray,,,,
73,under influence drugs/alcohol,genuine remorse,,,,,,
73,under influence drugs/alcohol,,,,,,,immediate custody
73,,genuine remorse,,,,,,
73,,,,,,,,
73,,,,,,,,
73,under influence drugs/alcohol,genuine remorse,,,,,,immediate custody
73,under influence drugs/alcohol,genuine remorse,,,,,,
73,under influence drugs/alcohol,genuine remorse,,,,,,
73,,,,,,,,
73,,,,,,,common assault,immediate custody
73,,genuine remorse,,,,,common assault,
73,,,,,,,common assault,immediate custody
73,,,,,,,common assault,immediate custody
73,under influence drugs/alcohol,,,,grievous bodily harm,,,immediate custody
73,under influence drugs/alcohol,,,,grievous bodily harm,,,immediate custody
73,under influence drugs/alcohol,,,,grievous bodily harm,,,immediate custody
73,under influence drugs/alcohol,,,,grievous bodily harm,,,immediate custody
73,,,,,grievous bodily harm,,,immediate custody
73,under influence drugs/alcohol,genuine remorse,,,grievous bodily harm,,,
73,under influence drugs/alcohol,genuine remorse,,,grievous bodily harm,,,
73,,genuine remorse,,,grievous bodily harm,,,
73,under influence drugs/alcohol,,,,grievous bodily harm,,,
73,under influence drugs/alcohol,,,,grievous bodily harm,,,immediate custody
73,under influence drugs/alcohol,genuine remorse,,,grievous bodily harm,,,
73,under influence drugs/alcohol,,,,grievous bodily harm,,,immediate custody
73,under influence drugs/alcohol,genuine remorse,,,grievous bodily harm,,,
73,under influence drugs/alcohol,,,,grievous bodily harm,,,immediate custody
27,,,,,,,,
27,,,,,,,,
27,,,,,,,,immediate custody
27,,genuine remorse,,,,,,immediate custody
27,,,,,,,,
27,,,,,,,,
27,,genuine remorse,,,,,,immediate custody
27,,genuine remorse,,,,,,
27,,genuine remorse,,,,,,
27,,genuine remorse,,,,,,immediate custody
27,,,,,,,,immediate custody
27,,,,,,,,
27,,genuine remorse,,,,,,immediate custody
27,,,,,,,,immediate custody
27,,,,,,,,immediate custody
27,,genuine remorse,,,,,,
27,,,,,,,,immediate custody
27,under influence drugs/alcohol,genuine remorse,,,,,,
27,,,,,,,,immediate custody
27,,,,,,,,
27,under influence drugs/alcohol,genuine remorse,,,,,,immediate custody
27,under influence drugs/alcohol,genuine remorse,,,,,,immediate custody
27,,,,,,,,immediate custody
27,,,,,,,,
27,,genuine remorse,,,,,,
27,,,,,,,,immediate custody
27,,,,,,,,
27,,,,,,,,immediate custody
27,,genuine remorse,,,,,,
27,,,,,,,,immediate custody
27,,,,,,,,
27,,,,,,,,immediate custody
27,,,,,,,,
27,,,,,grievous bodily harm,,,
27,,genuine remorse,,affray,,,,immediate custody
27,,genuine remorse,,affray,,,,
27,under influence drugs/alcohol,genuine remorse,,affray,,,,
27,,,,affray,,,,
27,,,,affray,,,,immediate custody
27,under influence drugs/alcohol,genuine remorse,,affray,,,,
27,,,,affray,,,,
27,,,,affray,,,,immediate custody
27,,,,affray,,,,immediate custody
27,,,,affray,,,,
27,,,,affray,,,,
27,,,,affray,,,,
27,,,,affray,,,,
27,,genuine remorse,,affray,,,,
27,,,,affray,,,,
27,,,,affray,,,,immediate custody
27,,,,affray,,,,
27,,,,affray,,,,immediate custody
27,,,,affray,,,,
27,under influence drugs/alcohol,genuine remorse,,,,,,immediate custody
27,,,,,,,,immediate custody
27,,,,,,,,
27,,,,,,,,immediate custody
27,,genuine remorse,,,,,,
27,,,,,,,,immediate custody
27,,genuine remorse,,,,,,immediate custody
27,,,,affray,,,,immediate custody
27,,,,affray,,,,immediate custody
27,,,,affray,,,,
27,,genuine remorse,,,,,,
27,,,,,,,,
27,,,,affray,,,,immediate custody
27,,genuine remorse,,,,,,
27,,,,,,,,
27,,,,,,,,
27,,,,,,grievous bodily harm with intent,,immediate custody
27,under influence drugs/alcohol,,,,,grievous bodily harm with intent,,immediate custody
27,,genuine remorse,,,,grievous bodily harm with intent,,immediate custody
27,under influence drugs/alcohol,,,,,grievous bodily harm with intent,,immediate custody
27,,genuine remorse,,,grievous bodily harm,,,immediate custody
27,,,,,grievous bodily harm,,,
27,under influence drugs/alcohol,genuine remorse,,,grievous bodily harm,,,
27,,genuine remorse,,,grievous bodily harm,,,
27,,genuine remorse,,,grievous bodily harm,,,
27,,,,,grievous bodily harm,,,immediate custody
27,under influence drugs/alcohol,genuine remorse,,,grievous bodily harm,,,immediate custody
27,,,,,grievous bodily harm,,,
27,,genuine remorse,,,grievous bodily harm,,,
27,under influence drugs/alcohol,genuine remorse,,,grievous bodily harm,,,immediate custody
27,,,,,grievous bodily harm,,,immediate custody
27,,,,,grievous bodily harm,,,immediate custody
27,,,,,grievous bodily harm,,,immediate custody
27,,,,,grievous bodily harm,,,immediate custody
27,,genuine remorse,,,grievous bodily harm,,,immediate custody
27,,,,,grievous bodily harm,,,
27,,,,,grievous bodily harm,,,immediate custody
27,under influence drugs/alcohol,,,,,grievous bodily harm with intent,,immediate custody
27,under influence drugs/alcohol,,,,,grievous bodily harm with intent,,immediate custody
27,,,,,,grievous bodily harm with intent,,immediate custody
27,under influence drugs/alcohol,,,,,grievous bodily harm with intent,,immediate custody
27,,,,,,,common assault,immediate custody
27,,,,,,,common assault,
27,,,,,,,common assault,
27,,,,,,,common assault,immediate custody
27,,genuine remorse,,,,,common assault,
27,,,,,,,common assault,
27,,,,,,,common assault,
27,,genuine remorse,,,,,common assault,
27,,,,,,,common assault,
70,,,,,,,,immediate custody
70,,,,,,,,
70,,genuine remorse,,,,,,
70,,genuine remorse,,,,,,immediate custody
70,,genuine remorse,,,,,,immediate custody
70,,genuine remorse,,,,,,immediate custody
70,,,,affray,,,,immediate custody
70,,,,affray,,,,
70,,,,affray,,,,
70,,genuine remorse,,affray,,,,
70,,,,affray,,,,
70,,,,affray,,,,
70,,,,affray,,,,immediate custody
70,,,,affray,,,,
70,,,,affray,,,,immediate custody
70,,,,affray,,,,immediate custody
70,under influence drugs/alcohol,,,affray,,,,immediate custody
70,,,,affray,,,,
70,,,,affray,,,,
70,,,,affray,,,,immediate custody
70,under influence drugs/alcohol,,,affray,,,,immediate custody
70,,,,,,,,immediate custody
70,,,,,,,,
70,,,,,,,,
70,,,,,,,,
70,,,,,,,,
70,,,,,,,,
70,,,,,,,,
70,,,,,,,,
70,,,,,,,,
70,,genuine remorse,,,,,,
70,,,,,,,,
70,,,,,,,,
70,,genuine remorse,,,,,,
70,,genuine remorse,,,,,,
70,under influence drugs/alcohol,genuine remorse,,,,,,
70,,,,,,,common assault,immediate custody
70,,,,,,,common assault,immediate custody
70,,,,,,,common assault,
70,,,,,,grievous bodily harm with intent,,immediate custody
70,,,,,,grievous bodily harm with intent,,immediate custody
70,,,,,,grievous bodily harm with intent,,immediate custody
70,,,,,,grievous bodily harm with intent,,immediate custody
70,,genuine remorse,,,,grievous bodily harm with intent,,immediate custody
70,,,,,grievous bodily harm,,,immediate custody
70,,,,,grievous bodily harm,,,immediate custody
70,,,,,grievous bodily harm,,,
70,under influence drugs/alcohol,,,,grievous bodily harm,,,
70,,genuine remorse,,,grievous bodily harm,,,
70,,,,,grievous bodily harm,,,immediate custody
70,,,,,grievous bodily harm,,,
70,under influence drugs/alcohol,genuine remorse,,,grievous bodily harm,,,immediate custody
70,,,,,grievous bodily harm,,,immediate custody
70,,,,,grievous bodily harm,,,immediate custody
70,under influence drugs/alcohol,genuine remorse,,,,grievous bodily harm with intent,,immediate custody
70,,genuine remorse,,,,grievous bodily harm with intent,,immediate custody
70,,,,,,grievous bodily harm with intent,,immediate custody
70,under influence drugs/alcohol,genuine remorse,,,,grievous bodily harm with intent,,immediate custody
70,,,violent disorder,,,,,immediate custody
70,,,violent disorder,,,,,immediate custody
70,under influence drugs/alcohol,genuine remorse,violent disorder,,,,,immediate custody
70,,,violent disorder,,,,,immediate custody
70,,,violent disorder,,,,,immediate custody
70,,,violent disorder,,,,,immediate custody
70,,,violent disorder,,,,,immediate custody
70,,,violent disorder,,,,,immediate custody
70,,genuine remorse,violent disorder,,,,,
70,,,violent disorder,,,,,immediate custody
70,,,violent disorder,,,,,immediate custody
70,,genuine remorse,violent disorder,,,,,immediate custody
70,,,violent disorder,,,,,immediate custody
70,,,violent disorder,,,,,immediate custody
70,,genuine remorse,violent disorder,,,,,immediate custody
70,under influence drugs/alcohol,,violent disorder,,,,,immediate custody
70,under influence drugs/alcohol,genuine remorse,violent disorder,,,,,immediate custody
70,under influence drugs/alcohol,genuine remorse,violent disorder,,,,,immediate custody
70,,genuine remorse,violent disorder,,,,,immediate custody
70,,,violent disorder,,,,,immediate custody
70,,,violent disorder,,,,,immediate custody
70,,,violent disorder,,,,,immediate custody
70,,,violent disorder,,,,,immediate custody
70,,,violent disorder,,,,,immediate custody
70,,,violent disorder,,,,,immediate custody
70,,,violent disorder,,,,,immediate custody
70,,,violent disorder,,,,,immediate custody
70,,,violent disorder,,,,,immediate custody
70,under influence drugs/alcohol,genuine remorse,violent disorder,,,,,immediate custody
70,,,violent disorder,,,,,immediate custody
70,,,violent disorder,,,,,immediate custody
70,,,violent disorder,,,,,immediate custody
70,under influence drugs/alcohol,,violent disorder,,,,,immediate custody
70,,,violent disorder,,,,,immediate custody
70,,,violent disorder,,,,,immediate custody
70,,,violent disorder,,,,,immediate custody
70,,genuine remorse,violent disorder,,,,,immediate custody
70,under influence drugs/alcohol,genuine remorse,violent disorder,,,,,immediate custody
70,,,violent disorder,,,,,immediate custody
70,,,violent disorder,,,,,immediate custody
5,under influence drugs/alcohol,,,,,,,immediate custody
5,under influence drugs/alcohol,,,,,,,
5,under influence drugs/alcohol,genuine remorse,,,,,,
5,under influence drugs/alcohol,,,,,,,immediate custody
5,under influence drugs/alcohol,genuine remorse,,,,,,
5,,genuine remorse,,,,,,
5,under influence drugs/alcohol,,,,,,,immediate custody
5,under influence drugs/alcohol,,,,,,,
5,,genuine remorse,,,,,,immediate custody
5,,,,,,,,
5,,,,,,,,
5,,genuine remorse,,,,,,
5,,genuine remorse,,,,,,
5,,,,,,,,immediate custody
5,,,,,,,,
5,,,,,,,,
5,,,,,,,,immediate custody
5,under influence drugs/alcohol,genuine remorse,,affray,,,,
5,,,,affray,,,,
5,,genuine remorse,,affray,,,,
5,under influence drugs/alcohol,,,affray,,,,
5,,,,affray,,,,
5,under influence drugs/alcohol,genuine remorse,,affray,,,,
5,,genuine remorse,,affray,,,,
5,,genuine remorse,,affray,,,,
5,under influence drugs/alcohol,genuine remorse,,affray,,,,
5,,genuine remorse,,affray,,,,
5,,genuine remorse,,affray,,,,
5,,,,affray,,,,
5,,,,affray,,,,
5,,,,affray,,,,
5,,,,affray,,,,immediate custody
5,,,,affray,,,,immediate custody
5,,genuine remorse,,affray,,,,
5,,genuine remorse,,affray,,,,
5,,,,affray,,,,
5,,,,,,,,immediate custody
5,,,,,,,,immediate custody
5,under influence drugs/alcohol,genuine remorse,,,,,,
5,,,,,,,,
5,,genuine remorse,,,,,,
5,under influence drugs/alcohol,,,affray,,,,
5,,,,affray,,,,
5,,genuine remorse,,affray,,,,
5,,,,affray,,,,immediate custody
5,,,,,,,,
5,under influence drugs/alcohol,genuine remorse,,,,,,
5,,genuine remorse,,,,,,
5,,genuine remorse,,,,,,immediate custody
5,,genuine remorse,,,,,,
5,under influence drugs/alcohol,,,,,,,
5,,,,,,,,
5,,genuine remorse,,,,,,
5,under influence drugs/alcohol,,,,,,,
5,,genuine remorse,,,,,,immediate custody
5,under influence drugs/alcohol,genuine remorse,,,,,,immediate custody
5,,,,,,,,
5,,,,,,,,
5,,,,,,grievous bodily harm with intent,,immediate custody
5,under influence drugs/alcohol,genuine remorse,,,,grievous bodily harm with intent,,immediate custody
5,,,,,grievous bodily harm,,,
5,,,,,grievous bodily harm,,,immediate custody
5,,genuine remorse,,,grievous bodily harm,,,
5,,,,,grievous bodily harm,,,
5,,,,,grievous bodily harm,,,immediate custody
5,,genuine remorse,,,grievous bodily harm,,,
5,,genuine remorse,,,grievous bodily harm,,,
5,,,,,grievous bodily harm,,,
5,,genuine remorse,,,grievous bodily harm,,,
5,,,,,grievous bodily harm,,,
5,,,,,grievous bodily harm,,,
5,under influence drugs/alcohol,,,,grievous bodily harm,,,immediate custody
5,,,,,grievous bodily harm,,,
5,under influence drugs/alcohol,,,,grievous bodily harm,,,immediate custody
5,under influence drugs/alcohol,,,,grievous bodily harm,,,immediate custody
5,under influence drugs/alcohol,genuine remorse,,,grievous bodily harm,,,immediate custody
5,,genuine remorse,,,grievous bodily harm,,,
5,,,,,grievous bodily harm,,,
5,,,,,grievous bodily harm,,,immediate custody
5,under influence drugs/alcohol,,,,grievous bodily harm,,,immediate custody
5,,,,,grievous bodily harm,,,immediate custody
5,under influence drugs/alcohol,genuine remorse,,,grievous bodily harm,,,
5,under influence drugs/alcohol,genuine remorse,,,grievous bodily harm,,,immediate custody
5,under influence drugs/alcohol,,,,grievous bodily harm,,,immediate custody
5,,,,,,grievous bodily harm with intent,,immediate custody
5,,genuine remorse,,,,grievous bodily harm with intent,,immediate custody
5,under influence drugs/alcohol,genuine remorse,,,,grievous bodily harm with intent,,immediate custody
5,,,,,,grievous bodily harm with intent,,immediate custody
5,,genuine remorse,,,,grievous bodily harm with intent,,immediate custody
5,under influence drugs/alcohol,genuine remorse,,,,grievous bodily harm with intent,,immediate custody
5,under influence drugs/alcohol,genuine remorse,,,,grievous bodily harm with intent,,immediate custody
5,,,,,,,common assault,
5,,,,,,,common assault,immediate custody
5,,,,,,,common assault,immediate custody
5,under influence drugs/alcohol,,,,,,common assault,immediate custody
5,under influence drugs/alcohol,,,,,,common assault,
5,,genuine remorse,,,,,common assault,
5,,genuine remorse,,,,,common assault,
5,,,,,,,common assault,
5,,genuine remorse,,,,,common assault,
5,,,violent disorder,,,,,immediate custody
5,,,violent disorder,,,,,immediate custody
5,under influence drugs/alcohol,genuine remorse,violent disorder,,,,,immediate custody
5,,,violent disorder,,,,,
5,,,violent disorder,,,,,
5,,genuine remorse,violent disorder,,,,,immediate custody
5,,genuine remorse,violent disorder,,,,,immediate custody
5,,,violent disorder,,,,,immediate custody
5,,,violent disorder,,,,,
58,under influence drugs/alcohol,,,,,,,
58,,genuine remorse,,,,,,
58,,genuine remorse,,,,,,
58,,,,affray,,,,
58,,,,affray,,,,immediate custody
58,,genuine remorse,,affray,,,,
58,under influence drugs/alcohol,genuine remorse,,affray,,,,
58,,genuine remorse,,affray,,,,
58,,,,affray,,,,
58,,,,affray,,,,immediate custody
58,,,,affray,,,,
58,under influence drugs/alcohol,genuine remorse,,affray,,,,
58,,,,,,,,immediate custody
58,,,,,,,,immediate custody
58,,,,,,,,immediate custody
58,,,,,,,,immediate custody
58,,,,,,,,
58,,genuine remorse,,,,,,
58,,,,,,,common assault,
58,,genuine remorse,,,,,common assault,
58,,genuine remorse,,,grievous bodily harm,,,immediate custody
58,,genuine remorse,,,grievous bodily harm,,,
58,,genuine remorse,,,grievous bodily harm,,,
58,,genuine remorse,,,grievous bodily harm,,,
71,,genuine remorse,,,,,,
71,under influence drugs/alcohol,,,,,,,immediate custody
71,,,,,,,,immediate custody
71,,,,,,,,
71,,genuine remorse,,,,,,
71,under influence drugs/alcohol,genuine remorse,,,,,,
71,,,,affray,,,,immediate custody
71,,,,,,,,
71,under influence drugs/alcohol,genuine remorse,,,,,,immediate custody
71,,,,,,,,
71,,genuine remorse,,,,,,immediate custody
71,,,,,,,,
71,,,,,,,,
71,,,,,,,,immediate custody
71,,,,,,,,
71,,genuine remorse,,,grievous bodily harm,,,immediate custody
71,,,,,,grievous bodily harm with intent,,immediate custody
71,,genuine remorse,,,grievous bodily harm,,,immediate custody
71,,,,,grievous bodily harm,,,immediate custody
71,under influence drugs/alcohol,genuine remorse,,,grievous bodily harm,,,immediate custody
71,under influence drugs/alcohol,,,,grievous bodily harm,,,immediate custody
71,,genuine remorse,,,grievous bodily harm,,,immediate custody
71,,,,,,,common assault,immediate custody
49,,,,,,,,immediate custody
49,,,,,,,,
49,,genuine remorse,,,,,,
49,,genuine remorse,,,,,,
49,,,,affray,,,,immediate custody
49,,genuine remorse,,,,,,
49,under influence drugs/alcohol,,,,,,,
49,under influence drugs/alcohol,genuine remorse,,affray,,,,immediate custody
49,,,,affray,,,,immediate custody
49,,,,affray,,,,immediate custody
49,,,,affray,,,,immediate custody
49,,genuine remorse,,affray,,,,
49,,genuine remorse,,affray,,,,
49,,,,affray,,,,immediate custody
49,,,,affray,,,,
49,,,,affray,,,,immediate custody
49,,,,affray,,,,immediate custody
49,,,,affray,,,,
49,,genuine remorse,,affray,,,,
49,,,,affray,,,,
49,,genuine remorse,,affray,,,,
49,,,,affray,,,,
49,,,,affray,,,,immediate custody
49,,,,affray,,,,
49,,,,affray,,,,
49,,,,affray,,,,immediate custody
49,,,,affray,,,,
49,,genuine remorse,,,,,,
49,,,,,,,,
49,under influence drugs/alcohol,genuine remorse,,,,,,immediate custody
49,,genuine remorse,,,,,,
49,,,,,,,,immediate custody
49,under influence drugs/alcohol,,,,,,,immediate custody
49,,,,,,,,immediate custody
49,,genuine remorse,,,,,,immediate custody
49,,,,,,,,immediate custody
49,,,,,,,,
49,,genuine remorse,,,,,common assault,immediate custody
49,,genuine remorse,,,,,common assault,
49,,,,,,,common assault,immediate custody
49,under influence drugs/alcohol,,,,,,common assault,immediate custody
49,,,,,,,common assault,
49,,,,,,,common assault,
49,under influence drugs/alcohol,,,,,grievous bodily harm with intent,,immediate custody
49,,,,,,grievous bodily harm with intent,,immediate custody
49,under influence drugs/alcohol,genuine remorse,,,grievous bodily harm,,,immediate custody
49,under influence drugs/alcohol,genuine remorse,,,grievous bodily harm,,,immediate custody
49,,,,,grievous bodily harm,,,immediate custody
49,,genuine remorse,,,grievous bodily harm,,,
49,,,,,grievous bodily harm,,,
49,,,,,grievous bodily harm,,,
49,under influence drugs/alcohol,,,,grievous bodily harm,,,
49,,genuine remorse,,,grievous bodily harm,,,
49,,,,,grievous bodily harm,,,immediate custody
26,under influence drugs/alcohol,,,,,,,
26,under influence drugs/alcohol,genuine remorse,,,,,,
26,,,,,,,,
26,under influence drugs/alcohol,genuine remorse,,,,,,
26,,,,,,,,
26,,,,,,,,
26,,,,,,,,immediate custody
26,under influence drugs/alcohol,,,,,,,
26,,genuine remorse,,affray,,,,
26,,,,affray,,,,
26,,,,affray,,,,
26,under influence drugs/alcohol,genuine remorse,,affray,,,,
26,under influence drugs/alcohol,genuine remorse,,affray,,,,
26,under influence drugs/alcohol,genuine remorse,,affray,,,,
26,,genuine remorse,,affray,,,,
26,,genuine remorse,,affray,,,,
26,under influence drugs/alcohol,,,,,,,
26,,,,,,,,
26,,,,,,,,
26,,genuine remorse,,,,,,
26,,,,,,,,immediate custody
26,under influence drugs/alcohol,genuine remorse,,,,,,immediate custody
26,,,,,,,,immediate custody
26,,genuine remorse,,,,,,
26,,,,,,grievous bodily harm with intent,,immediate custody
26,,,,,grievous bodily harm,,,immediate custody
26,under influence drugs/alcohol,,,,grievous bodily harm,,,
26,,genuine remorse,,,grievous bodily harm,,,
26,,genuine remorse,,,grievous bodily harm,,,immediate custody
26,under influence drugs/alcohol,genuine remorse,,,grievous bodily harm,,,
26,under influence drugs/alcohol,genuine remorse,,,,grievous bodily harm with intent,,immediate custody
26,under influence drugs/alcohol,genuine remorse,,,,grievous bodily harm with intent,,immediate custody
30,,,,,,,,immediate custody
30,,,,,,,,
30,,,,,,,,
30,,,,,,,,immediate custody
30,,,,,,,,immediate custody
30,,,,,,,,
30,,,,,,,,immediate custody
30,,,,,,,,immediate custody
30,,,,,,,,
30,under influence drugs/alcohol,,,,,,,
30,,,,,,,,
30,,genuine remorse,,,,,,
30,,genuine remorse,,,,,,immediate custody
30,,,,affray,,,,
30,,,,affray,,,,
30,,,,affray,,,,
30,,,,affray,,,,
30,,genuine remorse,,affray,,,,
30,,,,affray,,,,immediate custody
30,,genuine remorse,,,,,,immediate custody
30,,genuine remorse,,,,,,
30,,genuine remorse,,,,,,
30,,,,,,,,immediate custody
30,,genuine remorse,,,,,,
30,under influence drugs/alcohol,genuine remorse,,,,,,
30,,genuine remorse,,,,,,immediate custody
30,,,,affray,,,,
30,,,,affray,,,,immediate custody
30,under influence drugs/alcohol,genuine remorse,,affray,,,,
30,,,,affray,,,,immediate custody
30,,,,affray,,,,
30,,,,affray,,,,immediate custody
30,,genuine remorse,,affray,,,,
30,,,,affray,,,,
30,,genuine remorse,,affray,,,,
30,,,,affray,,,,
30,,,,affray,,,,immediate custody
30,under influence drugs/alcohol,,,affray,,,,immediate custody
30,,genuine remorse,,affray,,,,
30,under influence drugs/alcohol,genuine remorse,,affray,,,,
30,,,,affray,,,,immediate custody
30,under influence drugs/alcohol,,,,,,,immediate custody
30,under influence drugs/alcohol,genuine remorse,,,,,,
30,,,,,,,,
30,,,,,,,,
30,,,,,,,,
30,,,,,,,,
30,,genuine remorse,,,,,,
30,,,,,,,,
30,,genuine remorse,,,,,,immediate custody
30,,,,,,,,
30,,,,,,,,immediate custody
30,,,,,,,,immediate custody
30,,,,,,,,
30,,genuine remorse,,,,,,
30,,genuine remorse,,,,,,immediate custody
30,,,,,,,,
30,,genuine remorse,,,,,,
30,,,,,,,,immediate custody
30,,,,,,,,immediate custody
30,,,,,,,,immediate custody
30,,genuine remorse,,,,,,
30,,,,,,,,immediate custody
30,,,,,,,,immediate custody
30,,,,,,,,
30,under influence drugs/alcohol,genuine remorse,,,,,,
30,under influence drugs/alcohol,genuine remorse,,,,,,immediate custody
30,under influence drugs/alcohol,,,,,,,immediate custody
30,under influence drugs/alcohol,genuine remorse,,,,,,immediate custody
30,,,,,,,,
30,,,,,,,,immediate custody
30,,,,,,,,
30,,,,,,,,
30,,,,,,,,immediate custody
30,under influence drugs/alcohol,genuine remorse,,,,,,
30,,genuine remorse,,,,,,
30,,,,,,,common assault,immediate custody
30,,genuine remorse,,,,,common assault,
30,,genuine remorse,,,,,common assault,
30,,,,,,,common assault,
30,under influence drugs/alcohol,genuine remorse,,,,,common assault,
30,,genuine remorse,,,,,common assault,
30,,,,,,,common assault,immediate custody
30,under influence drugs/alcohol,,,,,,common assault,immediate custody
30,under influence drugs/alcohol,,,,,,common assault,immediate custody
30,,,,,,,common assault,
30,,genuine remorse,,,,,common assault,
30,,,,,,,common assault,
30,,,,,,,common assault,immediate custody
30,,,,,,grievous bodily harm with intent,,immediate custody
30,under influence drugs/alcohol,genuine remorse,,,,grievous bodily harm with intent,,immediate custody
30,,,,,,grievous bodily harm with intent,,immediate custody
30,under influence drugs/alcohol,,,,,grievous bodily harm with intent,,immediate custody
30,,,,,,grievous bodily harm with intent,,immediate custody
30,,,,,grievous bodily harm,,,immediate custody
30,,,,,grievous bodily harm,,,
30,,,,,grievous bodily harm,,,immediate custody
30,,genuine remorse,,,grievous bodily harm,,,immediate custody
30,,,,,grievous bodily harm,,,immediate custody
30,,genuine remorse,,,grievous bodily harm,,,
30,,genuine remorse,,,grievous bodily harm,,,
30,under influence drugs/alcohol,genuine remorse,,,grievous bodily harm,,,immediate custody
30,,genuine remorse,,,grievous bodily harm,,,immediate custody
30,,genuine remorse,,,grievous bodily harm,,,
30,,,,,grievous bodily harm,,,immediate custody
30,,genuine remorse,,,grievous bodily harm,,,immediate custody
30,under influence drugs/alcohol,genuine remorse,,,grievous bodily harm,,,
30,,genuine remorse,,,grievous bodily harm,,,
30,under influence drugs/alcohol,,,,grievous bodily harm,,,immediate custody
30,,,,,grievous bodily harm,,,
30,,,,,grievous bodily harm,,,immediate custody
30,,,,,grievous bodily harm,,,immediate custody
30,under influence drugs/alcohol,,,,grievous bodily harm,,,immediate custody
30,,,,,grievous bodily harm,,,immediate custody
30,,,,,grievous bodily harm,,,immediate custody
30,,genuine remorse,,,grievous bodily harm,,,
30,under influence drugs/alcohol,genuine remorse,,,grievous bodily harm,,,
30,,,,,grievous bodily harm,,,immediate custody
30,,,,,grievous bodily harm,,,
30,,,,,grievous bodily harm,,,immediate custody
30,,genuine remorse,,,grievous bodily harm,,,immediate custody
30,,,,,,grievous bodily harm with intent,,immediate custody
30,,,,,,grievous bodily harm with intent,,immediate custody
30,under influence drugs/alcohol,genuine remorse,,,grievous bodily harm,,,immediate custody
30,under influence drugs/alcohol,genuine remorse,,,grievous bodily harm,,,immediate custody
30,,,,,grievous bodily harm,,,immediate custody
30,,genuine remorse,,,grievous bodily harm,,,
30,,,,,grievous bodily harm,,,immediate custody
30,,,,,grievous bodily harm,,,immediate custody
30,,,violent disorder,,,,,immediate custody
30,,,violent disorder,,,,,immediate custody
30,,,violent disorder,,,,,
37,,,,,,,,immediate custody
37,,,,,,,,
37,under influence drugs/alcohol,,,,,,,immediate custody
37,,,,,,,,
37,,,,,,,,immediate custody
37,under influence drugs/alcohol,genuine remorse,,,,,,
37,under influence drugs/alcohol,genuine remorse,,,,,,immediate custody
37,,,,,,,,
37,,genuine remorse,,,,,,
37,,genuine remorse,,,,,,
37,,,,,,,,
37,,,,,,,,immediate custody
37,,,,,,,,immediate custody
37,,,,,,,,immediate custody
37,,genuine remorse,,,,,,
37,,,,,,,,
37,,,,affray,,,,immediate custody
37,under influence drugs/alcohol,,,affray,,,,
37,under influence drugs/alcohol,,,affray,,,,immediate custody
37,,,,affray,,,,immediate custody
37,under influence drugs/alcohol,,,affray,,,,
37,under influence drugs/alcohol,genuine remorse,,affray,,,,immediate custody
37,,,,affray,,,,
37,under influence drugs/alcohol,,,affray,,,,immediate custody
37,,,,affray,,,,immediate custody
37,,genuine remorse,,affray,,,,
37,,,,affray,,,,
37,,,,affray,,,,
37,,,,affray,,,,immediate custody
37,under influence drugs/alcohol,genuine remorse,,affray,,,,
37,,,,affray,,,,immediate custody
37,,genuine remorse,,,,,,
37,,,,,,,,
37,,,,,,,,immediate custody
37,,genuine remorse,,affray,,,,immediate custody
37,,genuine remorse,,,,,,
37,under influence drugs/alcohol,,,,,,,immediate custody
37,,,,,,,,
37,,genuine remorse,,,grievous bodily harm,,,immediate custody
37,,genuine remorse,,,grievous bodily harm,,,
37,,genuine remorse,,,grievous bodily harm,,,immediate custody
37,under influence drugs/alcohol,,,,grievous bodily harm,,,immediate custody
37,,,,,,grievous bodily harm with intent,,immediate custody
37,under influence drugs/alcohol,,,,,grievous bodily harm with intent,,immediate custody
37,under influence drugs/alcohol,genuine remorse,,,,,common assault,immediate custody
37,under influence drugs/alcohol,,,,,,common assault,
37,,,,,,,common assault,
66,under influence drugs/alcohol,,,,,,,immediate custody
66,under influence drugs/alcohol,genuine remorse,,,,,,
66,under influence drugs/alcohol,,,,,,,immediate custody
66,,,,,,,,
66,,genuine remorse,,,,,,immediate custody
66,under influence drugs/alcohol,,,,,,,immediate custody
66,,,,affray,,,,
66,,,,,,,,
66,,,,affray,,,,immediate custody
66,under influence drugs/alcohol,,,affray,,,,
66,,,,affray,,,,
66,under influence drugs/alcohol,,,affray,,,,
66,,,,,,,,immediate custody
66,under influence drugs/alcohol,,,,,,,immediate custody
66,,,,,,,,immediate custody
66,,,,,,,,immediate custody
66,under influence drugs/alcohol,,,,,,,immediate custody
66,,,,,,,,immediate custody
66,,,,,,,,immediate custody
66,,genuine remorse,,,,,,
66,,genuine remorse,,,,,,immediate custody
66,,,,,,,,
66,,,,,,,common assault,
66,,,,,,,common assault,immediate custody
66,,,,,,,common assault,
66,,genuine remorse,,,,,common assault,
66,,genuine remorse,,,,grievous bodily harm with intent,,immediate custody
66,,genuine remorse,,,,grievous bodily harm with intent,,immediate custody
66,,genuine remorse,,,grievous bodily harm,,,
66,under influence drugs/alcohol,genuine remorse,,,grievous bodily harm,,,
66,,genuine remorse,,,grievous bodily harm,,,
66,under influence drugs/alcohol,genuine remorse,,,grievous bodily harm,,,immediate custody
66,,,,,grievous bodily harm,,,
44,,genuine remorse,,,,,,
44,,,,,,,,immediate custody
44,,,,,,,,
44,under influence drugs/alcohol,,,,grievous bodily harm,,,immediate custody
44,under influence drugs/alcohol,genuine remorse,,,grievous bodily harm,,,immediate custody
44,under influence drugs/alcohol,,,,grievous bodily harm,,,immediate custody
44,,,,,,,common assault,
11,under influence drugs/alcohol,,,,,,,immediate custody
11,,,,affray,,,,immediate custody
11,under influence drugs/alcohol,,,,,,,
11,,,,,,,,immediate custody
11,,genuine remorse,,,,,,immediate custody
11,,,,,,,,immediate custody
11,,,,,,,,
11,,,,,,,,
11,under influence drugs/alcohol,genuine remorse,,,,,common assault,
11,under influence drugs/alcohol,,,,,grievous bodily harm with intent,,immediate custody
11,,genuine remorse,,,,grievous bodily harm with intent,,immediate custody
11,,,,,grievous bodily harm,,,
11,,,,,grievous bodily harm,,,immediate custody
11,,genuine remorse,,,grievous bodily harm,,,
11,under influence drugs/alcohol,,,,grievous bodily harm,,,immediate custody
11,under influence drugs/alcohol,,,,grievous bodily harm,,,immediate custody
11,,genuine remorse,,,,grievous bodily harm with intent,,immediate custody
11,,,,,,grievous bodily harm with intent,,immediate custody
