Sentencing.court,Step1HigherCulpA,Step1HigherCulpC,Step1HigherCulpD,Step1HigherCulpF,Step1HigherCulpG,Step1HigherCulpI,Step1HigherCulpJ,Step1HigherHarmA,Step1HigherHarmB,Step1HigherHarmC,Step1LowerCulpA,Step1LowerCulpB,Step1LowerCulpC,Step1LowerCulpD,Step1LowerCulpE,Step1LowerHarmA,Aggravating.3,Aggravating.5,Aggravating.9,Aggravating.19,Aggravating.25,Aggravating.26,Aggravating.28,Aggravating.37,Aggravating.44,Aggravating.45,Aggravating.54,Aggravating.55,Aggravating.70,Aggravating.72,Mitigating.3,Mitigating.6,Mitigating.16,Mitigating.20,Mitigating.22,Mitigating.24,Mitigating.25,Mitigating.29,Mitigating.33,Mitigating.36,Mitigating.39,pleafirst,disorder,affray,GBH,intent,common,custody
1,,,,,,,use of weapon,,,,,,,,,,,,,,,,,,,,,,,,,,good character,isolated incident,,,,no previous convictions,,genuine remorse,,,,affray,,,,
1,,,,,,,use of weapon,serious injury,,,,,,,,,,against public worker,,,,,,location,,,,,,under influence drugs/alcohol,,,,,,,,,,,,,,affray,,,,immediate custody
1,,,,,,,,,,,,,,,,,,,on bail,,,,,,,ongoing effect,,,,under influence drugs/alcohol,,,,,,,,,,,,early guilty plea,,affray,,,,immediate custody
1,,,,,,,,,,personally vulnerable,,,,,,,,,on bail,,,,,,,ongoing effect,,,,under influence drugs/alcohol,,,,,,,,,,,,early guilty plea,,affray,,,,immediate custody
1,,,,,,,,,,,,,,,,,,,on bail,,,,,,,ongoing effect,,,,under influence drugs/alcohol,,,,,,,,,,,,early guilty plea,,affray,,,,immediate custody
1,,,,,,,,,,,,,,,,,,,on bail,,,,,,,ongoing effect,,,,under influence drugs/alcohol,,,,,,,,,,,,early guilty plea,,affray,,,,immediate custody
1,,,,,,vulnerable victim,,,repeated assault,personally vulnerable,,,,,,,,,,,,failure to comply with court orders,gratuitous degradation,,,,,,,under influence drugs/alcohol,,,,,,,,,,,,early guilty plea,,,,,,immediate custody
1,,,,,,,use of weapon,,,,,,,,,less serious injury,,,,,,,,,,,,,,,addressing addiction,,,,,,,no previous convictions,primary carer,genuine remorse,,,,,,,,
1,,,,,,vulnerable victim,,,,,,,,,,less serious injury,,,,,,,,,,,,,,,addressing addiction,,,,,,,,,,,,,,,,,
1,,,,,,,,serious injury,,,lack of premeditation,,,,,,,,,,,,,,,,,,,,,,good character,,,,,,,genuine remorse,,,,,,,,
1,,,,,,,use of weapon,serious injury,repeated assault,personally vulnerable,,,,,,,,,,,,,,location,,ongoing effect,,,,,,,,,,,,no previous convictions,,,,early guilty plea,,,,,,immediate custody
1,,intent more harm,,,,,use of weapon,,repeated assault,,,,,,,,,,,,,,,,,,,,,,,,,,,,,,,,,,,,,,,immediate custody
1,,,,,,vulnerable victim,,,repeated assault,,,,,,,less serious injury,,,,,,,,location,,,,,timing of the offence,,,lack of maturity,,isolated incident,,,,no previous convictions,,,,,,,,,,
1,,intent more harm,leading role gang,premeditation,,,use of weapon,,,,,,,,,,,,,,,,,location,on licence,,,,timing of the offence,under influence drugs/alcohol,,,,,,,,,,,,,,,,,,immediate custody
1,,,,premeditation,,,,,,,,,,,subordinate role gang,,,,,,,,,location,,,,,timing of the offence,,,,,,,,,no previous convictions,,,,,,,,,,
1,,,,premeditation,,,,,,,,,,,subordinate role gang,,,,,,,,,location,,,,,,,,,,,,,,,,,,,,,,,,immediate custody
1,,,,,,,,serious injury,,,lack of premeditation,,,,,,,against public worker,,,,,,location,,ongoing effect,,,timing of the offence,under influence drugs/alcohol,,,,isolated incident,,,,,,,single blow,early guilty plea,,,,,,immediate custody
1,,,,,,vulnerable victim,,,,personally vulnerable,lack of premeditation,,,,,less serious injury,,,,,,,,location,,,,previous violence,,,,lack of maturity,,,,,,,,,,,,,,,,
1,,,,,,vulnerable victim,,,repeated assault,,,,,,,less serious injury,,,,,,,,location,,,,,timing of the offence,,,lack of maturity,,isolated incident,,,,no previous convictions,,,,,,,,,,
1,,,,,,,use of weapon,serious injury,,,,,,,,less serious injury,,,,,,,gratuitous degradation,,,,,,,,,,,,,,,,,,,,,,,,,
1,,,,premeditation,,,,,repeated assault,,,,,,,less serious injury,,,,,,,gratuitous degradation,,,,,,,,,,,,,medical condition,,,primary carer,genuine remorse,,,,,,,,
1,,,leading role gang,,,vulnerable victim,use of weapon,,repeated assault,,,,,,,,,against public worker,,,,,,location,,,,,timing of the offence,,,lack of maturity,good character,,,,,,,,,,,,,,,
1,,,,,,,,serious injury,repeated assault,,,,provocation,,,,,,,,,,,,,,,,,,,,,,,,,,,genuine remorse,,,,,,,,
1,,,,,,,,,,,lack of premeditation,,,,,less serious injury,,,,,,,,,,,,,,under influence drugs/alcohol,,,,,,,,no previous convictions,,genuine remorse,,,,,,,,immediate custody
1,,,,,,vulnerable victim,,serious injury,repeated assault,personally vulnerable,,,,,,,,,,,,,,,,,,previous violence,,,,,,,,,,,,genuine remorse,,early guilty plea,,,,,,immediate custody
1,,,,,,,,,,personally vulnerable,,,,,,,,,,,,,,location,,ongoing effect,,,timing of the offence,,,,,,,,,,,,,,,,,,,
1,,,,,,,,,,,lack of premeditation,,,selfdefence,,,,,,,,,,location,,ongoing effect,,,,,,lack of maturity,,,,,,no previous convictions,,,single blow,early guilty plea,,,,,,
1,,,,,,,use of weapon,serious injury,,,,,,,,,,against public worker,,,,,,,,ongoing effect,,,,,,,,,,,,,,,,early guilty plea,,,,,,immediate custody
1,,,,,,,,,,,,,,,,,,,,,,,,,,,,,,,,,,,,,,,,,,,,,,,,
1,,,,,,,,,repeated assault,,,,,,,,,,,,,,,,,,,,,,,,,isolated incident,,,,,,genuine remorse,,early guilty plea,,,,,,
1,,,,,,,,,,,,,,,,,,,,,,,,,,,,,,,,,good character,,,,,no previous convictions,,genuine remorse,,,,,grievous bodily harm,,,immediate custody
1,,,,,,,use of weapon,serious injury,,,,,,,,,,,,,,,,,,,presence of others,,,under influence drugs/alcohol,,lack of maturity,,,,,,no previous convictions,,genuine remorse,,early guilty plea,,,grievous bodily harm,,,
1,,,,,,,use of weapon,serious injury,,,lack of premeditation,,,,,,,,,,,,,location,,ongoing effect,,,timing of the offence,under influence drugs/alcohol,,,,,,,,,,genuine remorse,single blow,,,,grievous bodily harm,,,immediate custody
1,,,,,,,use of weapon,serious injury,,,lack of premeditation,,provocation,,,,,,,,,,,,,,,,,under influence drugs/alcohol,,lack of maturity,good character,isolated incident,,,,no previous convictions,,,single blow,,,,grievous bodily harm,,,immediate custody
1,,,,,,,,,,,,,,,,less serious injury,,,,,failure to respond to warnings,,,location,,,,,timing of the offence,,,,,,,,,,,,,,,,grievous bodily harm,,,immediate custody
1,,,,,,,,,,,,,,,,,,,,,,,,,,,,previous violence,,under influence drugs/alcohol,,,,,,,,,,,,early guilty plea,,,grievous bodily harm,,,immediate custody
1,,,,premeditation,,,,,repeated assault,,,mental disorder (related to the offence),provocation,,,less serious injury,,,,,,failure to comply with court orders,,,,,,previous violence,,,,lack of maturity,,,,,,,,,,,,,grievous bodily harm,,,immediate custody
1,,,,,,,use of weapon,,,,,,,,,,,,,,failure to respond to warnings,,,,,,presence of others,,,,,,,,,,,,,genuine remorse,,,,,,,common assault,
7,,,,,,,,,,,,,,,subordinate role gang,,,,,,,failure to comply with court orders,,,,,presence of others,,,,,,,,,,,,,,,,,,,,,
7,,,,,,,,,,,lack of premeditation,,provocation,selfdefence,,less serious injury,,,,,,,,,,,,,,,,,,isolated incident,,,,,,genuine remorse,single blow,,,,,,,
7,,,leading role gang,,,,use of weapon,,repeated assault,personally vulnerable,,,,,,,,,,,,,,,,,presence of others,,timing of the offence,under influence drugs/alcohol,,,,,,,,,,,,,,,,,,immediate custody
7,,,,,,,,,,,lack of premeditation,,provocation,selfdefence,,less serious injury,,,,,,,,,,,,,,,addressing addiction,,good character,,,,,no previous convictions,,genuine remorse,single blow,,,,,,,
7,,,,,,,,,,,,,,selfdefence,,less serious injury,,,,,,,,,,,,,,,,,,isolated incident,,,,,,genuine remorse,,early guilty plea,,,,,,
7,,,,,,,use of weapon,,,,,,,,,less serious injury,,,,,,,,,,,,,,,,,,,,,,no previous convictions,primary carer,genuine remorse,,early guilty plea,,,,,,
7,,,,,,,,,,,lack of premeditation,,,,,less serious injury,,,,,,,,,,,,,,,,,,,,,,no previous convictions,,genuine remorse,,,,,,,,
7,,,,,,,use of weapon,,repeated assault,personally vulnerable,,,,,,,,,,,,,,,,,presence of others,,timing of the offence,under influence drugs/alcohol,,,,,,,,,,,,,,,,,,immediate custody
7,,,,,,,,,,,,,,,,,,,,,,,,,,,,,,,,,,isolated incident,,,,,,,,,,,,,,
7,,,,,,,,,,,lack of premeditation,,provocation,selfdefence,,less serious injury,,against public worker,,,,,,location,,,,,,,,,,,,,,,,genuine remorse,,,,,,,,
7,deliberate harm,,,,,,,serious injury,,,,mental disorder (related to the offence),,,,,,,,,,,,,,,presence of others,,,,,,,,,medical condition,mental disability (general),,,genuine remorse,,,,,,,,immediate custody
7,,,,,,vulnerable victim,use of weapon,,repeated assault,personally vulnerable,,,,,,,,,on bail,,,,,,,ongoing effect,,previous violence,,under influence drugs/alcohol,,,,,,,,,,,,,,,,,,immediate custody
7,,,,,,vulnerable victim,,,,personally vulnerable,,,,,,,abuse of trust,,,,,,,,,,,,,,,,,,,,,,primary carer,genuine remorse,,early guilty plea,,,,,,
7,,,,,,,use of weapon,,,,,,,,,less serious injury,,,,,,,,location,,,,,,under influence drugs/alcohol,,,,,,,,,,,,,,,,,,immediate custody
7,,,,,,,,,,,lack of premeditation,,,,,less serious injury,,,,,,,,,,,,,,,,,,isolated incident,,,,,,genuine remorse,single blow,,,,,,,
7,,,,,,,,,,,,,provocation,,,less serious injury,,,,,,,,location,,,,,,,,lack of maturity,,,,,,,primary carer,genuine remorse,,early guilty plea,,,,,,
7,,,,,,,use of weapon,,,,lack of premeditation,,,,,less serious injury,,,,,,,,location,,,,,,under influence drugs/alcohol,,,,isolated incident,,medical condition,,,,genuine remorse,,,,,,,,
7,,,,,,,,,,,lack of premeditation,,,,,less serious injury,,against public worker,,,,,,location,,,presence of others,,,under influence drugs/alcohol,,,,,,,,,,,single blow,,,,,,,
7,,intent more harm,,premeditation,,vulnerable victim,,,,personally vulnerable,,,,,,less serious injury,,,,,,,,,,,,,,,,,,,,,,,,,,,,,,,,immediate custody
7,,,,,,,,serious injury,,,lack of premeditation,,,,,,,,,,,,,location,,,,,,under influence drugs/alcohol,addressing addiction,,,,lapse of time,,,,,genuine remorse,single blow,,,,,,,
7,,,,,,,,,,,,,,,,,,,,,,,,,,,,,,under influence drugs/alcohol,,,,isolated incident,,,,no previous convictions,,,,,,,,,,
7,,,,premeditation,,vulnerable victim,,,,,,,,,,,,,,,,,,,,,,,,under influence drugs/alcohol,,,good character,,,,,,,genuine remorse,single blow,,,,,,,
7,,,,premeditation,,vulnerable victim,,,,,,,,,,,,,,,,,,,,,,,,under influence drugs/alcohol,,,good character,,,,,,,genuine remorse,single blow,,,,,,,
7,,,,,,,,,,,,,,,,,,,,,,,,,,,,,,under influence drugs/alcohol,,,,isolated incident,,,,no previous convictions,,,,,,,,,,
7,,,,,,,,,,,,,,,,less serious injury,,,,,,,,location,,ongoing effect,,,,,,lack of maturity,,,,,,no previous convictions,,genuine remorse,,,,,,,,
7,,,,,,,,,repeated assault,,lack of premeditation,,,,,less serious injury,,,,,,,,location,,ongoing effect,,,,under influence drugs/alcohol,,,,isolated incident,,,,no previous convictions,,genuine remorse,,,,,,,,
7,,,,,,,,serious injury,repeated assault,,lack of premeditation,,,selfdefence,,,,,,,,,,,,,,,,,,lack of maturity,,isolated incident,,,,no previous convictions,,genuine remorse,,,,,,,,
7,,,,,,vulnerable victim,,,repeated assault,personally vulnerable,,,,,,less serious injury,,,,,,,,location,,,,,,,,,,,,,,no previous convictions,,genuine remorse,,,,,,,,immediate custody
7,,,,,,vulnerable victim,use of weapon,serious injury,repeated assault,,,,,,,,,,,,,failure to comply with court orders,,,,,,previous violence,,under influence drugs/alcohol,,,,,,,,,,,,,,,,,,immediate custody
7,,,leading role gang,,,,use of weapon,,,personally vulnerable,lack of premeditation,,,,,,,,,,,failure to comply with court orders,,,,,,previous violence,,,,,,,,,,,,,,,,,,,,immediate custody
7,,,,,,,,serious injury,,,lack of premeditation,,,,,,,,,,,,,,,,,,,,,,,,,,,,,,single blow,early guilty plea,,,,,,immediate custody
7,,,,,,,use of weapon,,,,,,,,,,,,,,,,,,,,,,,,,,,,,,,,primary carer,,,,,,,,,
7,,,,,,,,,,,lack of premeditation,,,selfdefence,,less serious injury,,,,,,,,,,,,,,under influence drugs/alcohol,addressing addiction,,,,,,,no previous convictions,,genuine remorse,single blow,,,,,,,
7,,,,premeditation,,,,serious injury,,personally vulnerable,,,,,,,,,,,,,,,,,,,,,,,,,,,,,,genuine remorse,,,,,,,,immediate custody
7,,,,,,vulnerable victim,,,,personally vulnerable,lack of premeditation,,,,,,abuse of trust,,,,,,,,,,,previous violence,,under influence drugs/alcohol,,,,,,,,,,,,,,,,,,immediate custody
7,,,,,,,,,repeated assault,,,,,,,,,,,,,,gratuitous degradation,,,,,previous violence,,,,,,,,,,,,,,,,,,,,immediate custody
7,,,,,,,use of weapon,serious injury,,,lack of premeditation,,,,,,,,,,,,,,,,presence of others,,,,,,,,,,,,primary carer,,single blow,,,,,,,
7,,,,,against race/religion,,,serious injury,repeated assault,,,,,,,,,,,,,,,,,,presence of others,,,under influence drugs/alcohol,,,,,,,,no previous convictions,,,,,,,,,,immediate custody
7,,,,,,,use of weapon,,,,,,,,,,,,,,,,,,,,,,,under influence drugs/alcohol,addressing addiction,,,,,medical condition,,,,,,,,,,,,
7,,,,,,,use of weapon,,,,lack of premeditation,,,,,,,,,,,,,location,,,presence of others,,timing of the offence,,,,,,,,,,,,,,,,,,,immediate custody
7,,,,,,,,serious injury,,,,,,selfdefence,,,,,,,,,,,,,,,,,,,,isolated incident,,,,,,genuine remorse,,,,,,,,
7,,,,,,,,,repeated assault,,lack of premeditation,,,,,,,,,,,,,,,,,,,,,,,,,,,,,genuine remorse,,early guilty plea,,,,,,
7,,,,,,,,,,,,,,,,,,,,,,,,,,,,,,,,,,,,,,,,,,,,,,,,
7,,,,,,,,,,,,,,,,,,,,,,,,,,,,,,,,,,,,,,,,,,,,affray,,,,
7,,,,,,,use of weapon,,,,lack of premeditation,,,,subordinate role gang,,,,,,,,,location,,,,,,,,lack of maturity,good character,isolated incident,,,,no previous convictions,,genuine remorse,,early guilty plea,,affray,,,,
7,,,,,,,use of weapon,serious injury,,,lack of premeditation,,,,,,,,,,,,,,,,,,,under influence drugs/alcohol,,,,,,,mental disability (general),,,genuine remorse,,early guilty plea,,affray,,,,
7,,,,,,,,,,,,,,,,,,,,,,,,,,,,,,,,,,,,,,,,,,,,affray,,,,
7,,,,,,,,,,,,,,,,,,against public worker,,,,,,,,,presence of others,,,,,,,,,,mental disability (general),,,,,,,affray,,,,
7,,,,,,,,,,,,,,,,,,,,,,,,,,,,,,,,,,,,,,,,,,,,affray,,,,
7,,,,,,,use of weapon,,,,,,,,,,,,,,,,,,,,,,,,,,,,,,,,,,,,,affray,,,,
7,,,,,,,,,,personally vulnerable,,,,,,,,,on bail,,,,,,,,,,,under influence drugs/alcohol,,,,,,,,,,,,early guilty plea,,,,,common assault,immediate custody
7,,,,,,,,,,,,,,,,,,against public worker,,,,,,,,,,,,,,,,,,,,,,,,,,,,,common assault,immediate custody
7,deliberate harm,,leading role gang,,,,,,,,,,,,,,,,,,,,,,,,,,,under influence drugs/alcohol,,,good character,isolated incident,,,,no previous convictions,,genuine remorse,single blow,,,,,,common assault,
7,,,,,,,,,,,lack of premeditation,,,,,less serious injury,,,,,,,,,,,,,,,,,,isolated incident,,,,no previous convictions,,,,,,,,,common assault,
7,,,,,,,,,,,,,,,,,,,,,,,,,,,,,,,,,,isolated incident,,,,,,,,,,,,,common assault,
7,,intent more harm,leading role gang,premeditation,,vulnerable victim,use of weapon,,repeated assault,,,,,,,less serious injury,,,,,,,gratuitous degradation,,,,presence of others,,,under influence drugs/alcohol,,,,,,,,,,,,,,,,grievous bodily harm with intent,,immediate custody
7,,intent more harm,,,,,use of weapon,,repeated assault,,,,,,subordinate role gang,less serious injury,,,,,,,,,,,presence of others,,,under influence drugs/alcohol,,,,,,,,,,,,,,,,grievous bodily harm with intent,,immediate custody
7,,,,premeditation,,,use of weapon,serious injury,repeated assault,,,,,,,,,,,,,,,,,,,,,under influence drugs/alcohol,,,,,,,,,,genuine remorse,,early guilty plea,,,,grievous bodily harm with intent,,immediate custody
7,,,,,,vulnerable victim,use of weapon,,repeated assault,,,,,,,,,,,,,,,,,,,,,,,,,,,,,no previous convictions,,,,,,,,grievous bodily harm with intent,,immediate custody
7,,,leading role gang,premeditation,,,use of weapon,,repeated assault,personally vulnerable,,,,,,,,,,,,,gratuitous degradation,,,,,,,,,,,,,,,,,,,,,,,grievous bodily harm with intent,,immediate custody
7,deliberate harm,,,,,,use of weapon,,,,,,,,,,,,,,,,,location,,,,,timing of the offence,,,,,,,,,,,,single blow,,,,,grievous bodily harm with intent,,immediate custody
7,,,,,,,use of weapon,serious injury,repeated assault,personally vulnerable,lack of premeditation,,,,,,abuse of trust,,,,,,,location,,ongoing effect,,,,,,,,,,,,,,,,,,,,grievous bodily harm with intent,,immediate custody
7,deliberate harm,,,premeditation,,,use of weapon,serious injury,repeated assault,,,,,,,,,,,,,,,,,,,,,,,lack of maturity,,,,,,,,genuine remorse,,early guilty plea,,,,grievous bodily harm with intent,,immediate custody
7,,,,,,,use of weapon,serious injury,,,lack of premeditation,,,,,,,,,,,,,,,ongoing effect,,,,,,,,,,,,,,,,,,,,grievous bodily harm with intent,,immediate custody
7,,,,,,,use of weapon,,,,,,,,,less serious injury,,,,,,,,,,ongoing effect,,,,,,,,isolated incident,,,,,primary carer,,single blow,,,,,grievous bodily harm with intent,,immediate custody
7,,intent more harm,,premeditation,,,use of weapon,serious injury,repeated assault,,,,,,,,,,,,,,,location,,ongoing effect,presence of others,,timing of the offence,under influence drugs/alcohol,,,,,,,,no previous convictions,,,,,,,,grievous bodily harm with intent,,immediate custody
7,,,,,,,use of weapon,serious injury,repeated assault,personally vulnerable,,,,,,,,,,,,,,,,,,,,,,,,,,,,,,,,,,,grievous bodily harm,,,
7,,,,,,,use of weapon,,,,,,,,,,,,,,,,,,,,,,,,,lack of maturity,good character,,lapse of time,,,no previous convictions,,genuine remorse,,,,,grievous bodily harm,,,
7,,,leading role gang,,,,,,,,lack of premeditation,,,,,less serious injury,,,,,,,,,,,,,,,,lack of maturity,good character,,,,,no previous convictions,primary carer,genuine remorse,,,,,grievous bodily harm,,,
7,deliberate harm,,,,,vulnerable victim,use of weapon,serious injury,,,,,,,,,,,,,,,,,,ongoing effect,,,,under influence drugs/alcohol,,lack of maturity,,isolated incident,,,,,,genuine remorse,single blow,,,,grievous bodily harm,,,immediate custody
7,,,,,,,,,,,lack of premeditation,,,,,less serious injury,,,,,,,,,,ongoing effect,,,,,,lack of maturity,good character,,,,mental disability (general),no previous convictions,,genuine remorse,single blow,early guilty plea,,,grievous bodily harm,,,
7,,,,,,,,serious injury,,,lack of premeditation,,,,,,,,,,,,,,,,,,,,,,,,,,,,,genuine remorse,single blow,early guilty plea,,,grievous bodily harm,,,immediate custody
7,,,,,,,,,,,,,,,,,,,,,,,,location,,,presence of others,,,under influence drugs/alcohol,,,,,,,,,,genuine remorse,single blow,,,,grievous bodily harm,,,immediate custody
7,,,,,,,,,,,lack of premeditation,,,,,,,,,,,,,location,,,presence of others,previous violence,timing of the offence,under influence drugs/alcohol,addressing addiction,,,,,,,,,genuine remorse,single blow,early guilty plea,,,grievous bodily harm,,,immediate custody
7,,,,,,,use of weapon,,,,,,,selfdefence,,less serious injury,,,,,,,,,,,,,,,,,,,,,,,,,,,,,grievous bodily harm,,,immediate custody
7,,,leading role gang,premeditation,,,use of weapon,,,,,,,,,less serious injury,,,,,,,,location,,,presence of others,previous violence,timing of the offence,under influence drugs/alcohol,addressing addiction,,,,,,,,,genuine remorse,,,,,grievous bodily harm,,,immediate custody
7,,,,,,,use of weapon,serious injury,,,lack of premeditation,,provocation,,,,,,,,,,,,,ongoing effect,,,,,,,,isolated incident,lapse of time,,,,,,single blow,,,,grievous bodily harm,,,
7,,,,,,,,serious injury,,,lack of premeditation,,provocation,selfdefence,,,,,,,,,,,,,,,,,,,,isolated incident,,,,no previous convictions,,genuine remorse,,,,,grievous bodily harm,,,
7,,,,,,,,,repeated assault,,,,provocation,,,,,,,,,,,location,,,,,,,addressing addiction,,,,,,,,,genuine remorse,,,,,grievous bodily harm,,,
7,,,,,,,use of weapon,,repeated assault,,,,,,,,,,,,,,,,,,,,,,,,,,,,,,,,,,,,grievous bodily harm,,,immediate custody
7,,,,,,,use of weapon,,,personally vulnerable,,,,,,less serious injury,,,,,,,,location,,ongoing effect,,,timing of the offence,,,,,,,,,no previous convictions,,,single blow,,,,grievous bodily harm,,,immediate custody
7,,,,,,,use of weapon,,repeated assault,,,,,,,,,,,,,,,,,ongoing effect,,,,,,,,,,,,,,genuine remorse,,,,,grievous bodily harm,,,immediate custody
7,,,,,,,,,,,lack of premeditation,,,selfdefence,,less serious injury,,,,,,,,,,,,,,under influence drugs/alcohol,addressing addiction,,,,,,,no previous convictions,,genuine remorse,,,,,grievous bodily harm,,,
7,,,,,,,use of weapon,,,,,,,,,less serious injury,,,,,,,,,,,,,,,,,,,,,,,,,single blow,,,,grievous bodily harm,,,immediate custody
7,,,,,,,use of weapon,,repeated assault,,,,,,,less serious injury,,,,,,,,,,,,,,,addressing addiction,,,,,,,,primary carer,,,early guilty plea,,,grievous bodily harm,,,
NA,,,,,,,,,,,,,,,,,,,,,,,,,,,,,,,,,,,,,,,,genuine remorse,,early guilty plea,,affray,,,,
NA,,,,,,,use of weapon,serious injury,,,,,,,,,,,,,,,,,,,,,,,,,,,,,,,,,,early guilty plea,,affray,,,,
NA,,,,,,,,,,,lack of premeditation,,provocation,selfdefence,,,,,,,,,,,,,,,,,,,,isolated incident,,,,,,,,early guilty plea,,,,,,
NA,,,,premeditation,,,,,,personally vulnerable,,,,,,less serious injury,,,,,,,,,,,,,,,,,,,,,,,,,,,,,,,,
NA,,,,premeditation,,,,,,personally vulnerable,,,,,,,,,,,,,,,,,,,,,,,,,,,,no previous convictions,,,,early guilty plea,,,,,,
NA,,,,,,,,,,,,,,,,,,,,,,,,,,,,,,,,,,,,,,,,,,,,,,,,immediate custody
NA,,,,,,vulnerable victim,,,,,,,,,,,,,,victim forced to leave home,,,,,,,presence of others,,,,,lack of maturity,,,lapse of time,,mental disability (general),,,genuine remorse,,,,,,,,immediate custody
NA,,,,premeditation,,,,,,personally vulnerable,,,,,,,,,,,,,,,,,,,,,,,,,,,,,,,,early guilty plea,,,,,,
NA,deliberate harm,,,,,,,,repeated assault,personally vulnerable,lack of premeditation,,,,,,,,,,,failure to comply with court orders,,location,,ongoing effect,,,timing of the offence,,addressing addiction,,,,,,,,,genuine remorse,,early guilty plea,,,,,,immediate custody
NA,,,,,,,,,,,lack of premeditation,,,,,less serious injury,,,,,,,,,,,,,,,,,,,,,,no previous convictions,,,,,,,,,,
NA,,,,,,,use of weapon,,,,,,,,,,,,,,,,,,,,,,,,,,,,,,,,,,,,,,,,,
NA,,,,,,,use of weapon,,,,,,,,,,,,,,,,,,,,,,,,,,,,,,,,,,,,,,,,,immediate custody
NA,,,,,,,,,,,lack of premeditation,,,,,less serious injury,,,,,,,,,,,,,,,,,,,,,,no previous convictions,,genuine remorse,single blow,,,,,,,
NA,,,,,,,,,,,,,,,,,,,,,,,,,,,,,,,,,,,,,,,,genuine remorse,,,,,,,,immediate custody
NA,,,,,,,,serious injury,repeated assault,,,,,,,,,,,,,,,,,,,,,,,,,,,,,,,,,,,,,,,immediate custody
NA,,,,,,,,serious injury,,,lack of premeditation,,,,,,,against public worker,,,,,,location,,,,,timing of the offence,under influence drugs/alcohol,,,good character,,,,,no previous convictions,,genuine remorse,,,,,,,,
NA,,,,,,,,,,,lack of premeditation,,provocation,,,,,,,,,,,,,,presence of others,,,,,,,,,,,,,genuine remorse,,,,,grievous bodily harm,,,
NA,,intent more harm,,,,,use of weapon,serious injury,,,lack of premeditation,,,,,,,,,,,,,,,ongoing effect,,,,,,lack of maturity,,,,,,no previous convictions,,,single blow,,,,grievous bodily harm,,,immediate custody
NA,,,,premeditation,,,use of weapon,serious injury,repeated assault,,,,,,subordinate role gang,,,,,,,,,location,,ongoing effect,presence of others,,timing of the offence,under influence drugs/alcohol,,,good character,,,,,,,genuine remorse,,early guilty plea,,,,grievous bodily harm with intent,,immediate custody
NA,,,,,,,use of weapon,,,,,,,,,,,,,,,,,location,,,,,,,,lack of maturity,good character,,,,,no previous convictions,,,single blow,,,,,grievous bodily harm with intent,,immediate custody
NA,,,,,,,,serious injury,repeated assault,,,,,,,,,,,,,,,,,,,,,,,,,,,,,,,,,,,,,grievous bodily harm with intent,,immediate custody
NA,,intent more harm,,,,,,,,,,,,,,,,,,,,,,,,,,,,,,,,,,,,,,,,early guilty plea,,,,grievous bodily harm with intent,,immediate custody
NA,,,,,,,use of weapon,,repeated assault,,lack of premeditation,,,,,,,,,,,,,,,ongoing effect,,,,,,,,,,,,no previous convictions,,genuine remorse,,,,,,grievous bodily harm with intent,,immediate custody
NA,deliberate harm,,leading role gang,premeditation,,,use of weapon,serious injury,repeated assault,,,,,,,,,,,,,,,location,,ongoing effect,presence of others,,timing of the offence,under influence drugs/alcohol,,,,,,,,,,,,,,,,grievous bodily harm with intent,,immediate custody
NA,,,,,,,,,,,,,,,,,,,,,,,,,,,,,,,,,,,,,,,,,,,,,,,common assault,
3,,,,,against race/religion,,,,,personally vulnerable,lack of premeditation,,,,,,,,,,,,,location,,,,,timing of the offence,,,,,,,,,,,genuine remorse,,,,,,,common assault,
3,,,,,against race/religion,,,,,,,,,,,less serious injury,,against public worker,,,,,,,,,,,,under influence drugs/alcohol,,,,,,,mental disability (general),,,genuine remorse,,early guilty plea,,,,,common assault,immediate custody
3,,,leading role gang,,,,,,,,,,,,,less serious injury,,,,,,,,,,,,,,under influence drugs/alcohol,,lack of maturity,,,,,,,,,,,,affray,,,,
3,,,,premeditation,,vulnerable victim,use of weapon,,,,,,,,,,,,,,,,,,,,presence of others,,,under influence drugs/alcohol,,,,,,,,,,,,early guilty plea,,,,,,immediate custody
3,deliberate harm,,,,,,use of weapon,serious injury,,personally vulnerable,,,,,,,,,on bail,,,,,location,,ongoing effect,,,timing of the offence,,,,,,,,,,,,,,,,,,,immediate custody
3,,,,,,,use of weapon,,,,,,,,,,,,,,,,,,,,presence of others,,,,,,,,,,,,,genuine remorse,,,,,,,,immediate custody
3,,,,,,,,,,,,,,,,less serious injury,,,,,,,,,,,presence of others,,,,,,,,,,,no previous convictions,,,,,,,,,,
3,,,,,,vulnerable victim,,,,personally vulnerable,,,,,,,,,,,,,,,,,,,,,,,,,,,,,,,,,,,,,,
3,,,,,,,,,,,,,,,,,,,,,,,,,,,,,,,,,,,,,,,,,,,,,,,,
3,,,,,,,,,,,,,,,,less serious injury,,,,,,,,location,,,presence of others,,,under influence drugs/alcohol,,,,,,,,,,,,,,,,,,
3,,,,,,,,,,,,,,,,,,,,,,,,,,,,,,,,,,,,,,,,,,early guilty plea,,,,,,immediate custody
3,,,,,,vulnerable victim,,serious injury,repeated assault,personally vulnerable,,,,,,,,against public worker,,,,,,location,,ongoing effect,,,timing of the offence,,,lack of maturity,,,,,,no previous convictions,,genuine remorse,,,,,,,,immediate custody
3,,,,,,,,,,,,,,,,less serious injury,,,,,,,,location,,,,,,,,,,,,,,,,,,,,,,,,
3,,,,,,vulnerable victim,,,repeated assault,,,,,,,less serious injury,,,,,,,,,,,,previous violence,,,addressing addiction,,,,,,,no previous convictions,,genuine remorse,,early guilty plea,,,,,,
3,,,,,,,,,,,lack of premeditation,,,,,,,,,,,,,location,,,presence of others,,,,,,,,,,,,,genuine remorse,,,,,,,,
3,deliberate harm,,,,,,,,repeated assault,,,,,,subordinate role gang,,,,,,,,,,,ongoing effect,,,,,,,,isolated incident,,,,,,,,early guilty plea,,,,,,
3,,,,premeditation,,,,,,,,,,,subordinate role gang,,,,,,,,,location,,,,,,under influence drugs/alcohol,,,,,,,,,,,,,,,,,,
3,,,,,,,,serious injury,,,lack of premeditation,,,,,,,,,,,,,,,,,,,under influence drugs/alcohol,,,good character,isolated incident,,,,,,genuine remorse,single blow,early guilty plea,,,,,,
3,,,,,,,use of weapon,,repeated assault,personally vulnerable,,,,,,,,,,,,,,,,ongoing effect,,,,,,,,,,,,,,,,,,,,,,immediate custody
3,,,,,,,use of weapon,serious injury,repeated assault,personally vulnerable,,,,,,,,,,,,,,,,,presence of others,,,,,,good character,,,,,,,,,,,,,,,
3,,,,,,,use of weapon,,,,,,,,,less serious injury,,,,,,,,,,,,,,,,lack of maturity,,,,,,no previous convictions,,,,early guilty plea,,,,,,immediate custody
3,,,,,,,use of weapon,serious injury,,,,,provocation,,,,,,,,,,,,,,,previous violence,,,,,,,,,,,,,single blow,,,,,,,immediate custody
3,,,,,,,use of weapon,,,,,,,,,less serious injury,,,,,,,,,,,,,,,,,,,,,,,,,single blow,early guilty plea,,,,,,
3,,,,,,,use of weapon,serious injury,,,,,,,,,,,,,,,,,,,presence of others,,,under influence drugs/alcohol,addressing addiction,,,,,,,no previous convictions,primary carer,genuine remorse,single blow,early guilty plea,,,,,,
3,,,,,,,,,,,,,,,,,,,,victim forced to leave home,,,,,,,,,,,,,,,,,,,,,,,,,,,,immediate custody
3,,,,,,,,,repeated assault,,,,,,,,,,,,,,,,,,,,,,,,,,,,,,,,,early guilty plea,,,,,,immediate custody
3,,,,,,,,,,,,,,,,,,,,,,,,,,,,,,,,,,,,,,,,,,,,,,,,
3,,,,,,,,,,personally vulnerable,,,,,,less serious injury,abuse of trust,,,,,,,location,,,presence of others,,,,,,,,,,,,,,,,,,,,,immediate custody
3,,,,,,,use of weapon,serious injury,repeated assault,,lack of premeditation,,,,,,,,,,,,,,,,presence of others,,,,,lack of maturity,,,,,,,,genuine remorse,,,,,,,,
3,deliberate harm,,leading role gang,,,,use of weapon,serious injury,repeated assault,,,,,,,,,,on bail,,,,,location,,ongoing effect,,,timing of the offence,,,,,,,,,no previous convictions,,,,,,,,,,immediate custody
3,,,,,,,use of weapon,,repeated assault,,lack of premeditation,,,,,,,against public worker,,,,,,location,,ongoing effect,presence of others,,,,,,good character,isolated incident,,,,no previous convictions,,genuine remorse,,,,,,,,immediate custody
3,,,leading role gang,,,vulnerable victim,,serious injury,,,,,,,,,,,,,,,,location,,,presence of others,,,,,,,,,,,,,,,early guilty plea,,,,,,immediate custody
3,deliberate harm,,,,,,,,repeated assault,,,,,,,,,,,,,,,,,,presence of others,,,under influence drugs/alcohol,,,,,,,,,,,,early guilty plea,,,,,,
3,,intent more harm,,,,,,,,,,,,,,less serious injury,,,,,,,,location,,,presence of others,,,under influence drugs/alcohol,,,,,,,,,,,,,,,,,,immediate custody
3,,,,premeditation,,,,,,,,,,,,less serious injury,,,,,,,,,,,presence of others,,,,,,,,,,,,,,,,,,,,,
3,,,,,against race/religion,,use of weapon,,,,,,,,,,,,,,,,,,,,,,,,,,,,,,,,,,,,,,,,,
3,,,,premeditation,,,,,,,,,,,,less serious injury,,,,,,,,,,,presence of others,,,,,,,,,,,,,,,,,,,,,
3,,,,,,,,,,,lack of premeditation,,provocation,selfdefence,,less serious injury,,,,,,,,,,,,,,,,,good character,isolated incident,,,,no previous convictions,,genuine remorse,,early guilty plea,,,,,,
3,,,,,,,,serious injury,,,lack of premeditation,,,,,,,,,,,,,,,,,,,,,,,,,,,no previous convictions,,,,,,,,,,
3,,,,,,,,,,,lack of premeditation,,,,,less serious injury,,,,,,,,,,,,,,,,,,,,,,,,,,,,,,,,
3,,,,,,,,,repeated assault,,lack of premeditation,mental disorder (related to the offence),,,,,,,,,,,,,,,,,,under influence drugs/alcohol,,,,,,,mental disability (general),no previous convictions,,genuine remorse,,early guilty plea,,,,,,
3,,,,,,,use of weapon,,,,lack of premeditation,,,,,less serious injury,,,,,,,,,,,presence of others,,,,,,,isolated incident,,medical condition,,,,genuine remorse,single blow,early guilty plea,,,,,,
3,,,,,,,,serious injury,,,,,,selfdefence,,,,against public worker,,,,,,,,,presence of others,,,,,,,,,,,,,,single blow,early guilty plea,,,,,,
3,,,,,,,,,repeated assault,,,,,,subordinate role gang,,,,,,,failure to comply with court orders,,location,,,,previous violence,,,,,,,,,,,,genuine remorse,,early guilty plea,,,,,,immediate custody
3,,,,,,,,,,,lack of premeditation,,,,,less serious injury,,,,,,,,location,,,,,timing of the offence,,,,,,,,,,,,single blow,,,,,,,
3,,,,,,,,serious injury,,,,,,,,,,,,,,,,,,,,,,under influence drugs/alcohol,,,good character,,,,,,,genuine remorse,single blow,early guilty plea,,,,,,
3,,intent more harm,leading role gang,,,vulnerable victim,,,,,,,,,,less serious injury,,,,,,,,,,,presence of others,,timing of the offence,,,,,,,,,,,,,,,,,,,immediate custody
3,,,,,,,,,,,,,,,,,,against public worker,,,,,,,,,,,,,,,,,,,,,,,,,,,,,,immediate custody
3,,,,,,,,serious injury,,,,,provocation,selfdefence,,,,,,,,,,location,,,,,,,,,,,,,,,,genuine remorse,,early guilty plea,,,,,,
3,,,,,,,,,,,lack of premeditation,,,,,less serious injury,,,,,,,,,,,,,,,,,,,,,,,,genuine remorse,single blow,,,,,,,immediate custody
3,,,,,,,,,,,,,,,,,,against public worker,,,,failure to comply with court orders,,,on licence,,,,,,,,,,,,,,,,,early guilty plea,,,,,,immediate custody
3,,,,,,vulnerable victim,,serious injury,repeated assault,personally vulnerable,,,,,,,abuse of trust,,,,,failure to comply with court orders,gratuitous degradation,location,,,,,,,,,,,,,,,,,,early guilty plea,,,,,,immediate custody
3,,,,,,,use of weapon,,,,,,,,,less serious injury,,,,,,,,,,,,,,,,,,,,,,,,,,,,,,,,
3,,,,,against race/religion,,,,,,,,,,,less serious injury,,,,,,,,,,,,,,under influence drugs/alcohol,addressing addiction,,,,,,,,,genuine remorse,,early guilty plea,,,,,,
3,,,,,,,use of weapon,serious injury,,personally vulnerable,,,,,,,,,,,,,,,,,,,,,,,,,,,,,,,,,,,,,,immediate custody
3,,,,,,,,serious injury,,,lack of premeditation,,,,,,,,,,failure to respond to warnings,failure to comply with court orders,,location,,ongoing effect,presence of others,previous violence,,under influence drugs/alcohol,,,,,,,,,,,,,,,,,,immediate custody
3,,,,,,,use of weapon,,,,,,,,,less serious injury,,,,,,failure to comply with court orders,,,,,,,,,,,,,,,,,,,,early guilty plea,,,,,,immediate custody
3,,,,,,,,,,,,,,,,less serious injury,,,,,,,,,,,,,,,,,,,,,,,,,,,,,,,,
3,,,,,,,,,,personally vulnerable,,,,selfdefence,,,,against public worker,,,,,,,,,,,,,,,,,,,,,,,,early guilty plea,,,,,,immediate custody
3,,,,,,,use of weapon,,repeated assault,personally vulnerable,,,,,,,,,,,,failure to comply with court orders,,,,,,previous violence,,,,,,,,,,,,,,,,,,,,immediate custody
3,,,,,,vulnerable victim,,,repeated assault,personally vulnerable,,,,,,,,,,,,,,location,,,,,,,,,,,,,,no previous convictions,,,,,,,,,,immediate custody
3,,,,,,,,,,personally vulnerable,,,,selfdefence,,,,,,,,,,,,,,,,,,,,,,,,,,,,,,,,,,
3,,,,,,,,,,,,,,,,less serious injury,,,,,,,,,,,,,,,,,,,,,,no previous convictions,,,single blow,,,,,,,
3,,,leading role gang,premeditation,,,use of weapon,,,,,,,,,less serious injury,,,,,,,,location,,,,,,under influence drugs/alcohol,addressing addiction,,,,,,,,primary carer,genuine remorse,,,,,,,,immediate custody
3,,,,,,,,,repeated assault,,,,,,,,,,on bail,,,,,,,,,,,,,,,,,,,,,genuine remorse,,,,,,,,
3,,,leading role gang,,,,use of weapon,,repeated assault,personally vulnerable,,,,,,less serious injury,,,,,,,,location,,,presence of others,,,,,,,,,,,,,,,,,,,,,
3,,,,,,,,,,,,,provocation,,,less serious injury,,against public worker,,,,,,,,,,,timing of the offence,,,lack of maturity,,isolated incident,,,,,,genuine remorse,,early guilty plea,,,,,,
3,,,,,,vulnerable victim,,,,,lack of premeditation,,,,,less serious injury,,against public worker,,,,,,,,,,,,,,lack of maturity,good character,isolated incident,,,,no previous convictions,,genuine remorse,single blow,early guilty plea,,,,,,
3,,,,,,,,,,,,,,,,,,,,,,,,,,ongoing effect,presence of others,,,,,,,,,,,,,,single blow,early guilty plea,,,,,,immediate custody
3,,,,,,vulnerable victim,,,repeated assault,,,,,,,,abuse of trust,,,victim forced to leave home,,,,location,,ongoing effect,,,,,,,good character,,,,,no previous convictions,primary carer,genuine remorse,,early guilty plea,,,,,,immediate custody
3,,,,,,,,,repeated assault,,,,,,,,,,,,,,,location,,ongoing effect,,,,under influence drugs/alcohol,,lack of maturity,good character,,,,,no previous convictions,,genuine remorse,,,,,,,,
3,,,leading role gang,premeditation,,,,serious injury,repeated assault,,,,,,,,,,,,,,,,,,,,,,,,,,,,,,,,,,,,,,,immediate custody
3,,,,,,,use of weapon,serious injury,repeated assault,,,,,,,,,,,,,,,,,,,,,,,,,,,,,,,,,,,,,,,immediate custody
3,,,,,,,,,,,,,,,,less serious injury,,,,,,,,,,,,,,,,,,,,,,,,,single blow,,,,,,,
3,,,,,,,,serious injury,,,,,,,,,,,,,,,,,,,,,,,,,,isolated incident,,,,,,genuine remorse,,,,,,,,
3,,,,,,vulnerable victim,use of weapon,,repeated assault,personally vulnerable,lack of premeditation,,,,,,,,,,,,,,,ongoing effect,,,,,,,,,,,,,,genuine remorse,,,,,,,,immediate custody
3,,,,,,,,,,,,,,,,,,,,,,,,,,,,,,,,,,,,,,,,,,early guilty plea,,,,,,immediate custody
3,,,,,,,,,,,lack of premeditation,,,,,less serious injury,,,,,,,,,,,,,,,,,,,,,,,,,,,,,,,,
3,,,leading role gang,,,,,,,personally vulnerable,,,,,,less serious injury,,,,,,,,location,,ongoing effect,,,,,,lack of maturity,,,,,,no previous convictions,primary carer,,,early guilty plea,,,,,,
3,,,,,,,,serious injury,,,,,,,,,,,,,,,,,,,,,,,,,,,,,,,,,,,,,,,,
3,,,,,,vulnerable victim,use of weapon,,,personally vulnerable,,,,,,,abuse of trust,,,,,failure to comply with court orders,,location,,ongoing effect,,previous violence,,under influence drugs/alcohol,,,,,,,,,,,,,,,,,,immediate custody
3,,,,,,,,serious injury,,,,,,,,less serious injury,,,,,,,,,,ongoing effect,,,,,,,,,,,,,,,,early guilty plea,,,,,,immediate custody
3,,,,,,,,serious injury,repeated assault,personally vulnerable,,,,,,,,,,,,failure to comply with court orders,,location,,,,previous violence,,under influence drugs/alcohol,,,,,,,,,,,,early guilty plea,,,,,,immediate custody
3,,,,,,,use of weapon,,,,lack of premeditation,,,,,,,,,,,,,,,,,,,,,,,,,,,,,genuine remorse,,early guilty plea,,,,,,
3,,,,,,,,,,,lack of premeditation,,provocation,,,less serious injury,,,,,,,,,,,,,,,,,good character,,,,,,,genuine remorse,single blow,early guilty plea,,,,,,
3,,,,,,vulnerable victim,,,,,,,,,,less serious injury,,,,,,,,location,,,,,,,,,,,,,,,,,,,,,,,,immediate custody
3,,,,,,,use of weapon,,,,,,,,,less serious injury,,,,,,,,,,,,,,,,,,,,,,,,,single blow,,,,,,,immediate custody
3,,,,,,,,serious injury,,personally vulnerable,lack of premeditation,,,,,,,,,,,,,location,,,,previous violence,,,,,,,,,,,,,,,,,,,,immediate custody
3,,,,,,,use of weapon,,repeated assault,,lack of premeditation,,,,,,,,,,,,,,,,,,,,,,good character,isolated incident,lapse of time,,,no previous convictions,,genuine remorse,,early guilty plea,,,,,,
3,,,,,,,,,,,lack of premeditation,,,,,,,,,,,,,,,,,,,,,,,isolated incident,,,,,,,,early guilty plea,,,,,,
3,,,,premeditation,,vulnerable victim,,serious injury,repeated assault,,,,,,,,,,,,,,,location,,,,,timing of the offence,,,lack of maturity,,,,,,no previous convictions,,,,,,,,,,immediate custody
3,,,,,,,,,,,,,,,,,,,,,,,,,,,,,,,,,good character,,,,,no previous convictions,,,single blow,,,,,,,
3,,,leading role gang,,,vulnerable victim,use of weapon,,,,,,,,,less serious injury,,,,,,,,,,,presence of others,,timing of the offence,,,,,,,medical condition,,,,,,,,,,,,immediate custody
3,,,,premeditation,,vulnerable victim,use of weapon,serious injury,repeated assault,personally vulnerable,,,,,,,,,,,,,,location,,ongoing effect,,,,,,,,,,,,,,,,,,,,,,immediate custody
3,,,,,,,,,,,,,,,,,,,,,,failure to comply with court orders,,location,,,,,,,,,,,,,,,,,,,,,,,,
3,,,,,,,use of weapon,,,,,,,,,,,,,,,,,location,,,,,,,,,,,,,,,,genuine remorse,,,,,,,,
3,,intent more harm,leading role gang,premeditation,,,,,,,,,,,,less serious injury,,,,,,,,,,ongoing effect,presence of others,,,,,,,,,,,,,,,,,,,,,immediate custody
3,,,,,,,use of weapon,,repeated assault,,,,,,,,,,,,,,,location,,,presence of others,,,,,,,,,,,no previous convictions,,,,,,,,,,
3,,,,,,,use of weapon,,,,,,,,,,,,,,,,,location,,,,,,,,,,,,,,,,genuine remorse,,early guilty plea,,,,,,
3,,,,,,vulnerable victim,,,,personally vulnerable,,,,,,,,,,,,,,,,,,,,,,,,isolated incident,,,,no previous convictions,,,,,,,,,,
3,,,,,,,,,,,,,,,,,,,,,,,,,,,,,,,addressing addiction,,,,,,,no previous convictions,,,single blow,,,,,,,
3,,,,,,,use of weapon,serious injury,,,,,,,,,,against public worker,on bail,,,,,,,,,,,,,,,,,,,,,,,,,affray,,,,immediate custody
3,,,,,,,use of weapon,,,,,,,,,,,,,,,,,location,,,,,,,,,,,,,,,,,,,,affray,,,,immediate custody
3,,,,,,,use of weapon,,,,,,,,,,,,,,,,,location,,,presence of others,,,under influence drugs/alcohol,addressing addiction,,,,,medical condition,,,,,,,,affray,,,,
3,,,,,,,,serious injury,,,,,,,,,,,,,,,,location,,,presence of others,,,,,,,,,,,,,,,,,affray,,,,immediate custody
3,,,,,,,,,,,lack of premeditation,,,,subordinate role gang,,,,,,,,,location,,,,,,,,,,,,medical condition,,,primary carer,,,,,affray,,,,
3,,,,,,,,serious injury,,,,,,,,,,,,,,,,location,,,presence of others,,,,,,,,,,,no previous convictions,,,single blow,,,affray,,,,
3,,,,,,,use of weapon,,,,,,,,,less serious injury,,,,,,,,,,,presence of others,,,under influence drugs/alcohol,,,,isolated incident,,,,,,genuine remorse,single blow,early guilty plea,,,,,,immediate custody
3,,,,,,,,serious injury,,,,,,,,,abuse of trust,,,,,,,,,,,previous violence,,under influence drugs/alcohol,,,,,,,,,,,,,,,,,,
3,,,,,,,,,,,,,,,,less serious injury,,,,,,,,location,,,,,,under influence drugs/alcohol,,,,,,,,no previous convictions,,,single blow,,,,,,,
3,,intent more harm,,premeditation,,,,,repeated assault,,,,,,,,,,,,,,,,,ongoing effect,,,,,,,good character,,,,,,,,,,,,,,,immediate custody
3,,,,,,,,serious injury,,,lack of premeditation,,,,,,,,,,,,,location,,,,,timing of the offence,under influence drugs/alcohol,,lack of maturity,,isolated incident,,,,no previous convictions,,,,early guilty plea,,affray,,,,
3,,,,,,,,,,,,,,,,,,,,,,,,location,,,,,,,,,,,,,,,primary carer,,,,,affray,,,,
3,,,,,,,,,,,lack of premeditation,,,,,,,,,,,,,,,,,,,,,,,isolated incident,,,,no previous convictions,primary carer,,,,,affray,,,,
3,,,,,,,,,,,,,,,,,,,,,,,,,,,,,,,,,,,,,,,,,,,,affray,,,,immediate custody
3,,,,,,,use of weapon,,,personally vulnerable,,,,,,,,against public worker,,,,,,location,,ongoing effect,,previous violence,,under influence drugs/alcohol,,,,,,,,,,,,,,affray,,,,immediate custody
3,,,,,,,,serious injury,,,lack of premeditation,,,,,,,,,,,,,location,,,,,timing of the offence,under influence drugs/alcohol,,,,,,,,,,genuine remorse,single blow,early guilty plea,,affray,,,,
3,,,,,,,,,,,,,,,,,,,,,,,,,,,,,,,,,,,,,,,,,,,,affray,,,,immediate custody
3,,,,,,,use of weapon,serious injury,,,,mental disorder (related to the offence),,,,,,,,,,,,location,,,,previous violence,timing of the offence,,,lack of maturity,,isolated incident,,,,,,genuine remorse,,early guilty plea,,affray,,,,
3,,,,,,,,,,,lack of premeditation,,,,,,,against public worker,,,,,,location,,,,,,,,,,,,,,,,genuine remorse,,,,affray,,,,
3,,,,,,,use of weapon,,,,,,,,,,,,,,,,,location,,,,,,under influence drugs/alcohol,,,,,,,,no previous convictions,,,,early guilty plea,,affray,,,,
3,,,,,,,,,,,,,,,,,,,,,,,,,,,presence of others,,timing of the offence,,,lack of maturity,good character,,,,,no previous convictions,,,,,,affray,,,,
3,,,,,,,,,,,,,,,,,,,,,,,,,,,,,,,,,good character,,,,,no previous convictions,,,,,,affray,,,,
3,,,,,,,,serious injury,,,,,,,,,,,,,,,,location,,,presence of others,,,,,,,,,,,,,,,,,affray,,,,immediate custody
3,,,,,,,,,,,,,,,,,,,,,,,,,,,presence of others,,timing of the offence,,,lack of maturity,,,,,,,,,,,,affray,,,,
3,,,,,,,,,,,,,,,,less serious injury,,,,,,,,,,,,,,,,,,,,,,no previous convictions,,,,early guilty plea,,affray,,,,immediate custody
3,,,,,,,,,,,,,,,,,,,,,,,,,,,,,,,,,,,,,,,,,,,,affray,,,,
3,,,leading role gang,,,,,,,personally vulnerable,,,,,,,,,,,,,,,,,,,,,,,,,,,,no previous convictions,,,,,,affray,,,,
3,,,,,,,,,,,,,,,,,,against public worker,,,,,,,,,,,,,addressing addiction,,,,,medical condition,,,,,,early guilty plea,,affray,,,,
3,,,,,,,,serious injury,,,lack of premeditation,,,,,,,,,,,,,,,,,,,,,,,,,,mental disability (general),,primary carer,,,,,affray,,,,
3,,,,,,,,,,,,,,,,,,,,,,,,,,,,,,,,,,,,,,,,,,,,affray,,,,
3,,,,,,,,serious injury,,,lack of premeditation,,,,,,,,,,,,,,,,,previous violence,,,,,,,,,,,,,single blow,,,,,,common assault,immediate custody
3,,,,,,,,,,,,,,,,less serious injury,,,,,,,,,,,,,,,,,,isolated incident,,,,,,,,,,,,,common assault,
3,,,,,,,,,,,,,,,,less serious injury,,,,,,,,,,,,,,,,,,,,,,,,,single blow,,,,,,common assault,immediate custody
3,,,,,,,,,,personally vulnerable,,,,,,less serious injury,,,,,,failure to comply with court orders,,,,,,,,,addressing addiction,,,,,,,,,genuine remorse,,early guilty plea,,,,,common assault,immediate custody
3,,,,,,,,,,,,,,,,less serious injury,,,,,,,,,,,,,,,,,,,,,,,,,,,,,,,common assault,immediate custody
3,,,,,,,,,,,,,,,,,,,,,,,,,,,,,,,,,,isolated incident,,,,,,,,,,,,,common assault,
3,,,leading role gang,,,,,,,personally vulnerable,,,,,,,,,,,,,,,,,presence of others,,,,,,good character,,,,,,,,,early guilty plea,,,,,common assault,
3,deliberate harm,,,,,,,,,,,,,,,less serious injury,,,,,,,,,,,presence of others,,,,,,,,,,,,,,,,,,,,common assault,immediate custody
3,,,,,,vulnerable victim,,,,personally vulnerable,,,,,,,,,,,failure to respond to warnings,,,location,,ongoing effect,,,timing of the offence,under influence drugs/alcohol,,,,,,,,,,,,early guilty plea,,,,,common assault,
3,,,,,,,,,,,lack of premeditation,,,,subordinate role gang,less serious injury,,,,,,,,,,,,,,,,,,isolated incident,,,,no previous convictions,,,,,,,,,common assault,
3,,,,,,,,,,personally vulnerable,,,,,,,,,,,,,,,,,presence of others,,,,addressing addiction,,,,,,,,,genuine remorse,,early guilty plea,,,,,common assault,
3,deliberate harm,intent more harm,,,,vulnerable victim,,serious injury,repeated assault,personally vulnerable,,,,,,,abuse of trust,,,,,failure to comply with court orders,,location,,ongoing effect,,previous violence,timing of the offence,under influence drugs/alcohol,,,,,,,,,,,,,,,,,common assault,immediate custody
3,,,,,,,,,,,lack of premeditation,,,,,less serious injury,,,,,,,,,,,,,,,,lack of maturity,good character,,,medical condition,,no previous convictions,,genuine remorse,single blow,early guilty plea,,,,,common assault,
3,,,,,,,,,,,,,,,,,,,,,,,,,,,,,,,,,,,,,,no previous convictions,,,,early guilty plea,,,,,common assault,
3,,,,,,,,,,,,,,,,less serious injury,,,,,,,,location,,,,,timing of the offence,,,lack of maturity,,,,,,no previous convictions,,genuine remorse,single blow,,,,,,common assault,
3,,,,,,,,,,,,,provocation,,,,,,,,,,,,,,,,,,,,,,,,,,,,,early guilty plea,,,,,common assault,
3,,,,,,,,,repeated assault,,lack of premeditation,,,,,less serious injury,,,,,,failure to comply with court orders,,,,,,,,,,,,,,,,,,,,,,,,,common assault,immediate custody
3,,,,,,,,,,,lack of premeditation,,,,subordinate role gang,,,against public worker,,,,,,location,,,,,,under influence drugs/alcohol,,,good character,isolated incident,lapse of time,,,no previous convictions,,,,,,,,,common assault,
3,deliberate harm,,,,,,use of weapon,serious injury,repeated assault,,,,,,,,,,,,,,,,,ongoing effect,,,,under influence drugs/alcohol,addressing addiction,lack of maturity,,isolated incident,,,,,,genuine remorse,,early guilty plea,,,,grievous bodily harm with intent,,immediate custody
3,deliberate harm,,,,,,,serious injury,repeated assault,,,,,,,,,,,,,,,location,,ongoing effect,,,,,,,,,,,,,,,,,,,,grievous bodily harm with intent,,immediate custody
3,deliberate harm,,,,against race/religion,,,serious injury,,,,,,,,,,against public worker,,,,,,,,,,,,under influence drugs/alcohol,,,,,,,,,,,,early guilty plea,,,,grievous bodily harm with intent,,immediate custody
3,,intent more harm,,,,vulnerable victim,use of weapon,,,,,mental disorder (related to the offence),,,,,,,,,,,,location,,ongoing effect,,,,,,,,,,medical condition,,,,,,,,,,grievous bodily harm with intent,,
3,,,,,,,,serious injury,,personally vulnerable,,,,,,,,,,,,,,,,,,,,,,,,,,,,no previous convictions,,,single blow,,,,,grievous bodily harm with intent,,immediate custody
3,,intent more harm,leading role gang,,,vulnerable victim,,,,,,,,,,less serious injury,,,,,,,,,,,,previous violence,,,,,,,,,,,,,,,,,,grievous bodily harm with intent,,immediate custody
3,,intent more harm,leading role gang,premeditation,,,use of weapon,,,,,,,,,less serious injury,,,,,,,,location,,ongoing effect,presence of others,,timing of the offence,,,,,,,,,no previous convictions,,,single blow,,,,,grievous bodily harm with intent,,immediate custody
3,,intent more harm,leading role gang,,,,use of weapon,serious injury,repeated assault,,,,,,,,,,,,,,,,,,,,,under influence drugs/alcohol,,,,,,,,,,,,,,,,grievous bodily harm with intent,,immediate custody
3,,,,,,vulnerable victim,,serious injury,repeated assault,,lack of premeditation,,,,,,,,,,,,,location,,ongoing effect,,,timing of the offence,,,,,,,,,,,,,,,,,grievous bodily harm with intent,,immediate custody
3,deliberate harm,,,,,vulnerable victim,,serious injury,repeated assault,personally vulnerable,,,,,,,,,,,,,,location,,ongoing effect,,,,,,,,,,,,,,,,,,,,grievous bodily harm with intent,,immediate custody
3,,,,,,,use of weapon,,repeated assault,,,,,,,less serious injury,,,,,,,,location,,,,,timing of the offence,,,lack of maturity,,,,,,no previous convictions,,,,,,,,grievous bodily harm with intent,,immediate custody
3,,,,,,,,,,,,,,,,,,,,,,,,,,,,,,,,,,isolated incident,,,,,,genuine remorse,,,,,,grievous bodily harm with intent,,
3,,,,,,,use of weapon,serious injury,,,lack of premeditation,mental disorder (related to the offence),provocation,,,,,,,,,,,location,,,,,,under influence drugs/alcohol,,,,isolated incident,,,,no previous convictions,,genuine remorse,single blow,,,,,grievous bodily harm with intent,,immediate custody
3,,,leading role gang,,,,use of weapon,,repeated assault,personally vulnerable,,,,,,,,,,,,,,location,,ongoing effect,,previous violence,,,,,,,,,,,,,,,,,,grievous bodily harm with intent,,immediate custody
3,,,,,,,,,,,,,,,,,,,,,,,,location,,ongoing effect,,,timing of the offence,,,,,,,,,,,,single blow,,,,,grievous bodily harm with intent,,immediate custody
3,,,,,,,use of weapon,,,,,,,,,less serious injury,,,,,,,,,,,presence of others,,,,,lack of maturity,,,,,,,,genuine remorse,single blow,early guilty plea,,,,grievous bodily harm with intent,,immediate custody
3,deliberate harm,,,premeditation,,,use of weapon,serious injury,,,,,,,,,,,,,,,,,,,,,,,,,,,,,,no previous convictions,,,,,,,,grievous bodily harm with intent,,immediate custody
3,,,leading role gang,premeditation,,,use of weapon,serious injury,,,,,,,,,,,,,,,,location,,ongoing effect,,,,,,,,,,,,,,,,,,,,grievous bodily harm with intent,,immediate custody
3,,,,,,vulnerable victim,use of weapon,,,,,,,,,,,,,victim forced to leave home,,,,,,,,,,under influence drugs/alcohol,,,,,,,,,,,single blow,,,,,grievous bodily harm with intent,,immediate custody
3,,,,premeditation,,,use of weapon,serious injury,repeated assault,,,,,,subordinate role gang,,,,,,,,,,,ongoing effect,presence of others,,,,,,,,,,,no previous convictions,,,,,,,,grievous bodily harm with intent,,immediate custody
3,,,,,,,use of weapon,,,,lack of premeditation,,,,,less serious injury,,,,,,,,,,,,,,,,,,,,,mental disability (general),,,,single blow,,,,,grievous bodily harm with intent,,immediate custody
3,,,,,,,use of weapon,serious injury,,,,,,,,,,,,,,,,,,,,,,,,,,,,,mental disability (general),,,,,early guilty plea,,,,grievous bodily harm with intent,,
3,,intent more harm,,,,,,,,,,,,,,,,,,,,,,location,,,,,,,,lack of maturity,,,,,,no previous convictions,,,,early guilty plea,,,,grievous bodily harm with intent,,immediate custody
3,,,,,,,use of weapon,,repeated assault,,,,,,,,,,,,,,,,,,,previous violence,,under influence drugs/alcohol,,,,,,,,,,,,,,,,grievous bodily harm with intent,,immediate custody
3,,,,,,,,,,,,,,,,less serious injury,,,,,,,,,,,,,,,,,good character,,,,,no previous convictions,primary carer,genuine remorse,single blow,,,,,grievous bodily harm with intent,,immediate custody
3,,,,,,,use of weapon,,,,lack of premeditation,,,,,less serious injury,,,,,,,,,,,,,,,,,,,,,,no previous convictions,,,single blow,,,,,grievous bodily harm with intent,,immediate custody
3,deliberate harm,intent more harm,,,,,use of weapon,serious injury,repeated assault,,lack of premeditation,,,,,,,,,,,,,,,,presence of others,,,under influence drugs/alcohol,,,,,,,,,,,,,,,,grievous bodily harm with intent,,immediate custody
3,,,,,,,use of weapon,serious injury,repeated assault,,,,,,subordinate role gang,,,,,,,,,location,,ongoing effect,,,timing of the offence,under influence drugs/alcohol,,,,,,,,,,genuine remorse,,,,,,grievous bodily harm with intent,,immediate custody
3,,,,,,,use of weapon,,repeated assault,,,,,,,less serious injury,,,,,,,,location,,,,,,,,,,,,,,no previous convictions,,,,,,,,grievous bodily harm with intent,,immediate custody
3,,,,,,,,serious injury,,personally vulnerable,lack of premeditation,,,,,,,,,,,,,,,ongoing effect,presence of others,previous violence,,,,,,,,,,,,,single blow,,,,,grievous bodily harm with intent,,immediate custody
3,,,,,,,use of weapon,,,,lack of premeditation,,,,,less serious injury,,,,,,,,,,,,,,,,,,,,,,,,,,,,,,grievous bodily harm with intent,,immediate custody
3,,,,,,,use of weapon,,repeated assault,,lack of premeditation,,,,,,,,,,,,,,,ongoing effect,,previous violence,,under influence drugs/alcohol,,,,,,,,,,,,,,,,grievous bodily harm with intent,,immediate custody
3,,,,,,,use of weapon,,,,lack of premeditation,,provocation,,,less serious injury,,,on bail,,,,,location,,,,,,,,,,,,,,,,,,,,,,grievous bodily harm with intent,,immediate custody
3,,,,,,,,,,,,,,,,,,,,,,,,,,,,,,,,,good character,,,,,no previous convictions,,genuine remorse,single blow,,,,grievous bodily harm,,,
3,,intent more harm,,,,vulnerable victim,use of weapon,,,,,,,,,less serious injury,,,,,,,,location,,,presence of others,,,,,,,,,,,,,,,early guilty plea,,,,grievous bodily harm with intent,,immediate custody
3,,,leading role gang,premeditation,,,,serious injury,repeated assault,,,,,,,,,,,,,,,location,,,,,,,,,,,,,,,,,,,,,,grievous bodily harm with intent,,immediate custody
3,,,,,,vulnerable victim,use of weapon,serious injury,,,,,,,,,,,on bail,,,,,location,,ongoing effect,,previous violence,timing of the offence,,,lack of maturity,,,,,,,,,,early guilty plea,,,,grievous bodily harm with intent,,immediate custody
3,,,,,,,use of weapon,,,,,,,,,,,,,,,,,location,,ongoing effect,,,,,,,,,,,,,,,,,,,,grievous bodily harm with intent,,immediate custody
3,,,,,,,use of weapon,,,,,,provocation,selfdefence,,,,,,,,,,,,,,,,,,,good character,,,,,no previous convictions,,genuine remorse,,early guilty plea,,,grievous bodily harm,,,
3,,,,,,,,serious injury,,,lack of premeditation,,,,,,,,,,,,,,,,,,,,,,,,,,,no previous convictions,,,,early guilty plea,,,grievous bodily harm,,,immediate custody
3,,,,,,,use of weapon,,,,,,,,,less serious injury,,,,,,,,,,,,,,,,,,isolated incident,,,,no previous convictions,,,,,,,grievous bodily harm,,,
3,,,,,,,,,,,,,,,,less serious injury,,,,,,,,,,,,,,,,,good character,,,,,no previous convictions,,genuine remorse,single blow,,,,grievous bodily harm,,,
3,,,,,,,,,repeated assault,personally vulnerable,,,,,,,,,,victim forced to leave home,,,gratuitous degradation,,,,,,,under influence drugs/alcohol,,,,,,,,,,,,early guilty plea,,,grievous bodily harm,,,immediate custody
3,,,,,,,use of weapon,,,,lack of premeditation,,,,,less serious injury,,,,,failure to respond to warnings,,,location,,,presence of others,,,under influence drugs/alcohol,,lack of maturity,,,,,,no previous convictions,,,,,,,grievous bodily harm,,,immediate custody
3,,,,,,,use of weapon,serious injury,,,lack of premeditation,,,,,,,,,,,,,location,,ongoing effect,,,,,,,,,,,,,,,,,,,grievous bodily harm,,,immediate custody
3,,,,,,,,,,,,,,,,,,,,,,,,,,,,previous violence,,,,,,,,,,,,genuine remorse,,,,,grievous bodily harm,,,immediate custody
3,,,,,,,use of weapon,serious injury,,,,,,,,,,,,,,,,,,,,,,,,,,,,,,,,,,,,,grievous bodily harm,,,immediate custody
3,,,,,,,,serious injury,,,,,,,,,,against public worker,,,,,,,,ongoing effect,,,,,,,,,,,,,,genuine remorse,,,,,grievous bodily harm,,,immediate custody
3,,,,,,,,serious injury,,,lack of premeditation,,,,,,,,,,,,,,,ongoing effect,,,,,,,,,,,,,,genuine remorse,single blow,early guilty plea,,,grievous bodily harm,,,
3,,,,,,,,serious injury,,,,,,selfdefence,,,,,,,,,,location,,,,,timing of the offence,under influence drugs/alcohol,,,,isolated incident,,,,no previous convictions,,genuine remorse,,early guilty plea,,,grievous bodily harm,,,
3,,,,,,,,,repeated assault,,lack of premeditation,,,,,,,,,,,,,,,ongoing effect,,,,under influence drugs/alcohol,addressing addiction,,,isolated incident,,,,,,genuine remorse,,early guilty plea,,,grievous bodily harm,,,
3,,,,,,,,,,,,,,selfdefence,,less serious injury,,,,,,,,,,,,,,,,,,,,,,,,,single blow,,,,grievous bodily harm,,,
3,,,,,,,,,,,lack of premeditation,,,,,less serious injury,,,,,,,,,,,,,,,,,,isolated incident,,,,no previous convictions,,genuine remorse,single blow,early guilty plea,,,grievous bodily harm,,,
3,,,,,,vulnerable victim,,serious injury,,personally vulnerable,,,,,,,,,,,,failure to comply with court orders,,,,,,,,,,,,,,,,,,,single blow,,,,grievous bodily harm,,,immediate custody
3,deliberate harm,,,,,,,,,,,,,,,less serious injury,,,,,,,,,,,presence of others,previous violence,,,,,,,,,,,,,,,,,grievous bodily harm,,,immediate custody
3,,,,,,,use of weapon,serious injury,,,,,,,,,,,,,,,,,on licence,,,,,,,,,,,,,,,genuine remorse,,,,,grievous bodily harm,,,immediate custody
3,,,,,,,use of weapon,,,,lack of premeditation,,,,,less serious injury,,,,,,,,,,,,,,,,,,,,,,no previous convictions,,,,,,,grievous bodily harm,,,
3,,,,,,,,,,,lack of premeditation,,,,,less serious injury,,,,,,,,,,,,,,,,lack of maturity,,,,,mental disability (general),,,,single blow,,,,grievous bodily harm,,,
3,,,,,,,,,,,,,,,,,,,,,,,,location,,ongoing effect,,,,,,,,,,,,,,genuine remorse,single blow,,,,grievous bodily harm,,,immediate custody
3,,,,,,,,serious injury,,,lack of premeditation,,,,,,,,,,,,,,,,,,,,addressing addiction,,good character,isolated incident,,,,no previous convictions,,genuine remorse,,early guilty plea,,,grievous bodily harm,,,
3,,,,,,vulnerable victim,use of weapon,,,,,,,,,less serious injury,,against public worker,,,,,,,,,,,,under influence drugs/alcohol,,,,,,,,,,,,early guilty plea,,,grievous bodily harm,,,immediate custody
3,,,,,,,use of weapon,,,personally vulnerable,,,,,,,,,,,,,,,,,,,,,addressing addiction,lack of maturity,,,,,,,,,,,,,grievous bodily harm,,,immediate custody
3,,,,,,,use of weapon,serious injury,,,lack of premeditation,,,,,,,,,,,,,,,ongoing effect,,,,,,,,,,,,,,,,,,,grievous bodily harm,,,immediate custody
3,,,,,,,use of weapon,,,,,,,,,less serious injury,,,,,,,,,,,,,,,,,,isolated incident,,,,,,,,,,,grievous bodily harm,,,immediate custody
3,,,,,,,,,repeated assault,personally vulnerable,,,,,,less serious injury,,,,,,,,,,,,,,,,,,,,,,,,,,,,,grievous bodily harm,,,immediate custody
3,,,,,,,,,,,,,provocation,selfdefence,,less serious injury,,,,,,,,,,,,,,,,,good character,isolated incident,,,,no previous convictions,,genuine remorse,,early guilty plea,,,grievous bodily harm,,,
3,,,,,,,use of weapon,,,,lack of premeditation,,,,,,,,,,,,,,,,,,,,,,good character,isolated incident,,,,no previous convictions,,genuine remorse,single blow,,,,grievous bodily harm,,,
3,,,,,,,,,,,,,,,,,,,,,,,,,,,,,,,addressing addiction,,good character,,,,,no previous convictions,,genuine remorse,single blow,early guilty plea,,,grievous bodily harm,,,
3,,,,,,,,,,,lack of premeditation,,,,,,,against public worker,,,,,,,,,,,,under influence drugs/alcohol,,,,,,,,,,,,,,,grievous bodily harm,,,immediate custody
3,,,,,,,use of weapon,,,,,,,,,less serious injury,,,,,,,,,,,,,,,,,,isolated incident,,,,,,,,,,,grievous bodily harm,,,immediate custody
3,,intent more harm,,premeditation,,,use of weapon,,,,,,,,,less serious injury,,,,,,failure to comply with court orders,,,,,,,timing of the offence,,addressing addiction,lack of maturity,,,,,,,primary carer,genuine remorse,,early guilty plea,,,grievous bodily harm,,,immediate custody
3,,,,,,,use of weapon,,,,,,,,,less serious injury,,,,,,,,,,,,,,,,,,,,,,no previous convictions,,,single blow,,,,grievous bodily harm,,,immediate custody
3,,,,,,,,,,personally vulnerable,lack of premeditation,,,,,,,,,,,,,,,,,previous violence,,,,,,,,,,,,,single blow,early guilty plea,,,grievous bodily harm,,,
3,,,,,,,,,,,,,provocation,,,less serious injury,,,,,,,,,,,,,,,,,good character,isolated incident,,,,no previous convictions,,,,,,,grievous bodily harm,,,
3,,,,,,,use of weapon,,,,,,,,,less serious injury,,,,,,failure to comply with court orders,,,,,presence of others,,,under influence drugs/alcohol,addressing addiction,,,,,,,,,genuine remorse,single blow,early guilty plea,,,grievous bodily harm,,,immediate custody
3,,,,,,,use of weapon,serious injury,repeated assault,,,,,,,,,,,,,,,,,,,,,,,,,,,,,,primary carer,,,,,,grievous bodily harm,,,immediate custody
3,,,,premeditation,,,,serious injury,,,,,,,,,,,,,,,,location,,,,,,,,,,,,,,,,,,early guilty plea,,,grievous bodily harm,,,immediate custody
3,,,,,,,,serious injury,,personally vulnerable,lack of premeditation,,,,,,,,,,,,,,,,presence of others,,,,,,,,,,,,,,,early guilty plea,,,grievous bodily harm,,,immediate custody
3,,,,,,,,,repeated assault,,,,,,,,,,,,,,,,,,,,,,,,,,,,,no previous convictions,,,,early guilty plea,,,grievous bodily harm,,,immediate custody
3,,,,,,,use of weapon,,,,,,,,,less serious injury,,,,,,,,,,,,,,,,,,,,,,,,,,early guilty plea,,,grievous bodily harm,,,immediate custody
3,,,,,,,use of weapon,,,,,,,,,less serious injury,,,,,,,,,,,,,,,,,,,,,,,,,,early guilty plea,,,grievous bodily harm,,,immediate custody
3,,,leading role gang,,,,,serious injury,,,,,,,,,,,,,,,,,,,,,,,,,good character,,,,,,,,,early guilty plea,violent disorder,,,,,immediate custody
3,,,,,,,,,,,,,,,,,,,,,,,,,,,,,,,,,,,,,,,,,,,violent disorder,,,,,
3,,,,,,,,,,,,,,,,,,,,,,failure to comply with court orders,,,,,presence of others,previous violence,,,,,,,,,,,,,,,violent disorder,,,,,immediate custody
3,,,,,,,,,,,,,,,,,,,,,,,,location,,,,,,,,,,,,,,no previous convictions,,,,early guilty plea,violent disorder,,,,,immediate custody
3,,,,,,,,,,,,,,,,,,,,,,,,location,,,presence of others,,,,,lack of maturity,good character,,,,,no previous convictions,,,,early guilty plea,violent disorder,,,,,immediate custody
3,,,,,,,,,,,lack of premeditation,,,,subordinate role gang,,,,,,,,,,,,,,,,,,,,,,,,,,,,violent disorder,,,,,immediate custody
6,,,,,,,,,,,,,,,,,,,,,,,,,,,,,,,,,,,,,,,,,,,,affray,,,,immediate custody
6,,,,,,,,,,,,,,,,,,,,,,,,,,,,,,,,,,,,,,,,,,,,affray,,,,
6,,,,,,,,,,,,,,,,,,,,,,,,,,,,,,,,,,,,,,,,,,early guilty plea,,affray,,,,
6,,,,,,,,,,,,,,,,,,,,,,,,,,,,,,,,,,,,,,,,,,early guilty plea,,affray,,,,
6,,,,,,,,serious injury,,,,,,,,,,against public worker,,,,,,,,,,,,,,,,,,,,,,,,,,,,,,immediate custody
6,,,,,,,,,,,lack of premeditation,,provocation,,,less serious injury,,,,,,,,,,ongoing effect,,,,under influence drugs/alcohol,,lack of maturity,good character,,,,,no previous convictions,,genuine remorse,,early guilty plea,,,,,,
6,,,,,,,use of weapon,serious injury,,,,,,,,,,,,,,,,location,,,,previous violence,,under influence drugs/alcohol,,,,,,,,,,,,early guilty plea,,,,,,immediate custody
6,,,,,,,,,,,,mental disorder (related to the offence),,,,,,,,,,,,,,,,,,,,,,,,,,,,,,early guilty plea,,,,,,
6,,,,,,,,serious injury,,,lack of premeditation,,,,,,,against public worker,,,,,,,,,,,,,,,,,,,,,,genuine remorse,,,,,,,,immediate custody
6,,,,,,,,,,,lack of premeditation,,,,,less serious injury,,,,,,,,,,,,,,,,,,,,,,no previous convictions,,,,,,,,,,
6,,,,,,vulnerable victim,use of weapon,serious injury,,personally vulnerable,,,,,,,abuse of trust,,,,,failure to comply with court orders,,,,,,,,,,,,,,,,,,,,,,,,,,immediate custody
6,,,,,,vulnerable victim,use of weapon,,,personally vulnerable,,,,,,,,,,,,,,,,ongoing effect,,,,,,,good character,,,,,,,genuine remorse,,early guilty plea,,,,,,immediate custody
6,,,,,,,,,,,lack of premeditation,,,,,,,,,,,,,,,,,,,under influence drugs/alcohol,,,,,,,,,,,,,,,,,,
6,,,,,,,use of weapon,,,,,,provocation,,,less serious injury,,,,,,,,location,,,presence of others,,timing of the offence,,,,,,,,,no previous convictions,,,,early guilty plea,,,,,,immediate custody
6,,,,,,,,,,,,,,,,,,,,,,,,,on licence,,,,,under influence drugs/alcohol,,,,,,,,,,genuine remorse,single blow,,,,,,,
6,,,,,,,,serious injury,,,lack of premeditation,,,,subordinate role gang,,,against public worker,,,,,,location,,ongoing effect,,,timing of the offence,,,,,,,,,no previous convictions,,,single blow,,,,,,,
6,,,,,,,,,,,lack of premeditation,,provocation,selfdefence,,less serious injury,,,,,,,,,,,,,,,,,good character,isolated incident,lapse of time,,,no previous convictions,,genuine remorse,,,,,,,,
6,,,,,,,use of weapon,serious injury,,,,,,,,,,against public worker,,,,,,location,,ongoing effect,,,timing of the offence,,addressing addiction,,,,,,,no previous convictions,,genuine remorse,single blow,,,,,,,
6,,,,,,,use of weapon,serious injury,repeated assault,,,,,,,,,,,victim forced to leave home,,,,,,ongoing effect,,,,,,,,,,,,,,,,early guilty plea,,,,,,immediate custody
6,,,,,,,,,,,lack of premeditation,,provocation,selfdefence,,less serious injury,,,,,,,,,,,,,,,,,good character,isolated incident,lapse of time,,,no previous convictions,primary carer,genuine remorse,,,,,,,,
6,,,,,,,use of weapon,,,,,,,,,less serious injury,,,,,,,,,,,,,,,,,,isolated incident,,,,,,,,,,,,,,
6,,,,,,,,,,,lack of premeditation,,,,,less serious injury,,,,,,,,,,,presence of others,,,under influence drugs/alcohol,,,,,,,,,,genuine remorse,single blow,early guilty plea,,,,,,
6,,intent more harm,,,,,,serious injury,,,,,,,,,,,,,,,,,,,,,,,,,,,,,,,,,,early guilty plea,,,grievous bodily harm,,,
6,,,,,,,,,,,,,provocation,,,less serious injury,,,,,,,,,,,,,,,,lack of maturity,good character,,,,,no previous convictions,,,single blow,,,,grievous bodily harm,,,
6,,,,,,,use of weapon,serious injury,,,,,,,,,,,,,,,,,,,,,,,,,,,,,,,,,,,,,grievous bodily harm,,,immediate custody
6,,,,,,,,,,,,,,,,,,,,,,,,,,,,,,,,,,,,,,,,,,,,,grievous bodily harm,,,
6,,,,,,,,,,,,,,,,,,,,,,,,,,,,,,,,,,,,,,,,,,,,,grievous bodily harm,,,immediate custody
6,,,,,,,use of weapon,,,,,,,,,less serious injury,,,,,,,,,,,,,,,addressing addiction,,,,,,,no previous convictions,,,,,,,grievous bodily harm,,,
6,,,,,,,use of weapon,serious injury,,,,,,,,,,,,,,,,,,,,,,,,,,,,,,,,,,,,,,grievous bodily harm with intent,,immediate custody
6,,,,,,,,,,,lack of premeditation,,,,,less serious injury,,,,,,,,,,,,,,,,,,,,,,,,,,early guilty plea,,,,grievous bodily harm with intent,,
6,,,,,,,use of weapon,,,,lack of premeditation,mental disorder (related to the offence),,,,less serious injury,,,,,,,,,,,,,,under influence drugs/alcohol,addressing addiction,lack of maturity,good character,isolated incident,,,mental disability (general),no previous convictions,,genuine remorse,,,,,,grievous bodily harm with intent,,immediate custody
6,,,,,,,use of weapon,serious injury,,,,,,,,,,,,,,,,,,,,,,,,,,,,,,,,,,,,,,grievous bodily harm with intent,,immediate custody
6,,,leading role gang,,,,,serious injury,,,,,,,,,,,,,,,,location,,ongoing effect,presence of others,,,under influence drugs/alcohol,,,,,,,,,,,,,,,,grievous bodily harm with intent,,immediate custody
6,,,,,,,use of weapon,,,,,,,,,less serious injury,,,,,,,,,,,,,,,,,,isolated incident,,,,no previous convictions,,genuine remorse,single blow,,,,,grievous bodily harm with intent,,immediate custody
6,,,,,,,use of weapon,,,,lack of premeditation,,,,,less serious injury,,,,,,,,,,,,,,,,,,,,,,,,,,,,,,grievous bodily harm with intent,,immediate custody
6,,,,,,,use of weapon,,,,,,,,,less serious injury,,,,,,,,,,,,,,,,,,,,,,,,,,,,,,grievous bodily harm with intent,,immediate custody
6,,,,,,,use of weapon,serious injury,,,,,,,,,,,,,,,,,,,presence of others,,,,,,,,,,,,,genuine remorse,,,,,,grievous bodily harm with intent,,immediate custody
6,,,,,,,use of weapon,,,personally vulnerable,,,,,,,,,,,,,,location,,,,,,,,,,,,,,,,,,,,,,,common assault,
6,,,,,,,,,,,,,,,,,,,,,,,,,,,,,,under influence drugs/alcohol,,,,,,,,,,,single blow,,,,,,common assault,
6,,,,premeditation,,vulnerable victim,,,,,,,,,,,,,,,,,,,,,,,,under influence drugs/alcohol,,,good character,isolated incident,,,,no previous convictions,,genuine remorse,single blow,,,,,,common assault,
21,,,,,,,,serious injury,,personally vulnerable,lack of premeditation,,,,,,,against public worker,,,,,,location,,ongoing effect,presence of others,,,,,,,,,,,no previous convictions,,,,early guilty plea,,,,,,immediate custody
21,,,,,,vulnerable victim,,serious injury,repeated assault,personally vulnerable,,,,,,,abuse of trust,,,,,,gratuitous degradation,location,,ongoing effect,presence of others,previous violence,,,,,,,,,,,,,,early guilty plea,,,,,,immediate custody
21,,intent more harm,,premeditation,,,use of weapon,,,,,,,,,,,,on bail,,,,,location,,,,,timing of the offence,under influence drugs/alcohol,,,,,,,,,,genuine remorse,,early guilty plea,,,,,,immediate custody
21,deliberate harm,,,,,vulnerable victim,,,,personally vulnerable,,,,selfdefence,,,abuse of trust,,,,,,,location,,ongoing effect,,,,under influence drugs/alcohol,,,,,,,,,,,,,,,,,,immediate custody
21,,,,,,,,serious injury,repeated assault,,,,,,,,,,,,failure to respond to warnings,,gratuitous degradation,location,,,presence of others,previous violence,,under influence drugs/alcohol,,,,,,,,,,,,early guilty plea,,,,,,immediate custody
21,,,,,,,,,,,,,,,,,,,,,,,,,,,,,,under influence drugs/alcohol,addressing addiction,,,,,,,,,,,,,affray,,,,
21,,,,,,,,,,,,,,,,,,,,,,,,,,,,,,,,,,,,,,,,,,,,affray,,,,
21,,,,,,,use of weapon,serious injury,,,,,,,,,,,,,,,,location,,,,,timing of the offence,,,,,,,,,,,genuine remorse,,,,affray,,,,immediate custody
21,,,,,,vulnerable victim,,serious injury,,,,,,,,,abuse of trust,,,,,failure to comply with court orders,gratuitous degradation,location,,,,previous violence,,,,,,,,,,,,,,,,,,,common assault,
21,,,leading role gang,,,,use of weapon,serious injury,,,,,,,,,,,,,,,,location,,,,,,under influence drugs/alcohol,,lack of maturity,good character,,,,,no previous convictions,,genuine remorse,single blow,,,,,,common assault,
21,,,,,,,use of weapon,serious injury,repeated assault,,,,,,,,,,,,,,,location,on licence,,presence of others,,,under influence drugs/alcohol,,,,,,,,,,,,early guilty plea,,,grievous bodily harm,,,immediate custody
21,,,,,,,,,,,lack of premeditation,,,,,less serious injury,,,,,,,,,,,,,,under influence drugs/alcohol,,,,,lapse of time,,,,primary carer,,single blow,,,,grievous bodily harm,,,
21,,,,premeditation,,,use of weapon,serious injury,,,,,,,,,,,on bail,,,,,,,,presence of others,,,,,,,,,,,,,,,,,,grievous bodily harm,,,immediate custody
8,,,,,,,,,,,lack of premeditation,,,,,,,,,,,,,,,,,,,,,,,,,,,,,,,,,affray,,,,
8,,,,,,,,,,,,,,,,,,,,,,,,,,,,,,,,,,,,,,,,,,,,affray,,,,
8,,,,premeditation,,,,,,,,,provocation,,,,,,,,,,,location,,,,,,,,,good character,isolated incident,,,,no previous convictions,,genuine remorse,,early guilty plea,,affray,,,,
8,,,,,,,,,,,,,,,,,,,,,,,,,,,,,,,,,,,,,,,,,,early guilty plea,,affray,,,,immediate custody
8,,,,,,,,,,,,,,,,,,,,,,,,,,,,,,,,,,,,,,,,,,early guilty plea,,affray,,,,immediate custody
8,,,,,,,,,,,,,,,,,,,,,,,,,,,,,,,,,,,,,,,,,,early guilty plea,,affray,,,,immediate custody
8,,,,,,,,,,,,,,,,,,,,,,,,,,,,,,,,,,,,,,,,,,,,affray,,,,
8,,,,,,,,,,,,,,,,,,,,,,,,,,,,,,,,,,,,,,,,,,,,affray,,,,
8,,,,,,,use of weapon,,,,,,,,,,,,,,,,,,,,presence of others,,,,,,good character,,,,,no previous convictions,,,,early guilty plea,,affray,,,,
8,,,,,,,,,,,,,,,,less serious injury,,,,,,,,location,,,,,timing of the offence,,,,,,,,,,,,,,,,,,,immediate custody
8,,,,,,,,,,,lack of premeditation,mental disorder (related to the offence),,,,less serious injury,,,,,,,,,,,,,,,,,,,,medical condition,,no previous convictions,,,,early guilty plea,,,,,,
8,,,,,,,,,,,,mental disorder (related to the offence),provocation,,,,,,,,,,,,,,,,,,,,good character,,,,,,,genuine remorse,single blow,,,,,,,
8,,,,,,,,,,,,,,,,,,,,,,,,,,,,,,,,,,,,,,,,,,,,,,,,immediate custody
8,,,leading role gang,,,,,,,,,,,,,,,,,,,,,location,,,,,timing of the offence,,,,,isolated incident,,,,no previous convictions,,,,early guilty plea,,,,,,
8,,,,,,,,,repeated assault,,,,,,,less serious injury,abuse of trust,,,,,,,location,,,,,,,,,,,,,,,,genuine remorse,,,,,,,,immediate custody
8,,,,,,,,,,,,,,,,,,,,,,,,,,,,,,,,,,,,,,,,,,,,,,,,
8,,intent more harm,,,,vulnerable victim,,,repeated assault,personally vulnerable,,,,,,,,,,,,,,,,,,previous violence,,,,,,,,,,,,,,early guilty plea,,,,,,immediate custody
8,,,,,,,use of weapon,,,,,,,,,,,,,,,,,location,,,,,timing of the offence,,,,,isolated incident,,,,no previous convictions,,genuine remorse,single blow,early guilty plea,,,,,,
8,,,,,,,use of weapon,,,,lack of premeditation,,,,,,,,on bail,,,,,,,ongoing effect,,,,,,,,,,,,,,,single blow,,,,,,,
8,,,leading role gang,,,,,serious injury,,,,,,,,,,,,,,,,location,,,,,timing of the offence,,,,,,,medical condition,,,,genuine remorse,,,,,,,,
8,deliberate harm,,,,,,,serious injury,,,,,,,,,,,,,failure to respond to warnings,,,location,,ongoing effect,,,,under influence drugs/alcohol,,,,,,,,,,,single blow,,,,,,,immediate custody
8,,,,,,,,,,,,,,,,,,,,,,,,,,,,,,,,,,,,,,,,,single blow,,,,,,,
8,,,,,,,,serious injury,,,lack of premeditation,,,,,,,against public worker,,,,,,,,ongoing effect,,,,,,,good character,,,,,no previous convictions,primary carer,genuine remorse,,early guilty plea,,,,,,
8,,,,,,,use of weapon,,,,,,,,,,,,,,,,,location,,,presence of others,,,under influence drugs/alcohol,,lack of maturity,,isolated incident,,,,,,,,early guilty plea,,,,,,
8,,,,,,,use of weapon,,repeated assault,,lack of premeditation,,provocation,,,,,,,,,,,,,,,,,,,,,isolated incident,,,,no previous convictions,,,,,,,,,,
8,,,,,,,use of weapon,,,personally vulnerable,,,,,,,,,,,,,,,,,,,,,,,,,,,,,,genuine remorse,,early guilty plea,,,,,,immediate custody
8,,,,,,,,,,,,,,,,,,,,,,,,,,,,,,,,,good character,,,,,,,,,,,,,,,
8,,,,,,,,serious injury,,,lack of premeditation,,,,,,,,,,,,,,,,,,,,,lack of maturity,,,,,,,,genuine remorse,,,,,grievous bodily harm,,,immediate custody
8,,,,,,,,serious injury,,,lack of premeditation,,,,,,,,,,,,,,,,presence of others,,,under influence drugs/alcohol,,,,isolated incident,,,,no previous convictions,,genuine remorse,single blow,early guilty plea,,,grievous bodily harm,,,
8,,,,,,,use of weapon,serious injury,,,,,,,,,,,,,,,,,,,,,,,,,,,,,,,,,,early guilty plea,,,grievous bodily harm,,,immediate custody
8,,,,premeditation,,,,serious injury,,,,,,,subordinate role gang,,,,,,,,,,,ongoing effect,,,,,addressing addiction,,,isolated incident,,,,no previous convictions,,genuine remorse,single blow,early guilty plea,,,grievous bodily harm,,,
8,,,,,,,,serious injury,,,lack of premeditation,,,,,,,,,,,,,,,,,,,,,,,,,,,no previous convictions,primary carer,genuine remorse,single blow,early guilty plea,,,grievous bodily harm,,,
8,,,,,,,,,,,,,,,,,,,,,,,,,,,,,,,,,,,,,,,,,,,,,grievous bodily harm,,,
8,,intent more harm,leading role gang,premeditation,,,use of weapon,serious injury,,,,,,,,,,,,,,,,,,ongoing effect,,,,under influence drugs/alcohol,,,,,,,,,,,,,,,,grievous bodily harm with intent,,immediate custody
8,deliberate harm,,,,,,use of weapon,serious injury,repeated assault,,lack of premeditation,,,,,,,,,,,,,location,,ongoing effect,presence of others,,,,,,,,,,,,,,,,,,,grievous bodily harm with intent,,immediate custody
8,,,,,,,,serious injury,,,,,,,,,,,,,,,,,,,,,,under influence drugs/alcohol,,,,,,,,,,genuine remorse,,,,,,grievous bodily harm with intent,,immediate custody
8,,,,,,,use of weapon,serious injury,,,,,,,,,,,,,,,,,,,presence of others,,,,,,,,,,,,,,,early guilty plea,,,,grievous bodily harm with intent,,immediate custody
8,,,,,,,,,,,,,,,,,,,,,,,,,,,,,,,,,,,,,,,,,,,,,,,common assault,
8,,,,,,,,,,,,,,,,,,,,,,,,,,,,,,,,,,,,,,,,,,,,,,,common assault,immediate custody
8,,,,,,,,,,,,,,,,,,,,,,,,,,,,,,,,,,,,,,,,,,early guilty plea,,,,,common assault,immediate custody
8,,,,,,vulnerable victim,,,,personally vulnerable,,,,,,,abuse of trust,,,,,,,,,,,,,,,,,,,,,,primary carer,,,early guilty plea,,,,,common assault,
8,,,,,,,,,,,,,,,,,,,,,,,,,,,,,,,,,,,,,,no previous convictions,,,,early guilty plea,violent disorder,,,,,immediate custody
8,,,,,,,,,,,,,,,,,,,,,,,,,,,,,,,,,,,,,,,,,,,violent disorder,,,,,
8,,,,,,,,,,,,,,,,,,,,,,,,,,,presence of others,,,,,,,,lapse of time,,,,,,,,violent disorder,,,,,
8,,,,,,,,,,,,,,,,,,,,,,,,,,,,,,,,,,,,,,,,,,,violent disorder,,,,,immediate custody
8,,,,,,,use of weapon,,,,,,,,,,,,,,,,,,,,,,,,,,,,,,,,,,,early guilty plea,violent disorder,,,,,
9,,,,,,,,,,,,,,,,,,,,,,,,,,,,,,,,,,,,,,,,,,early guilty plea,,affray,,,,immediate custody
9,,,,,,,,,,,,,,,,,,,,,,,,,,,,,,,,,,,,,,no previous convictions,,,,early guilty plea,,affray,,,,immediate custody
9,,,,,,vulnerable victim,,serious injury,repeated assault,,,,,,,,,,,,,,,,on licence,,,,,under influence drugs/alcohol,,,,,,,,,,,,,,,,,,immediate custody
9,deliberate harm,,leading role gang,,,,use of weapon,serious injury,repeated assault,,,,,,,,,against public worker,,,,,,,,,presence of others,,,under influence drugs/alcohol,,,,,,,,no previous convictions,,genuine remorse,,early guilty plea,,,,,,immediate custody
9,,,,,,,use of weapon,,,,,,,,,less serious injury,,,,,,,,,,,,,,,,,good character,,,,mental disability (general),,,genuine remorse,,,,,,,,
9,,,,,,,use of weapon,,,,,,,,,less serious injury,,,,,,,,,,,presence of others,,,,,lack of maturity,,,,,,no previous convictions,,,,early guilty plea,,,,,,
9,,,,,,,use of weapon,,,,,,,,,,,,,,,,,,,,,,,,,,good character,isolated incident,,,,,,,,,,,,,,
9,,,,,,,use of weapon,serious injury,,,,,,,,,,,,,,,gratuitous degradation,location,on licence,,,,,under influence drugs/alcohol,addressing addiction,,,,,,,,,,,early guilty plea,,,,,,immediate custody
9,,,,,,,use of weapon,serious injury,,,,,,,,,,,,,,failure to comply with court orders,gratuitous degradation,location,,,,,,,,,,,,,,,,,,early guilty plea,,,,,,immediate custody
9,,,,,,,use of weapon,,,,,,,,,less serious injury,,,,,,,,location,,,presence of others,,,,,,good character,,,,,no previous convictions,,genuine remorse,single blow,early guilty plea,,,,,,
9,,,,,,,use of weapon,,,,,,,,,less serious injury,,,,,,,,,,,,,,,,,,,,,,,primary carer,genuine remorse,single blow,,,,,,,
9,,,,,,,use of weapon,,repeated assault,,,,,,,,,,,,,,,,,,,,,under influence drugs/alcohol,,,good character,,,,,no previous convictions,,,,,,,,,,
9,,,,,,,,,,,,,,,,,,,,,,,,,,,,,,,,,,,,,,,,,,,,affray,,,,immediate custody
9,,,,,,,,,,,,,,,,,,,,,,,,,,,,,,,,,,,,,,,,,,,,,,,common assault,immediate custody
9,,,,,,,,,,,,,,,,,,,,,,,,,,,,,,,,,,,,,,,,,,,,,,,common assault,immediate custody
9,,,,,,,use of weapon,,,,,,,,,,,,,,,failure to comply with court orders,,,,ongoing effect,,,,,,lack of maturity,,,,,,,,,single blow,early guilty plea,,,,grievous bodily harm with intent,,immediate custody
9,,,,,,,use of weapon,,,,,,,selfdefence,,,,,,,,,,,,,,,,,addressing addiction,,,,,medical condition,mental disability (general),,,genuine remorse,,early guilty plea,,,grievous bodily harm,,,
9,,,,,,,,serious injury,repeated assault,,lack of premeditation,,,,,,,,,,,,,,,,,,,,,,,,,,,,,,,early guilty plea,,,grievous bodily harm,,,immediate custody
9,,,,,,,use of weapon,,,,lack of premeditation,,,,,less serious injury,,,,,,,,,,,,,,,addressing addiction,,,isolated incident,,,,,,,,,,,,grievous bodily harm with intent,,immediate custody
9,,,,,,,,,,,,,,,,,,,,,,,,,,,,,,,,,good character,,,,,no previous convictions,,genuine remorse,single blow,,,,grievous bodily harm,,,
10,,,,,,,,,,,,,,,,,,,,,,,,,,,,,,,,,,,,,,,,,,,,affray,,,,
10,,,,,,,,,,,,,,,,,,,,,,,,,,,,,,,,,,,,,,,,,,,,affray,,,,
10,,,,,,,,,,,,,,,,,,,,,,,,,,,,,timing of the offence,under influence drugs/alcohol,,,,,,,,,,,,,,affray,,,,
10,,,,,,,,,,,,,,,,,,,,,,,,,,,,,,,,,,,,,,,,,,,,affray,,,,
10,,,,,,,,,,,,,,,subordinate role gang,,,,,,,,,location,,,,,,,,,,,,,,no previous convictions,,,,,,affray,,,,
10,,,,,,,,,repeated assault,,,,,selfdefence,,,,,,,,,,location,,,presence of others,,timing of the offence,under influence drugs/alcohol,addressing addiction,,,,,,,,,genuine remorse,,,,affray,,,,
10,,,,,,,,,,,,,,,,,,,,,,,,location,,,presence of others,,timing of the offence,under influence drugs/alcohol,,,good character,,,,,,,,,,,affray,,,,
10,,,,,,,,,,,,,,,,,,,,,,,,,,,,,,,,,,,,,,,,,,,,affray,,,,
10,,,,,,,,,repeated assault,,,,provocation,selfdefence,,,,,,,,,,location,,,presence of others,,timing of the offence,,,,good character,,,,,no previous convictions,,genuine remorse,,,,affray,,,,
10,,,,,,,,,,,,,,,,,,,,,,,,location,,,presence of others,,timing of the offence,under influence drugs/alcohol,,,,,,,,no previous convictions,,genuine remorse,,,,,,,,
10,deliberate harm,,,premeditation,,,,,repeated assault,personally vulnerable,,mental disorder (related to the offence),,,,,,,,,,,gratuitous degradation,location,,ongoing effect,,previous violence,,,,,,,,medical condition,,,,,,,,,,,,immediate custody
10,,,,,,,use of weapon,,repeated assault,,,,,,,,,,on bail,,,,,location,,ongoing effect,,,timing of the offence,under influence drugs/alcohol,,,,,,,,,,,,,,,,,,immediate custody
10,,,,,,,,,,,lack of premeditation,,provocation,selfdefence,subordinate role gang,less serious injury,,,,,,,,,,,,,,,,,good character,isolated incident,,,,no previous convictions,,genuine remorse,single blow,early guilty plea,,,,,,
10,,,,,,,,,,,,,,,,,,against public worker,,,,,,,,,,,,,,,,,,,,,,,,,,,,,,immediate custody
10,,,,,,,use of weapon,,,,lack of premeditation,,,selfdefence,,,,,,,,,,,,,,,,,,,,,,,mental disability (general),,,,,,,,,,,immediate custody
10,,,,,,,,,,,,,,,,,,,,,,,,,,ongoing effect,,,,,,,,,,,,,,genuine remorse,single blow,early guilty plea,,,,,,immediate custody
10,,,,,,,,,repeated assault,,,mental disorder (related to the offence),,,,less serious injury,,,,,,failure to comply with court orders,,,,ongoing effect,,,,,,,,,,,mental disability (general),,,,single blow,early guilty plea,,,,,,immediate custody
10,,,,,,,,,,,lack of premeditation,,,,,less serious injury,,,,,,,,,,,,,,,,,,isolated incident,,,,no previous convictions,,genuine remorse,,,,,,,,
10,,,,,,,,,,,,,,,,,,,,,,,,location,,,presence of others,,timing of the offence,,,,,,,,,,,,,,,,,,,
10,deliberate harm,,,premeditation,,,,,repeated assault,,,,provocation,,,,,,,,,,,,,,,,,,,,,,,,,,,,,,,,,,,immediate custody
10,,,,,,,use of weapon,serious injury,,,,,,,,,,against public worker,,,failure to respond to warnings,failure to comply with court orders,,,,,,,,,,,,,,,,,,,,early guilty plea,,,,,,immediate custody
10,,,,,,,,,,,lack of premeditation,,,,,,,,,,,,,,,ongoing effect,,,,,,,,,,,,no previous convictions,,,,early guilty plea,,,,,,
10,deliberate harm,,,,,,use of weapon,,repeated assault,personally vulnerable,,,,,,,,,,,,,,,,ongoing effect,,previous violence,,,,,,,,,,,,,,,,,,,,immediate custody
10,,,,,,,,,,,,,,,,less serious injury,,,,,,,,,,,,,,,,,,,,,mental disability (general),,,,,,,,,,,immediate custody
10,,,,,,,,,,,lack of premeditation,,,,subordinate role gang,,,,,,,,,,,,,,,,,,,isolated incident,,,,no previous convictions,,,,,,,,,,
10,deliberate harm,,,premeditation,,,,,repeated assault,,,,provocation,,,,,,,,,,,,,,,,,,,,,,,,,,,,,,,,,,,immediate custody
10,,,,,,,use of weapon,,,,,,,,,,,,,,,,,location,,,presence of others,,timing of the offence,under influence drugs/alcohol,,,,,,,,,,genuine remorse,,,,,grievous bodily harm,,,immediate custody
10,,,,,,,use of weapon,,repeated assault,,,,,,,,,,,,,,,location,,,,,timing of the offence,under influence drugs/alcohol,,,,,,,,,,,,early guilty plea,,,grievous bodily harm,,,immediate custody
10,,,,,,,,,,,,,,selfdefence,,less serious injury,,,,,,,,,,,,,,,,,good character,,,,,no previous convictions,,genuine remorse,,,,,grievous bodily harm,,,
10,,,,,,,use of weapon,serious injury,,,,,,,,,,,,,,,,,,ongoing effect,,,,,,,good character,,,,,,,,,,,,,grievous bodily harm with intent,,immediate custody
10,deliberate harm,,,,,,use of weapon,,repeated assault,,,,,,,,,,,,,,gratuitous degradation,location,,,presence of others,,,under influence drugs/alcohol,,,,,,,,,,,,,,,,grievous bodily harm with intent,,immediate custody
10,,,,,,,,,,,lack of premeditation,,,,,less serious injury,,,,,,,,,,,,,,,,,good character,isolated incident,,medical condition,,,,genuine remorse,single blow,,,,,grievous bodily harm with intent,,
10,,,,premeditation,,,use of weapon,serious injury,,,,,,,,,,,,,,,,,,,presence of others,,,,,lack of maturity,,,,,,,,,single blow,,,,,grievous bodily harm with intent,,immediate custody
10,,intent more harm,,premeditation,,,use of weapon,,,,,,,,,less serious injury,,,,,,,,,,,,,,,,,,,,,,,,,,,,,,grievous bodily harm with intent,,immediate custody
10,,,,premeditation,,vulnerable victim,,,,,,,,,,less serious injury,,,,,,,,,,,,,,,,,,,,,,,,,,,,,,grievous bodily harm with intent,,immediate custody
10,,,,,,,,,repeated assault,personally vulnerable,lack of premeditation,,,,,less serious injury,,,,,,,,,,,,,,,,,,,,,,,,genuine remorse,,early guilty plea,,,,,common assault,
10,,,,,,,,,,personally vulnerable,lack of premeditation,,,,,less serious injury,,,,,,,,,,,,,,,addressing addiction,lack of maturity,,isolated incident,,,,,,genuine remorse,,,,,,,common assault,
12,,,,,,,,,,,,,,,,,,,,,,,,,,,,,,,,,,,,,,,,,,,,,,,,
12,,,,,,,,,,,,,,,,less serious injury,,,,,,,,,,,,,,,,,,,lapse of time,,,,,,single blow,,,,,,,
12,,,,,,,use of weapon,,,,,,,,,less serious injury,,against public worker,,,,,,,,,,,,,,,good character,,,,,no previous convictions,primary carer,,single blow,,,,,,,
12,,,,,,,use of weapon,serious injury,,,lack of premeditation,,,selfdefence,,,,,,,,,,,,,,,,,,,,isolated incident,,,,,primary carer,genuine remorse,single blow,,,,,,,
12,,,,,,,use of weapon,,repeated assault,,lack of premeditation,,,,,less serious injury,,,,,,,,location,,,,,timing of the offence,under influence drugs/alcohol,addressing addiction,,,isolated incident,,,,,,genuine remorse,,early guilty plea,,,,,,
12,,,,,,,use of weapon,,repeated assault,,lack of premeditation,,,,,less serious injury,,,,,,,,location,,,,,timing of the offence,under influence drugs/alcohol,,,,,,,,,,genuine remorse,,early guilty plea,,,,,,
12,,,,,,,,,repeated assault,,lack of premeditation,,,,,less serious injury,,,,,,,,location,,,,,timing of the offence,under influence drugs/alcohol,addressing addiction,,,isolated incident,,,,,primary carer,genuine remorse,,early guilty plea,,,,,,
12,,,,,,,,,repeated assault,,lack of premeditation,,,,,less serious injury,,,,,,,,location,,,,,,under influence drugs/alcohol,addressing addiction,,,,,,,,,genuine remorse,,,,,,,,
12,,,,,,,use of weapon,serious injury,,,,,,,,,,,,,,,,location,,,presence of others,,,under influence drugs/alcohol,,,,,,,,no previous convictions,,genuine remorse,single blow,,,,,,,immediate custody
12,,,,,,,use of weapon,,repeated assault,,,,,,,,,,,,,,,location,,,,,,under influence drugs/alcohol,,,,isolated incident,,,,,,genuine remorse,,early guilty plea,,,,,,immediate custody
12,,,,,,,,,,,,,,,,less serious injury,,,,,,,,,,,,,,,,,,,,,,,,,,,,,,,,
12,,,,,,,,,repeated assault,,,,,,,,,,,,,,,location,,,,,,,,,,,,,,,,,,,,,,,,immediate custody
12,,,,,,,use of weapon,serious injury,repeated assault,,,mental disorder (related to the offence),provocation,,,,,,,,,,,,,,,,,under influence drugs/alcohol,,lack of maturity,good character,,,,mental disability (general),,,genuine remorse,,early guilty plea,,,,,,
12,,,,,,,use of weapon,serious injury,repeated assault,personally vulnerable,,,,,,,,,,,,,,,,,,,,under influence drugs/alcohol,,,,,,,,,,,,,,,,,,immediate custody
12,,,,,,,use of weapon,,,,,,,,,less serious injury,,against public worker,,,,,,,,,,,,,,,good character,isolated incident,,,,no previous convictions,,genuine remorse,single blow,early guilty plea,,,,,,
12,,,,,,,,,,,,,,,,less serious injury,,,,,,,,,,,,,,,addressing addiction,,,,,,,no previous convictions,,genuine remorse,,,,,,,,
12,,,,,,,use of weapon,serious injury,repeated assault,,,,,,,,,,,,,,,location,,,,,,under influence drugs/alcohol,addressing addiction,,,,lapse of time,,,,,genuine remorse,,,,,,,,immediate custody
12,,,,,,,,,,,,,,,,,,,,,,failure to comply with court orders,,location,,,,,,under influence drugs/alcohol,addressing addiction,,,,lapse of time,,,,,genuine remorse,,,,,,,,immediate custody
12,,,,,,,,,,,,,,,,,,,,,,,,,,,,,,,,,,,,,,,,,,,,,,,,
12,,,,,,,,serious injury,,,,,,,,,,,,,,,,location,,,,,,under influence drugs/alcohol,,,,,,,,,,,,,,,,,,immediate custody
12,,,leading role gang,premeditation,,,use of weapon,,repeated assault,,,,,,,,,,,,,,,,,,presence of others,,,under influence drugs/alcohol,,,good character,,,,,no previous convictions,,genuine remorse,,early guilty plea,,,,,,immediate custody
12,,,,,,,use of weapon,,,,,,,,,less serious injury,,,,,,,,,,,,previous violence,timing of the offence,,,,,,,,,,,genuine remorse,,early guilty plea,,,,,,immediate custody
12,,,,,,vulnerable victim,use of weapon,,,personally vulnerable,,,,,,less serious injury,,against public worker,,,,,,,,,presence of others,,,,,,,isolated incident,,,,no previous convictions,,genuine remorse,,,,,,,,immediate custody
12,deliberate harm,,,premeditation,,,use of weapon,serious injury,repeated assault,,,,,,,,,,,,,,,,,,,,,,,,,,,,,,,genuine remorse,,,,,,,,immediate custody
12,,,,,,,,,,,,,,,,,,,,,,,,location,,,,,,under influence drugs/alcohol,,,good character,,,,,no previous convictions,,genuine remorse,,early guilty plea,,,,,,
12,,,,,,,use of weapon,,,,,,,,,less serious injury,,against public worker,,,,failure to comply with court orders,,,,,,,,under influence drugs/alcohol,,,,,,,,,,,,early guilty plea,,,,,,immediate custody
12,,,,,,,use of weapon,,repeated assault,,,,,,,,,,,,,failure to comply with court orders,,,,,,,,under influence drugs/alcohol,,,,,,,,,,,,early guilty plea,,,,,,immediate custody
12,,,,,,,,,,,,,,,,,,,,,,,,,,,,,,,,,,,,,,,,,,,,,,,,
12,,,,premeditation,,,,,,,,,,,,,,,,,,,,,,,,,,,,,good character,isolated incident,,,,no previous convictions,,genuine remorse,,,,,,,,
12,,,,,,,,,,,lack of premeditation,,,,,less serious injury,,,,,,,,location,,,,,,under influence drugs/alcohol,,,,,,,,no previous convictions,,genuine remorse,single blow,,,,,,,
12,,,,,,,,,,,,,,,,,,,,,,,,,,,,,,,,,,,,,,,,,,,,,,,,immediate custody
12,,,,,,,use of weapon,,,personally vulnerable,lack of premeditation,,,,,less serious injury,,,,,,,,,,,,,,,,lack of maturity,good character,,,,,,,,,,,,,,,
12,,,,premeditation,,,use of weapon,,repeated assault,personally vulnerable,,,,,,less serious injury,,,,,,failure to comply with court orders,,,,,,,,,,,,,,,,,,,,,,,,,,immediate custody
12,,,,,,,,,repeated assault,,lack of premeditation,,,,subordinate role gang,,,,,,,,,,,ongoing effect,presence of others,,,under influence drugs/alcohol,addressing addiction,lack of maturity,good character,,,,,no previous convictions,,genuine remorse,single blow,early guilty plea,,,,,,
12,,,,,,,use of weapon,,,personally vulnerable,,,,,,less serious injury,,,,,,,,location,,,presence of others,,,under influence drugs/alcohol,,,,isolated incident,,,,,,genuine remorse,single blow,,,,,,,
12,,,,,,,use of weapon,,repeated assault,personally vulnerable,lack of premeditation,,,,,less serious injury,,,,victim forced to leave home,,,,,,,,,,,,,,,,,,,,genuine remorse,,early guilty plea,,,,,,immediate custody
12,,,,,,,use of weapon,serious injury,,,lack of premeditation,,,,,,,,,,,failure to comply with court orders,,,,,,previous violence,,under influence drugs/alcohol,,,,,lapse of time,,mental disability (general),,,,single blow,,,,,,,
12,,,,,,,,,,,,,,,,,,,,,,,,,,,,,,,,,,,,,,,,,,,,,,,,
12,,,,,,,,,,,lack of premeditation,,,,,less serious injury,,,,,,,,,,,,,,,,,,isolated incident,,,,,,,,,,,,,,
12,,,,,,,,,,,lack of premeditation,,,,,,,,,,,,,,,,,,,under influence drugs/alcohol,,lack of maturity,good character,,,,,,,genuine remorse,,early guilty plea,,,,,,
12,,,,,,,use of weapon,,repeated assault,,lack of premeditation,,,,,,,,,,,,,location,,,,,,,addressing addiction,,,,,,,no previous convictions,,genuine remorse,,,,,,,,
12,,,,,,,,serious injury,,personally vulnerable,,,,,,,,,,,,,,,,,,,,,,,,,,,,,,,,,,,,,,immediate custody
12,,,leading role gang,,,,,,,,,,,,,,,,,,,,,,,,presence of others,,,under influence drugs/alcohol,,lack of maturity,good character,,lapse of time,,,no previous convictions,,genuine remorse,,,,affray,,,,
12,,,leading role gang,,,vulnerable victim,,,,,,,,,,,,,,,,,,,,,,,,under influence drugs/alcohol,,lack of maturity,,,lapse of time,,,no previous convictions,,genuine remorse,,early guilty plea,,affray,,,,
12,,,,,,,,,,,,,,,,,,,,,,,,,,,,,,under influence drugs/alcohol,addressing addiction,,,,,,mental disability (general),,,,,,,affray,,,,
12,,,,,,,,serious injury,,,,,,,subordinate role gang,,,,,,,,,,,,presence of others,,,under influence drugs/alcohol,,lack of maturity,good character,,lapse of time,,,no previous convictions,,genuine remorse,,early guilty plea,,affray,,,,
12,,,,,,,,,,,,,,,,,,,,,,,,,,,,,,,,,,,,,,,,,,early guilty plea,,affray,,,,
12,,,,,,,,,,,,,,,,less serious injury,,,on bail,,,,,,,,,,,,,,,,,,,,,,,,,affray,,,,immediate custody
12,,,,,,,,,,,,,,,,,,,,,,,,,,,,,,,,,,,,,,,,,,early guilty plea,,affray,,,,immediate custody
12,,,,,,,use of weapon,,,,,,,,,less serious injury,,,,,,,,,,,presence of others,,,,addressing addiction,,,,,,,,,,,,,affray,,,,
12,,,leading role gang,,,,use of weapon,,repeated assault,,,,,,,,,,,,,,,,,ongoing effect,presence of others,,,under influence drugs/alcohol,,,good character,,,,,no previous convictions,,genuine remorse,,,,affray,,,,immediate custody
12,,,,,,,use of weapon,serious injury,,personally vulnerable,,,,,,,,,,,,,,,,,,,,under influence drugs/alcohol,,,,,,,,,,,,,,affray,,,,immediate custody
12,,,,,,,,serious injury,,,,,,,,,,,,,,,,,,,,,,under influence drugs/alcohol,addressing addiction,,,,,,,,,genuine remorse,,early guilty plea,,affray,,,,
12,,,leading role gang,,,,use of weapon,serious injury,repeated assault,,lack of premeditation,,,,,less serious injury,,,,,,,,,,ongoing effect,,previous violence,,,,,,,,,,,,,,,,affray,,,,immediate custody
12,,,,,,,,,,,,,,,,,,,,,,,,location,,,presence of others,previous violence,,,,,,,,,,,,,,,,affray,,,,
12,,,,,,,,,,,,,,,,,,,,victim forced to leave home,,,,,,,,,,,,,,,,,,,,,,,,,,,common assault,
12,,,,,,,use of weapon,,,,lack of premeditation,,,,,,,,,,,failure to comply with court orders,,,,,,,,,,lack of maturity,,,,,,,,,,,,,,,common assault,
12,,,,,,,,,repeated assault,,lack of premeditation,,,,,less serious injury,,,,,,failure to comply with court orders,,,,,,,,under influence drugs/alcohol,,,,,,,,,,,,early guilty plea,,,,,common assault,immediate custody
12,,,,,,,,,,,,,,,,less serious injury,,,,,,,,,,,presence of others,,,,,,,,,,,,,,,early guilty plea,,,,,common assault,
12,,,,,,,,,,,,,provocation,,,,,,,,,,,,,,,,,,,,,,,,,,,genuine remorse,single blow,,,,,,common assault,
12,,,,premeditation,,vulnerable victim,use of weapon,,,personally vulnerable,,,,,,less serious injury,,,,,,,,location,,ongoing effect,,,timing of the offence,under influence drugs/alcohol,,,,,,,mental disability (general),no previous convictions,,,,,,,,grievous bodily harm with intent,,immediate custody
12,,,,,,,,serious injury,,,,,,,,,,,,,,,,,,,,,,under influence drugs/alcohol,,lack of maturity,,,,,,,,genuine remorse,,,,,,grievous bodily harm with intent,,immediate custody
12,,,,,,,use of weapon,,repeated assault,personally vulnerable,,,,,,,,,,,,,,location,,,presence of others,,,,,,good character,,,,,,,genuine remorse,,,,,,grievous bodily harm with intent,,immediate custody
12,,,,,,,,serious injury,repeated assault,personally vulnerable,,,,,,,,,,,,,,location,,ongoing effect,,,,,,,,,,,,,,genuine remorse,,,,,,grievous bodily harm with intent,,immediate custody
12,,,,,,,use of weapon,serious injury,repeated assault,,,,,,,,,,,,,,,,,ongoing effect,presence of others,,,under influence drugs/alcohol,,lack of maturity,,isolated incident,,,,no previous convictions,,genuine remorse,,early guilty plea,,,,grievous bodily harm with intent,,immediate custody
12,,intent more harm,,premeditation,,,use of weapon,serious injury,,,,,,,,,,,,,,failure to comply with court orders,,,,ongoing effect,,,,,,,,,,,,,,genuine remorse,,,,,,grievous bodily harm with intent,,immediate custody
12,,,,,,,use of weapon,serious injury,repeated assault,,,,,,,,,,,,,,,,,,,,,,,,,,,,,,,,,,,,,grievous bodily harm with intent,,immediate custody
12,,,,,,,use of weapon,,,,,,,,,less serious injury,,against public worker,,,,,,,,,,,,,,lack of maturity,good character,isolated incident,,,,no previous convictions,,,single blow,,,,,grievous bodily harm with intent,,immediate custody
12,,,,premeditation,,,,,repeated assault,,,,,,,less serious injury,,,,,,,,,,ongoing effect,,,,under influence drugs/alcohol,,lack of maturity,good character,isolated incident,,,,no previous convictions,,genuine remorse,,,,,,grievous bodily harm with intent,,immediate custody
12,,,,,,,use of weapon,,,,,,,,,less serious injury,,,,,failure to respond to warnings,,,,,,,,,,,lack of maturity,,,,,,,,genuine remorse,,early guilty plea,,,,grievous bodily harm with intent,,immediate custody
12,deliberate harm,,,,,,use of weapon,,,,,,,,,less serious injury,,,,,,failure to comply with court orders,,,,ongoing effect,presence of others,,,under influence drugs/alcohol,,,,,,,,,,,,,,,,grievous bodily harm with intent,,immediate custody
12,,intent more harm,,premeditation,,,use of weapon,,,,,,,,,less serious injury,,,,,,,,location,on licence,,,,,under influence drugs/alcohol,,lack of maturity,,,,,,,,,,,,,,grievous bodily harm with intent,,immediate custody
12,,,leading role gang,,,vulnerable victim,use of weapon,serious injury,repeated assault,personally vulnerable,lack of premeditation,,,,,less serious injury,,,,,,,,location,,ongoing effect,presence of others,,,under influence drugs/alcohol,,lack of maturity,,,,,,,,,,,,,,grievous bodily harm with intent,,immediate custody
12,,,,,,,,serious injury,,,lack of premeditation,,,,,,,,,,,,,location,,,,,,under influence drugs/alcohol,addressing addiction,,,,,,,no previous convictions,,genuine remorse,,,,,grievous bodily harm,,,
12,,,,premeditation,,,,,,personally vulnerable,,,,,,less serious injury,,,,,,,,location,,ongoing effect,,,timing of the offence,under influence drugs/alcohol,,,,,,,,no previous convictions,,,,,,,,grievous bodily harm with intent,,immediate custody
12,,,,premeditation,,,use of weapon,,,,,,,,,,,,,,,,,,,ongoing effect,,,,under influence drugs/alcohol,,,,,,,,,,,,,,,,grievous bodily harm with intent,,immediate custody
12,,,,,,,use of weapon,,,,,,,,,less serious injury,,,,,,,,location,,,presence of others,previous violence,,,,,,,,,,no previous convictions,,,,early guilty plea,,,,grievous bodily harm with intent,,immediate custody
12,,,,premeditation,,,use of weapon,,,,,,,,,less serious injury,,,,,,,,,,ongoing effect,,,,under influence drugs/alcohol,,,good character,,,,,no previous convictions,,,,,,,,grievous bodily harm with intent,,immediate custody
12,,,,premeditation,,,use of weapon,,,,,,,,,,,,,,,,,,,,,,,,,,,,,,,,,,,early guilty plea,,,grievous bodily harm,,,immediate custody
12,,,,,,vulnerable victim,use of weapon,,,personally vulnerable,,,,,,less serious injury,,against public worker,,,,,,location,,,presence of others,,timing of the offence,,,,,,,,,,primary carer,,,,,,grievous bodily harm,,,immediate custody
12,,,,,,,use of weapon,,,,lack of premeditation,,,,,,,,,,,,,location,,,,,,under influence drugs/alcohol,,,good character,,,,,no previous convictions,,genuine remorse,single blow,early guilty plea,,,grievous bodily harm,,,
12,,,,,,,use of weapon,,,,lack of premeditation,,,,,,,,,,,,,,,,,,,under influence drugs/alcohol,,,good character,isolated incident,,,,no previous convictions,primary carer,,,,,,grievous bodily harm,,,
12,,,,premeditation,,,,,,,,,,,,,,,,,,,,location,,,,,,,,,good character,isolated incident,,,,no previous convictions,,genuine remorse,single blow,early guilty plea,,,grievous bodily harm,,,
12,,,,,,,use of weapon,serious injury,,,lack of premeditation,,,selfdefence,,,,,,,,,,,,ongoing effect,,,,under influence drugs/alcohol,,,,,,,,,,genuine remorse,,early guilty plea,,,grievous bodily harm,,,immediate custody
12,,,leading role gang,,,,,,repeated assault,,lack of premeditation,,,,,,,,,,,,,,,,presence of others,,,under influence drugs/alcohol,,,,,,,,,,,,,,,grievous bodily harm,,,immediate custody
12,,,,,,,,serious injury,,,lack of premeditation,,,,,,,,,,,,,,,,,,,under influence drugs/alcohol,,,good character,,,,,no previous convictions,,genuine remorse,,early guilty plea,,,grievous bodily harm,,,immediate custody
12,,,,,,,,,,,lack of premeditation,,,,,,,,,,,,,,,,presence of others,,,,,,,,,,,,,,,early guilty plea,,,grievous bodily harm,,,immediate custody
12,,,,,,,use of weapon,,,,,,,,,less serious injury,,,,,,,,,,,,,,,,,,isolated incident,,,,,,genuine remorse,,,,,grievous bodily harm,,,immediate custody
12,,,,premeditation,,,,serious injury,,,,,,,,,,,,,,,,location,,ongoing effect,,,,under influence drugs/alcohol,,,,isolated incident,,,,no previous convictions,,genuine remorse,single blow,early guilty plea,,,grievous bodily harm,,,
12,,,,,,,use of weapon,serious injury,repeated assault,,,,,,,,,,,,,,,location,,,,,,under influence drugs/alcohol,addressing addiction,,,,lapse of time,,,,,genuine remorse,,,,,grievous bodily harm,,,immediate custody
12,deliberate harm,,,,,,use of weapon,,,,,,,,,less serious injury,,,,,,,,location,,ongoing effect,,,timing of the offence,under influence drugs/alcohol,,,good character,,,,,no previous convictions,,genuine remorse,,early guilty plea,,,grievous bodily harm,,,immediate custody
12,,,,,,,,,,,,,,,,,,,,,,,,location,,,presence of others,previous violence,,,,,,,,,,,,,single blow,,,,grievous bodily harm,,,immediate custody
12,,,,,,,,,,,lack of premeditation,,,,,,,,,,,,,location,,,,,timing of the offence,,,,,,,,,,,,single blow,early guilty plea,,,grievous bodily harm,,,immediate custody
12,,,,,,,,,,,lack of premeditation,,,,,less serious injury,,,,,,,,location,,,,,,,,,good character,,,,,,,genuine remorse,,,,,grievous bodily harm,,,
12,,,,,,,use of weapon,serious injury,,,,,provocation,,,,,,,,,,,location,,,,,timing of the offence,,,,,,,,,,,,single blow,,,,grievous bodily harm,,,immediate custody
12,,,,,,,use of weapon,,,,lack of premeditation,,,,,less serious injury,,,,,,,,location,,,,,,,,,,,,,,,,genuine remorse,single blow,,,,grievous bodily harm,,,immediate custody
12,,,,,,,use of weapon,,,,,,provocation,,,,,,,,,,,,,,,,,,,,,,,,,,primary carer,,,early guilty plea,,,grievous bodily harm,,,
12,,,,,,,,,repeated assault,,lack of premeditation,,,,,,,,,,,,,,,,presence of others,,,under influence drugs/alcohol,,,,,,,,,,,,,,,grievous bodily harm,,,immediate custody
12,deliberate harm,,,,,,use of weapon,serious injury,,,lack of premeditation,,,,,,,,,,,,,location,,,presence of others,,,under influence drugs/alcohol,,,,isolated incident,,,,,,genuine remorse,,,,,grievous bodily harm,,,immediate custody
12,,,,,,,use of weapon,,repeated assault,,lack of premeditation,,,,,less serious injury,,,,,,,,,on licence,,,,,,,,,isolated incident,,,,,,,,early guilty plea,,,grievous bodily harm,,,immediate custody
12,,,,,,,use of weapon,,,,lack of premeditation,,,,,less serious injury,,,,,,,,location,,ongoing effect,,,,under influence drugs/alcohol,,,good character,isolated incident,,,,no previous convictions,,genuine remorse,single blow,,,,grievous bodily harm,,,
12,,,,,,,,,repeated assault,,lack of premeditation,,,,,,,,,,,,,,,,presence of others,,,under influence drugs/alcohol,,,,,,,,,,,,,,,grievous bodily harm,,,
12,,,,,,,,,,,,,,,,less serious injury,,,,,,,,,,,,,,,,,good character,isolated incident,,,mental disability (general),no previous convictions,,genuine remorse,,early guilty plea,,,grievous bodily harm,,,
12,,,,,,,,,,,,,,,,,,,,,,failure to comply with court orders,,location,,,,,,under influence drugs/alcohol,,,,,,,,,,,,,,,grievous bodily harm,,,immediate custody
12,,,,,,vulnerable victim,use of weapon,,,personally vulnerable,lack of premeditation,,,,,,,,on bail,,,failure to comply with court orders,,location,,ongoing effect,,,,,,,,,,,,,,,,,,,grievous bodily harm,,,immediate custody
12,,,,,,,,,repeated assault,,lack of premeditation,,,,,,,,,,,,,,,,,,,under influence drugs/alcohol,,,,,,,,,,,,,,,grievous bodily harm,,,immediate custody
12,,,,,,,,,repeated assault,,lack of premeditation,,,,,,,,,,,failure to comply with court orders,,location,,,,,,under influence drugs/alcohol,addressing addiction,,,,,,,,,genuine remorse,,early guilty plea,,,grievous bodily harm,,,immediate custody
12,,,,,,,,,repeated assault,,,,,,,less serious injury,,,,,,,,,,,presence of others,,,,,,,,,,,,,,,early guilty plea,,,grievous bodily harm,,,immediate custody
12,,,,,,,,,,,,,,,,,,,,,,,,,,,,,,,,,,,,,,,,,,,violent disorder,,,,,immediate custody
12,,,,,,,,,,,,,,,,,,,,,,,,,,,,,,,,,,,,,,,,,,,violent disorder,,,,,immediate custody
12,,,,,,,,,,,,,,,,,,,,,,,,,,,,,,,,,,,,,,,,,,,violent disorder,,,,,immediate custody
13,,,,,,,,,,personally vulnerable,,,,,,,,,,,,,,,,,,previous violence,,under influence drugs/alcohol,,,,,,,,,,,,early guilty plea,,affray,,,,immediate custody
13,,,leading role gang,,against race/religion,,,,,personally vulnerable,,,,,,,,,,,,,,,,,,,,under influence drugs/alcohol,,,,,,,,,,,,,,affray,,,,immediate custody
13,,,,,,,,,,,,,,,,,,,,,,,,,,,presence of others,,,under influence drugs/alcohol,,,,,,,,,,,,early guilty plea,,affray,,,,immediate custody
13,,,,premeditation,,,use of weapon,,,,,,,,,,,,,,,,,,,,,,,under influence drugs/alcohol,,,,,,,,,,genuine remorse,,,,affray,,,,
13,,,,,,,,,,,,,,,,,,,,,,,,,,,,,,under influence drugs/alcohol,,,good character,isolated incident,,,,,,,,,,affray,,,,
13,,,,,,,,,,personally vulnerable,,,,,,,,,,,,,,,,,,previous violence,,under influence drugs/alcohol,,,,,,,,,,,,,,affray,,,,immediate custody
13,,,,,,,,,,,,,,,,,,,,,,,,,,,,,,under influence drugs/alcohol,,,good character,isolated incident,,,,,,,,,,affray,,,,
13,,,,,,,,,,,,,,,,less serious injury,,,,,,,,,,,,,,under influence drugs/alcohol,,,,,,,,no previous convictions,,,,,,affray,,,,
13,,,,,,,,,,,,,,,,less serious injury,,,,,,,,,,,,,,under influence drugs/alcohol,,,,,,,,no previous convictions,,,,,,affray,,,,
13,,,,,,,,,,,,,,,,,,,,,,,,,,,,,,,addressing addiction,,,,,medical condition,,,,,,early guilty plea,,affray,,,,
13,,,,,,,,,,,,,,,,,,,,,,,,,,,,,,under influence drugs/alcohol,,,good character,isolated incident,,,,no previous convictions,,,,early guilty plea,,affray,,,,
13,,,,,,,use of weapon,,,,,,,,,,,,,,,,,location,,,,,,,addressing addiction,lack of maturity,,,,,,,,genuine remorse,,early guilty plea,,affray,,,,
13,,,,,,,,,,,,,provocation,,,less serious injury,,,,,,,,,,,,,,,,,,,,,,,,genuine remorse,,,,affray,,,,
13,,,,,,,use of weapon,,,,,,provocation,,,less serious injury,,,,,,,,,,,,,,under influence drugs/alcohol,,,,,,,,no previous convictions,,,single blow,early guilty plea,,,,,,
13,,,,,,,,,,,,,provocation,,,less serious injury,,,,,,,,,,,,,,,,,,,,,,no previous convictions,,,,,,,,,,
13,,,,,,,,serious injury,,,lack of premeditation,mental disorder (related to the offence),,,,,,against public worker,,,,,,location,,,presence of others,,,under influence drugs/alcohol,,,good character,isolated incident,,medical condition,mental disability (general),no previous convictions,,genuine remorse,,early guilty plea,,,,,,
13,,,,,,,use of weapon,serious injury,,personally vulnerable,,,,,,,,,,,,,,location,,ongoing effect,,,,under influence drugs/alcohol,,,,,,,,no previous convictions,,,,early guilty plea,,,,,,
13,,,,,,,,,,,,,provocation,,,less serious injury,,,,,,,,,,,,,,,,,,,,,,,,,,,,,,,,
13,,,,,,,,,repeated assault,,,,,,,less serious injury,,,,,,,,location,,,,,,,,,good character,,,,,,,genuine remorse,,,,,,,,
13,,,,,,vulnerable victim,,,,,lack of premeditation,,,,,less serious injury,,,,,,failure to comply with court orders,,,,,,,,under influence drugs/alcohol,,,,,lapse of time,,,,,,single blow,,,,,,,
13,,,,,,,use of weapon,serious injury,,,,,,,,,,,,,,,,,,,,,,under influence drugs/alcohol,,,,,,,,,,,,,,,,,,
13,,,,,,,,,,,,,,,subordinate role gang,less serious injury,,,,,,,,,,,,,,,,lack of maturity,good character,,,,,,,genuine remorse,,,,,,,,
13,,,,,,,use of weapon,,,,,,,,,,,,,,,,,location,,ongoing effect,,,,,,,,,,,,no previous convictions,,,,early guilty plea,,,,,,
13,,,,,,,,serious injury,,,,,,,,,,,,,,,,,,,,,,,,lack of maturity,good character,,,,,no previous convictions,,,single blow,early guilty plea,,,,,,
13,,,,,,,,,,,,,,,,less serious injury,,,,,,,,,,,,,,,,,,,,,,no previous convictions,,,,,,,,,,
13,,,,,,,use of weapon,,repeated assault,,,,,,,,,,,,,,,,,,,,,,,,,,,,,,,,,,,,,,,immediate custody
13,,intent more harm,leading role gang,premeditation,,,use of weapon,serious injury,repeated assault,personally vulnerable,,,,,,,,,,,failure to respond to warnings,,gratuitous degradation,,,,,,,under influence drugs/alcohol,,,,,,,,,,,,early guilty plea,,,,,,immediate custody
13,,,leading role gang,premeditation,,,,serious injury,repeated assault,personally vulnerable,,,,,,,,,,,failure to respond to warnings,,,,on licence,,,,,under influence drugs/alcohol,,,,,,,,,,,,,,,,,,immediate custody
13,,,,,,vulnerable victim,,,,,,,,,,,,,,,,,,,,,,,,,,,,,,,,,,,,,,,,,,immediate custody
13,,,,premeditation,,vulnerable victim,use of weapon,,,,,,,,,,,,,,,,,,,,,,,,,lack of maturity,,,,,,,,,,,,,,,,immediate custody
13,,,,,,,use of weapon,,,,,,,,,,,,on bail,,,failure to comply with court orders,,,,,,previous violence,,under influence drugs/alcohol,,,,,,,,,,,,early guilty plea,,,,,,immediate custody
13,,,leading role gang,,,,,,repeated assault,,,,,,,,,,,,,,,,,,,,,,,lack of maturity,good character,,,,,,,genuine remorse,,,,,,,,
13,,,,,,,,,,,,,,,,,,,,,,,,,,,,,,under influence drugs/alcohol,,,,,,,,,,,single blow,early guilty plea,,,,,,
13,,,,,,,,serious injury,,,,,,selfdefence,,,,,,,,,,,,,,,,,,,,isolated incident,,,,,,genuine remorse,single blow,,,,,,,
13,,,,,,,,,,,,,,,,less serious injury,,,,,,,,,,,,,,,,,,,,,,,,,,,,,,,,
13,,,,,,,,,,,lack of premeditation,,,,,less serious injury,,,,,,,,,,,,,,,,,,isolated incident,,,,,,,,,,,,,,
13,,,,,,,,,,,,,,,,less serious injury,,,,,,,,,,,,,,,,,,,,,,,,,,,,,,,,immediate custody
13,,,,,,,use of weapon,serious injury,,,lack of premeditation,,,,,,,,,,,,,,,,,,,under influence drugs/alcohol,,,,,,,,,,,,early guilty plea,,,,,,immediate custody
13,,,,,,,,,repeated assault,personally vulnerable,,,,,,,,,,,,,,,,,,,,,,,,,,,,no previous convictions,,genuine remorse,,early guilty plea,,,,,,immediate custody
13,,,,,,,,,repeated assault,,,,,,,,,,,,,,,,,,,,,under influence drugs/alcohol,,,,,,,,,,genuine remorse,,,,,,,,
13,,,,,,,use of weapon,,repeated assault,,,,,,,less serious injury,,,,,,,,,,,,,,,,,,,,,,,,,,,,,,,,
13,,,,,,,,,,,,,provocation,,,less serious injury,,,,,,,,,,ongoing effect,,,,,,,,,,,,no previous convictions,,,single blow,,,,,,,
13,,,,,,,use of weapon,,,,,,,,,,,,,,,,,,,,,,,under influence drugs/alcohol,,,,,,,,,,,,,,,,,,
13,,,,,,,use of weapon,,,,lack of premeditation,,provocation,,,,,,,,,,,,,,,,,,,,good character,,,,,no previous convictions,,,,,,,,,,
13,deliberate harm,,,premeditation,,,use of weapon,serious injury,repeated assault,,,,,,,,,,,,,,,location,,,,,timing of the offence,,,,good character,,,,,no previous convictions,,,,,,,grievous bodily harm,,,immediate custody
13,,,,,,,,,repeated assault,,,,,,,,,,,,,,,,,,,,,under influence drugs/alcohol,,,,,,,,,,genuine remorse,single blow,early guilty plea,,,grievous bodily harm,,,
13,,,,,,,use of weapon,,,,,,,,,less serious injury,,,,,,,,,,,,,,under influence drugs/alcohol,,,,,,,,,,,single blow,,,,grievous bodily harm,,,immediate custody
13,,,,,,,use of weapon,serious injury,repeated assault,,,,,,,,,,,,,,,location,on licence,,,,timing of the offence,,,,,,,,,,,,,,,,grievous bodily harm,,,immediate custody
13,,,,,,,,,,,,,,selfdefence,,less serious injury,,,,,,,,,,,,,,,,lack of maturity,good character,,,,,,,,single blow,,,,grievous bodily harm,,,
13,,,,,,,,,,,,,,,,,,,,,,,,,,,,,,under influence drugs/alcohol,,,,,,,,no previous convictions,,,,,,,grievous bodily harm,,,
13,,,,premeditation,,,,serious injury,,,,,,,,,,,,,,,,,,,,,,,,,,,,,,,,,,,,,grievous bodily harm,,,immediate custody
13,,,,,,,,serious injury,,,,,provocation,,,,,,,,,,,,,,,,,under influence drugs/alcohol,,,,,,,,no previous convictions,,,single blow,early guilty plea,,,grievous bodily harm,,,immediate custody
13,,,,,,,,,,,,,,,,,,,,,,,,,,,,,,under influence drugs/alcohol,,,,,,,,no previous convictions,,,single blow,,,,grievous bodily harm,,,
13,,,,,,,,serious injury,repeated assault,personally vulnerable,,,,,,,,against public worker,,,,failure to comply with court orders,,,,,,,,under influence drugs/alcohol,,,,,,,,,,,,,,,grievous bodily harm,,,immediate custody
13,,,,,,,,,,,,,,,,,,,,,,,,,,,,,,,,,good character,isolated incident,,,,no previous convictions,,genuine remorse,single blow,,,,grievous bodily harm,,,
13,,,,,,,,serious injury,,,lack of premeditation,,provocation,,,,,,,,,,,,,,,,,,,,,,,,,,,,,,,,grievous bodily harm,,,
13,,,leading role gang,,,,use of weapon,,,,,,,,,,,,,,,,,,,,,,,,,,,,,,,,,,,,,,grievous bodily harm,,,immediate custody
13,,,,,,,use of weapon,,repeated assault,,lack of premeditation,,,,,,,,,,,,,,,,,,,,,,good character,,,,,no previous convictions,,genuine remorse,,,,,grievous bodily harm,,,
13,,,,,,,,,,,lack of premeditation,,,,,less serious injury,,,,,,,,,,,,,,under influence drugs/alcohol,,,,,,,,no previous convictions,,,,,,,,grievous bodily harm with intent,,immediate custody
13,,,leading role gang,,,,,,,,,,,,,less serious injury,,,,,,,,,,,,,,under influence drugs/alcohol,,,,,,,,,,,,,,,,grievous bodily harm with intent,,immediate custody
13,deliberate harm,,,,,,,serious injury,repeated assault,,,,,,,,,,,,,,,,,ongoing effect,,,,,,lack of maturity,,,,,,,,,,,,,grievous bodily harm,,,immediate custody
13,,,,,,,use of weapon,,,,,,,,,less serious injury,,,,,,,,,on licence,,,,,under influence drugs/alcohol,,,,,,,,,,genuine remorse,single blow,,,,,grievous bodily harm with intent,,immediate custody
13,,,,,,vulnerable victim,,,,,,,provocation,,,less serious injury,,,,,,,,,,,,,,,addressing addiction,,,isolated incident,,,,,primary carer,,,early guilty plea,,,,,common assault,
13,,,,,,,,,,,,,,,,,,,,,,,,,,,,,,,,lack of maturity,,,,,,no previous convictions,,,,,,,,,common assault,
13,,,,,,vulnerable victim,,,,personally vulnerable,,,,,,less serious injury,,,,,,,,,,,,,,,,,,,,,,,,,single blow,,,,,,common assault,immediate custody
13,,,,,,,,,,,,,,,,,,,,,,,,location,,,,,,,,,,,,,,,,,,,,,,,common assault,
13,,,,,,,,,,,,,provocation,,,less serious injury,,,,,,,,,,,,,,,,,good character,,,,,,,,,,,,,,common assault,
13,,,,,,,,,,,,,provocation,,,less serious injury,,,,,,,,,,,,,,,addressing addiction,,,isolated incident,,,,,,,,,,,,,common assault,
13,,,,,,,,,,personally vulnerable,,,,,,,,,,,,,,,,,,,,under influence drugs/alcohol,addressing addiction,lack of maturity,,isolated incident,,,,,,genuine remorse,single blow,,,,,,common assault,
NA,,,,,,,,,repeated assault,,,,,,,,,,,,,,,,,,,,,,,,,,,,,,,,,,,,,,,
NA,,,,,,,use of weapon,,,personally vulnerable,lack of premeditation,,,,,less serious injury,,,,,,,,,,,,,,,,,,,,,mental disability (general),no previous convictions,,,single blow,,,,,,,
NA,,,,,,,,,,,lack of premeditation,,,,,,,,,,,,,location,,,,,,under influence drugs/alcohol,addressing addiction,,,,,,,no previous convictions,,genuine remorse,,,,affray,,,,
NA,,intent more harm,leading role gang,,,,use of weapon,serious injury,,,,,,,,,,,,,,failure to comply with court orders,,location,,,presence of others,,timing of the offence,under influence drugs/alcohol,addressing addiction,,,,,,,,,,,,,affray,,,,immediate custody
NA,,,,,,,,,,,lack of premeditation,,,,,,,,,,,,,,,,,,,,,,good character,isolated incident,,,,no previous convictions,primary carer,,,,,,,,common assault,
NA,deliberate harm,,,,,,,,,,,,,,,less serious injury,,,,,,,,,,,,,,,,,,,,,,,,,,,,,grievous bodily harm,,,immediate custody
NA,,,leading role gang,,,,,,,,,,,,,,,against public worker,,,,failure to comply with court orders,,location,,,presence of others,,timing of the offence,,,,,,,,,,,,,,,,grievous bodily harm,,,immediate custody
14,,,,,,,,,,,,,,,,,,,,,,,,,,,presence of others,,,,,,,isolated incident,,,,,,,,,,affray,,,,
14,,,,,,,,,,,,,,,,,,,,,,,,,,,,,,,,,,,,,,,,,,early guilty plea,,affray,,,,
14,,,,,,,,,,,,,,,,,,,,,,,,location,,,presence of others,,,,,,,,,,,,,,,,,affray,,,,immediate custody
14,,,leading role gang,,,,,,,,,,,,,,,,,,,,,location,,,,,,,,,,,,,,,,,,,,affray,,,,immediate custody
14,,,,,,,,,,,,,,,,,,,,,,,,location,,,,,,,,,,,,,,,,,,,,affray,,,,immediate custody
14,,,,,,,,,,,,,,,,,,,,,,,,,,,,,,,,,,,,,,,,,,,,affray,,,,
14,,,,,,,,,,,,,,,,,,,,,,,,,,,,,,,,,,,,medical condition,,,,,,,,affray,,,,
14,,,leading role gang,,,,use of weapon,,,,,,,,,,,,,,,,,,,ongoing effect,,,,,,,,,,,,,,,,,,affray,,,,immediate custody
14,,,,,,,,,,,,,,,,,,,,,,,,,,,,,,,,,,,,medical condition,,,,,,,,affray,,,,
14,,,,,,,,,repeated assault,,lack of premeditation,,,,,,,,,,,,,,,,,,,,,,,,,medical condition,,,,genuine remorse,,,,,,,,
14,,,,premeditation,,,,serious injury,,,,,,,,,,,,,,,,,,ongoing effect,,,,under influence drugs/alcohol,,,,,,,,,,,single blow,,,,,,,
14,,,,,,,use of weapon,,,,,,,,,less serious injury,,,,,,,,,,,,,,,,,,,,,,,,genuine remorse,single blow,,,,,,,
14,,,,,,,,,,,,,,selfdefence,,less serious injury,,,,,,,,,,,presence of others,,,,,,,,,,,,,,,,,,,,,
14,,,,,,,,serious injury,,,lack of premeditation,,,,,,,,,,,,,,,,,,,,,,,,,,,,,,single blow,,,,,,,
14,,,,,,,use of weapon,,,personally vulnerable,,,,,,,,,,,,,,location,,,,,,,,,,,,,,,,,,,,,,,,immediate custody
14,,,,,,,,,,,lack of premeditation,,,,,less serious injury,,,,,,,,,,,,,,,,lack of maturity,,,,,,,,genuine remorse,,,,,,,,
14,,,,,,,,serious injury,,,,,,,,,,,,,,,,,,,,,,,,lack of maturity,,,,,,no previous convictions,,genuine remorse,single blow,,,,,,,
14,,,,,,,,,,,lack of premeditation,,,,,less serious injury,,,,,,,,,,,,,,under influence drugs/alcohol,,,good character,,,,,no previous convictions,,genuine remorse,,,,,,,,
14,,,,,,,,serious injury,repeated assault,personally vulnerable,,,,,,,,,,,,,,,,,,,,under influence drugs/alcohol,,,,,,,,,,,,,,,,,,immediate custody
14,,,,,,,use of weapon,,,personally vulnerable,,,provocation,,,,,,,,,,,,,,,,,,,,,,,,,,,,,early guilty plea,,,,,,
14,,,,,,,,,,,lack of premeditation,,provocation,,,,,,,,,,,,,,,,,,,,good character,isolated incident,,,,no previous convictions,,,single blow,,,,,,,
14,,intent more harm,,,,,,,,,,,,,,,,against public worker,,,,,,,,,,,,,,,,,,,,,,,,,,,,,,immediate custody
14,,,,,,,use of weapon,,,,,,,,,less serious injury,,against public worker,,,,,,,,,,,,,,,,isolated incident,,,,,,,single blow,,,,,,,immediate custody
14,,,,,,,use of weapon,serious injury,,,lack of premeditation,,,,,less serious injury,,,,,failure to respond to warnings,,,location,,,presence of others,,timing of the offence,under influence drugs/alcohol,,,,,,,,,,,single blow,early guilty plea,,,,,,
14,,,,,against race/religion,,,serious injury,,,,,,,,,,against public worker,,,,,,location,,,,,,,,,,,,,,,,,,,,,,,,immediate custody
14,,,,,,,,,,,,,,,,,,,,,,failure to comply with court orders,,,,,,,,,,,,,,,,,,,,,,,,,,immediate custody
14,,,,,,,,,,,,,,,,less serious injury,,against public worker,,,,,,location,,ongoing effect,,,,,,,,,,,,,,,,,,,,,,
14,,,,,,,,serious injury,,,lack of premeditation,,,,,,,,,,,,,,,,,,,,,,,isolated incident,,,,,primary carer,,,,,,,,,
14,,,,,,,use of weapon,,repeated assault,,lack of premeditation,,,,,,,,,,,,,,,,,,,under influence drugs/alcohol,,,,,,,,,,,,,,,,,,immediate custody
14,,,,,,,,serious injury,,,,,provocation,selfdefence,,,,,,,,,,,,,,,,,,,,,,,,,,,,,,,,,,
14,,,,,,,,serious injury,,,lack of premeditation,,,selfdefence,,,,,,,,failure to comply with court orders,,location,,ongoing effect,presence of others,,,,,,,,,,,,,genuine remorse,single blow,,,,,,,immediate custody
14,,,,,,,,serious injury,,,,,,,,,,,,,,failure to comply with court orders,,,,ongoing effect,,,,under influence drugs/alcohol,,,,,,,,,,,single blow,,,,,,,immediate custody
14,,,,premeditation,,,,serious injury,,,,,,,,,,,on bail,,,,,,,,,,,under influence drugs/alcohol,,,,,,,,,,,,,,,,,,
14,,,,,,,,serious injury,,,,,,,,,,,,,,,,,,ongoing effect,,,,,,,,,,,,no previous convictions,,genuine remorse,,,,,,,,
14,,,,,,vulnerable victim,,serious injury,,,,,,,,,,,,,,,,,,,,,,,,,,,,,,,,genuine remorse,,,,,,,,immediate custody
14,,,,,,,,,,,,,,,,,,,,,,,,,,,,,,,,,,,,,,,,,,,,,,,,
14,,,,,,,,serious injury,,,,,,,,,,,,,,,,,,ongoing effect,,,timing of the offence,,,,,isolated incident,,,,,,genuine remorse,single blow,early guilty plea,,,grievous bodily harm,,,immediate custody
14,,,,,,,,serious injury,repeated assault,personally vulnerable,,,,,,,,,,,,,,,,,,previous violence,,under influence drugs/alcohol,,,,,,,,,,genuine remorse,,,,,grievous bodily harm,,,immediate custody
14,,,,,,,use of weapon,serious injury,repeated assault,,lack of premeditation,,,,,,,,,,,,,,,,,,,under influence drugs/alcohol,addressing addiction,,,,,,mental disability (general),,,genuine remorse,,,,,grievous bodily harm,,,immediate custody
14,,intent more harm,leading role gang,premeditation,,,use of weapon,,,,,,,,,less serious injury,,,,,,,,location,,,,,timing of the offence,under influence drugs/alcohol,,,,,,,,,,,single blow,,,,,grievous bodily harm with intent,,immediate custody
14,,,,,,,,,,,lack of premeditation,,,,,less serious injury,,,,,,,,,,,,,,,,,,isolated incident,,,,no previous convictions,,genuine remorse,,,,,grievous bodily harm,,,
14,,,,premeditation,,,,,,,,,,,,less serious injury,,,,,,,,,,,,,,,,,good character,,,,,no previous convictions,,genuine remorse,,,,,grievous bodily harm,,,immediate custody
14,,,,,,,use of weapon,,,personally vulnerable,,,,,,,,,,,,,,,,,,previous violence,,under influence drugs/alcohol,,,,,,,,,,,,,,,,grievous bodily harm with intent,,immediate custody
14,,,,,,vulnerable victim,use of weapon,,repeated assault,personally vulnerable,,,,,,,,,,,,,,,,ongoing effect,,,,,,,,,,,,,,,,,,,,grievous bodily harm with intent,,immediate custody
14,,,,premeditation,,,use of weapon,serious injury,repeated assault,,,,,,,,,,,,,,,,,,presence of others,previous violence,,under influence drugs/alcohol,,,,,,,,,,,,,,,,grievous bodily harm with intent,,immediate custody
14,,,,,,,,,,,,,,,subordinate role gang,,,,,,,,,,,,,,timing of the offence,,,,,isolated incident,,,,,,,,,,,,,common assault,
14,,,,,,,,,,,,,,,,,,,,,,failure to comply with court orders,,,,ongoing effect,,previous violence,,under influence drugs/alcohol,addressing addiction,,,,,,,,,,single blow,early guilty plea,,,,,common assault,
14,,,,,,,,serious injury,,,,,,,,,,,,,,,,,,,presence of others,,,,,,,,,,,,,,single blow,,,,,,common assault,
15,,,,,,,use of weapon,,,,,,,,,,,,,,,,,,,,,,,,,,,,,,,,,,single blow,,,,,,,immediate custody
15,,,,,,,use of weapon,serious injury,,,,,,,,,,,,,,,,,,ongoing effect,presence of others,,,,,,,,,,,no previous convictions,,,,,,,,,,immediate custody
15,,,,,,,,serious injury,,,,,,,,,,,,,,,,,,ongoing effect,,,,under influence drugs/alcohol,,,,,,,,,,,single blow,,,,,,,immediate custody
15,,,,,,,,,,,,,,,,,,,,,,,,,,,,,,,,,,,,,,,,,,early guilty plea,,,,,,immediate custody
15,deliberate harm,,,,,vulnerable victim,use of weapon,,,,,,,,,,,,,,,,,,,,,,,,,,,,,,,,,,single blow,,,,,,,
15,,,,,,,,,,,,,,,,,,,,,,,,,,,,,,,,,,,,medical condition,,,,genuine remorse,single blow,,,,,,,
15,deliberate harm,,,,,,,,repeated assault,,,,,,,,,,,,,,,location,,ongoing effect,,previous violence,timing of the offence,under influence drugs/alcohol,,,,,,,,,,,,early guilty plea,,,,,,immediate custody
15,,,,,,,,,,personally vulnerable,,,,,,,abuse of trust,,,,,,,,,,presence of others,previous violence,,under influence drugs/alcohol,,,,,,,,,,,,,,,,,,immediate custody
15,,,,,,vulnerable victim,use of weapon,serious injury,,personally vulnerable,lack of premeditation,,,,,,,,,,,failure to comply with court orders,,,,ongoing effect,,previous violence,,under influence drugs/alcohol,,lack of maturity,,,,,,,,,,early guilty plea,,,,,,immediate custody
15,,,,,,,,,,personally vulnerable,,,,,,less serious injury,,,,,,,,location,,,,,,,,,,,,,,,,,,early guilty plea,,,,,,
15,,,,,,,,,repeated assault,personally vulnerable,,,,,,less serious injury,,,,,,,,,,,,,,,,,,isolated incident,,,,,,genuine remorse,,early guilty plea,,,,,,
15,,,,premeditation,,,,,,,,,,,,,,,,,,,,,,,,,,,,,,,,medical condition,,,,genuine remorse,,,,,,,,immediate custody
15,,,,,,,,serious injury,,,,,,,,less serious injury,,,,,,,,location,,,,,,,,,,isolated incident,,,,,,,,early guilty plea,,,,,,immediate custody
15,,,,,,,,,,,,,,,,,,,,,,,,,,,,,,,,,,,,,,,,,,,,,,,,immediate custody
15,,,,,,,,serious injury,,,,,,,,less serious injury,,,,,,,,location,,,,,,,,,,isolated incident,,,,,,,,early guilty plea,,,,,,immediate custody
15,,,,premeditation,,vulnerable victim,use of weapon,,,,,,,,,less serious injury,,,,,,,,location,,,presence of others,,timing of the offence,,,,,,,,,,,,single blow,,,,,,,immediate custody
15,,,,,,vulnerable victim,,,,,,,,,,less serious injury,,,,,,,,,,,,,,,,,,isolated incident,,,,no previous convictions,,genuine remorse,,early guilty plea,,,,,common assault,immediate custody
15,,,,,,,use of weapon,,,,,,,,,less serious injury,,,,,,,,,,,,,,,,,,,,,,,,,,early guilty plea,,,,grievous bodily harm with intent,,immediate custody
15,,,,,,,,serious injury,,,lack of premeditation,,,,,,,,,,,,,,,,,,,,,,,,,,,,,,single blow,early guilty plea,,,grievous bodily harm,,,immediate custody
15,,,,,,,use of weapon,,,,,,,,,,,,,,,,,,,,,previous violence,,,,,,,,,,,,,single blow,,,,grievous bodily harm,,,immediate custody
15,,,,,,vulnerable victim,,serious injury,repeated assault,personally vulnerable,,,,selfdefence,,,abuse of trust,,,,,,,location,,ongoing effect,presence of others,,timing of the offence,under influence drugs/alcohol,addressing addiction,,,,,,,,,,,early guilty plea,,,grievous bodily harm,,,immediate custody
15,,,,,,,,serious injury,repeated assault,,,,,,,,,,,,,,,,,,,,,,,,,,,,,no previous convictions,,genuine remorse,,,,,grievous bodily harm,,,immediate custody
15,,,leading role gang,,,,use of weapon,serious injury,repeated assault,,,,,,,,,,,,,,,,,ongoing effect,,,,under influence drugs/alcohol,,,,,,,,,,genuine remorse,,early guilty plea,,,grievous bodily harm,,,immediate custody
15,,,leading role gang,,,,use of weapon,serious injury,repeated assault,,,,,,,,,,,,,,,,,ongoing effect,,,,under influence drugs/alcohol,,,,,,,,,,genuine remorse,,early guilty plea,,,grievous bodily harm,,,immediate custody
16,,,,,,,use of weapon,,,,,,,,,,,,,,,,,,,,,,,under influence drugs/alcohol,,,,isolated incident,,,,,,,,,,affray,,,,immediate custody
16,,,,,,,use of weapon,,,,,,,,,less serious injury,,,,,,,,,,,presence of others,,,under influence drugs/alcohol,,,,,,,,no previous convictions,,,,,,,,,,immediate custody
16,,,,,,,,serious injury,,,,,,,,,,,,,,,,location,,,,,,,,,,,,,,,,,,,,,,,,immediate custody
16,,,,,,,,serious injury,,,,,,,,,,,,,,,,location,,,,,,,,,,,,,,,,,,,,,,,,immediate custody
16,,,,,,,,serious injury,,,,,,,,,,,,,,,,location,,,,,,,,,,,,,,,,,,,,,,,,immediate custody
16,,,,,,,use of weapon,serious injury,,,,,,,,,,,,,,,,,,,,,,,,lack of maturity,,,,,,,,genuine remorse,,early guilty plea,,,grievous bodily harm,,,immediate custody
16,,,,,,,use of weapon,serious injury,,,lack of premeditation,,provocation,selfdefence,,,,,on bail,,,,,,,,,,,under influence drugs/alcohol,,,,isolated incident,,,,,,genuine remorse,single blow,early guilty plea,,,grievous bodily harm,,,immediate custody
16,,,,,,,,serious injury,,,lack of premeditation,,,selfdefence,,,,,,,,,,,,,,,,,,,,,,,,no previous convictions,,,single blow,early guilty plea,,,grievous bodily harm,,,
16,,,,,,,,,,,,,,,,,,,,,,,,,,,,,,,,,,,,,,,,,,,,,grievous bodily harm,,,
16,,,,,,,,,repeated assault,personally vulnerable,,,,,,,,,,,,,,,,,presence of others,,,,,,,,,,,,,,,,,,,,common assault,
16,,,,,,,,,,,,,,,,less serious injury,,,,,,,,,,,presence of others,,,,,,,,,,,no previous convictions,,,,,,,,,common assault,
17,,intent more harm,,,,,use of weapon,,repeated assault,,,,,,,less serious injury,,,,,,,,location,,,,,timing of the offence,under influence drugs/alcohol,addressing addiction,,,,,,,,,genuine remorse,,early guilty plea,,,,,,
17,,,,premeditation,,vulnerable victim,,,repeated assault,,,,,,,less serious injury,,,,,,failure to comply with court orders,,location,,,,,timing of the offence,under influence drugs/alcohol,,,,,,,,,,,,,,,,,,immediate custody
17,,,,,,vulnerable victim,,,,personally vulnerable,,,,,,,abuse of trust,,,,,,,,,,,,,under influence drugs/alcohol,,,,,,,,,,,,,,,,,,
17,,,,premeditation,,,use of weapon,serious injury,repeated assault,,,,,,,,,,,,,,,location,,,,,timing of the offence,under influence drugs/alcohol,,lack of maturity,,,,,,no previous convictions,,genuine remorse,,early guilty plea,,,,,,
17,,,,,,,use of weapon,,,,lack of premeditation,,,,,,,,,,,,,,,,,,,,,,,,,,,,,,,,,,,,,
17,,,,,,,,,repeated assault,,lack of premeditation,,provocation,,,less serious injury,,,,,,,,,,,,,,,,,,isolated incident,,,,,,,,,,,,,,
17,,intent more harm,,,,,,,repeated assault,,,,,,,,,,,victim forced to leave home,,,,location,,,,,,under influence drugs/alcohol,addressing addiction,,,,,,,,,genuine remorse,,early guilty plea,,,,,,
17,,,,,,,,,,,lack of premeditation,,,,,less serious injury,,,,,,,,,,,,,,,,,,,,,,,,,single blow,,,,,,,
17,,,,,,,use of weapon,,,,,,,,,,,,,,,failure to comply with court orders,,,on licence,,presence of others,,,,,,,,,,,,,,,,,,,,,immediate custody
17,,,,,,vulnerable victim,use of weapon,serious injury,,,,,,,,,,,,,,,,location,,,,,timing of the offence,under influence drugs/alcohol,,,,,,,,,,,single blow,early guilty plea,,,,,,immediate custody
17,,,leading role gang,,,,use of weapon,,,,,,,,,less serious injury,,,,,,,,,,,,,,,,,,,,,,no previous convictions,,,,,,,,,,
17,,,,,,,,serious injury,,,lack of premeditation,,,,,,,,,,,,,,,,,,,,,,good character,isolated incident,,,,no previous convictions,primary carer,genuine remorse,single blow,,,,,,,
17,,,,,,,use of weapon,,,,,,provocation,,,less serious injury,,,,,,,,,,,,,,,,,good character,isolated incident,,,,no previous convictions,,genuine remorse,,early guilty plea,,affray,,,,
17,,,,,,,use of weapon,,,,,,provocation,,,less serious injury,,,,,,,,,,,,,,,,,good character,isolated incident,,,,no previous convictions,,genuine remorse,,early guilty plea,,affray,,,,
17,,,,,,,use of weapon,,,,,,provocation,,,less serious injury,,,,,,,,,,,,,,,,,good character,isolated incident,,,,no previous convictions,,genuine remorse,,early guilty plea,,affray,,,,
17,,,,,,,,,,,,,,,,,,,,,,,,,,,,,,,,,,,,,,,,,,,,affray,,,,immediate custody
17,,,,,,,,,,,,,,,,,,,,,,,,,,,,,,,,,,,,,,,,,,,,affray,,,,
17,,,,,,,use of weapon,,repeated assault,,,,,,,,,,,,,,,,,,,,,,,,,isolated incident,,,,,,,,,,affray,,,,
17,,,,,,,,,,,,,,,,,,,,,,,,,,,,,,,,,,,,,,,,,,,,affray,,,,
17,,,,,,,use of weapon,,repeated assault,,,,,,subordinate role gang,,,,,,,,,,,,,,,,,,,isolated incident,,,,,,,,,,affray,,,,
17,,,,,,,use of weapon,,,,,,provocation,,,less serious injury,,,,,,,,,,,,,,,,,good character,isolated incident,,,,no previous convictions,,genuine remorse,,early guilty plea,,affray,,,,
17,,,,,,,use of weapon,,,,lack of premeditation,,,,,,,against public worker,,,,,,,,,,,,under influence drugs/alcohol,addressing addiction,,,,,,,,,,,early guilty plea,,affray,,,,
17,,,,,,,,,,,,,,,,,,,,,,,,,,,,,,,,,,,,,,,,,,,,affray,,,,
17,,,,,,,use of weapon,serious injury,repeated assault,,,,,,,,,,,,,,,,,,presence of others,,,under influence drugs/alcohol,,lack of maturity,,,,,,,,genuine remorse,,,,affray,,,,immediate custody
17,deliberate harm,,,,,,use of weapon,,repeated assault,,,,,,,,,,,,,,,,,,,,,,,lack of maturity,,,,,,,,genuine remorse,,early guilty plea,,,,,common assault,
17,,,,,,,use of weapon,serious injury,,,,,,,,,,,,,,,,location,,ongoing effect,presence of others,,,under influence drugs/alcohol,,,,isolated incident,,,,,,genuine remorse,,,,,,grievous bodily harm with intent,,immediate custody
17,deliberate harm,,,,against race/religion,vulnerable victim,use of weapon,serious injury,repeated assault,personally vulnerable,,,,,,,,,,,,,gratuitous degradation,location,,ongoing effect,,,,,,,,,,,,,,genuine remorse,,,,,,grievous bodily harm with intent,,immediate custody
17,,,,,,,,,,,,,,,,,,,,,,,,,,,,,,,,,,,,,,,,,,,,,grievous bodily harm,,,immediate custody
17,,,,,,,,,,,,,,,,,,,,,,,,,,,,,,,,,,,,,,,,,,early guilty plea,,,grievous bodily harm,,,immediate custody
17,deliberate harm,,,,,vulnerable victim,use of weapon,serious injury,repeated assault,personally vulnerable,,,,,subordinate role gang,,,,,,,,,location,,ongoing effect,,,,,,lack of maturity,good character,,,,,no previous convictions,,genuine remorse,,early guilty plea,,,,grievous bodily harm with intent,,immediate custody
17,,,,,,,,,repeated assault,,,,,,,,,,,,,,,location,,,,,,,,,,,,,,no previous convictions,,,,,,,grievous bodily harm,,,immediate custody
17,,,,,,,use of weapon,serious injury,,,lack of premeditation,,,,,,,,,,,,,,,,,,,,,,,,,,,,,genuine remorse,,,violent disorder,,,,,immediate custody
17,,,,,,,,,,,,,,,,,,,,,,,,,,,,,,,,,,,,,,,,,,,violent disorder,,,,,immediate custody
17,,,,,,,,,,,,,,,,,,,,,,,,,,,,,,,,,,,,,,,,,,,violent disorder,,,,,immediate custody
17,,,,,,,,,,,,,,,,,,,,,,,,,,,,,,,,,,,,,,,,,,,violent disorder,,,,,immediate custody
18,,,,,,,,,,,,,,,,less serious injury,,,,,,,,,,,,,,,,,,,,,,,,,,,,,,,,immediate custody
18,,,,,,,use of weapon,,repeated assault,,,,,,,less serious injury,,,,,,,,,,,,,,,,,,,,,,,,,,early guilty plea,,,,,,immediate custody
18,,,,,,,use of weapon,,repeated assault,,,,,,,,,,,,,,,,,,,,,,,,,isolated incident,,,,,,,,,,,,,,
18,deliberate harm,,,,,,,,,,,,,,,,,,,,,,,,,,,,,,,,,,,,,,,,,early guilty plea,,,,,,immediate custody
18,,,,,against race/religion,,,serious injury,,,,,,,,,,,,,,,,,,,,,,,,lack of maturity,,isolated incident,,,,,,genuine remorse,,,,affray,,,,
18,,,,,,,,,,,,,,,,,,,,,,,,,,,,,,,,,,,,,,no previous convictions,,,,,,,grievous bodily harm,,,
18,,intent more harm,,,,,use of weapon,serious injury,,personally vulnerable,,,,,,less serious injury,,,,,,,,location,,,,,,,,,,,,,,no previous convictions,,genuine remorse,,early guilty plea,,,grievous bodily harm,,,immediate custody
18,,intent more harm,,,,,use of weapon,,,,,mental disorder (related to the offence),,,,less serious injury,,,,,,,,,,,,,,,,,,,,,,no previous convictions,,,single blow,,,,,grievous bodily harm with intent,,immediate custody
18,,,,,,,,,,,,,,,,,,,,,,,,,,,,,,,,,,,,,,,,,,,,,,,common assault,
18,,,,,,,,,,,lack of premeditation,,,selfdefence,,,,,,,,,,,,,,,,,,,,,,,,no previous convictions,,,,early guilty plea,,,,,common assault,
18,,,,,,,use of weapon,serious injury,,,,,,,,less serious injury,,,,,,,,,,,,,,,,,,,,,,,,,single blow,early guilty plea,,,,,common assault,
18,,,,,,,,,,,,,,,,,,,,,,,,,,,,,,,,,,,,,,,,,,,,,,,common assault,immediate custody
18,,,,,,,,,,,,,provocation,,,less serious injury,,,,,,,,,,,,,,,,,,,,,,,,,,,,,,,common assault,
19,,,,,,,,,,,,,,,,,,,,,,,,,,,,,,,,,,,,,,,,,single blow,,,,,,,immediate custody
19,,,,,,,,,,,,,,,,less serious injury,,,,,,,,,on licence,,presence of others,,,under influence drugs/alcohol,,,,,,,,,,,single blow,early guilty plea,,,,,,immediate custody
19,,,,,,,,serious injury,repeated assault,,,,,,subordinate role gang,,,,,,,,,location,,,,,timing of the offence,,,,,,,,,,,,,early guilty plea,,,,,,immediate custody
19,,,,,,,use of weapon,,,,,,,,,,,,,,,,,location,,,,,,under influence drugs/alcohol,,,,,,,,,,,single blow,early guilty plea,,,,,,
19,,,,premeditation,,,use of weapon,,,,,,,,,,,,,,,,,,,,,,,,,,,,,,,,,,,,,,,,,immediate custody
19,,,,,,,,,,,lack of premeditation,,provocation,selfdefence,,less serious injury,,,,,,,,,,,,,,under influence drugs/alcohol,,,,isolated incident,,,,no previous convictions,,genuine remorse,single blow,,,,,,,
19,,,,,,,use of weapon,,repeated assault,,,,,,,,,,,,,,,,,,presence of others,,,,addressing addiction,,,,,,,no previous convictions,,,,early guilty plea,,,,,,
19,,,leading role gang,premeditation,,vulnerable victim,,serious injury,repeated assault,,,,,,,,,,on bail,,,,,,,,,,,,,,,,,,,,,,,early guilty plea,,,,,,immediate custody
19,,,,,,,,,,,lack of premeditation,,,,,less serious injury,,,,,,,,,,,,,,,,,,,,,,,,,,early guilty plea,,,,,,
19,,,,,,,,,,,,,,,,,,,,,,,,,,,,,,under influence drugs/alcohol,,,good character,isolated incident,,,,,,genuine remorse,single blow,early guilty plea,,,,,,
19,,,,,,,,serious injury,repeated assault,,,,,,subordinate role gang,,,,,,,,,location,,ongoing effect,,,timing of the offence,,,,,,,,,,,,,,,,,,,immediate custody
19,,,,,,,use of weapon,serious injury,,,lack of premeditation,,,,,,,,,,,,,location,,,,,,,,,,,,,,,,,,early guilty plea,,,,,,immediate custody
19,,,,,,,,,,,lack of premeditation,,,,,,,,,,,,,,,,,,,under influence drugs/alcohol,,,good character,,,,,no previous convictions,,,single blow,early guilty plea,,,,,,
19,,,,,,,use of weapon,,,,lack of premeditation,,,,,less serious injury,,,,,,,,,,,,,,,,,,isolated incident,,,,,,genuine remorse,single blow,early guilty plea,,,,,,
19,,,,,,,use of weapon,serious injury,repeated assault,,,,,,,,,,,,,,,location,,,,,timing of the offence,,,,,,,,,,,,,,,,,,,immediate custody
19,,,,,,,,serious injury,repeated assault,,,,,,,,,,,,,,,,,ongoing effect,,,,under influence drugs/alcohol,,lack of maturity,,,,,mental disability (general),no previous convictions,,,,,,,,,,
19,,,,premeditation,,,,,,,,,,,,,,,,,,,gratuitous degradation,,,,,,,under influence drugs/alcohol,,,,,,,,,,,,early guilty plea,,,,,,immediate custody
19,,intent more harm,,,,,,serious injury,repeated assault,,,,,,,,,,,,,,,,,,,,,,,,good character,,,,,,,genuine remorse,,early guilty plea,,,,,,immediate custody
19,,,,,,,,serious injury,,,,,,,,,,,,,,,,,,,,,,,,,,,,,,,,,,,,,,,,immediate custody
19,deliberate harm,intent more harm,,premeditation,,,use of weapon,serious injury,repeated assault,personally vulnerable,,,,,,,abuse of trust,,,victim forced to leave home,,,gratuitous degradation,location,,ongoing effect,,,,,,,,,,,,no previous convictions,,,,,,,,,,immediate custody
19,,,,,,,,serious injury,,,,,,,,,,,,,,,,,,,,,,,,,,,,,,,,,,,,,,,,immediate custody
19,,,,,,,,,,,,,,,,,,,,,,,,,,,,,,under influence drugs/alcohol,,,,,,,,,,,,,,,,,,
19,,,,premeditation,,,,,,,,,,,,,,,,,,,gratuitous degradation,,,,,,,under influence drugs/alcohol,,,,,,,,,,,,,,,,,,
19,,,,,,,use of weapon,,,,,,,,,less serious injury,,,,,,,,,,,,,,,addressing addiction,,,,,,,,,genuine remorse,single blow,,,,,,,
19,,,,,,,,serious injury,repeated assault,,,,,,subordinate role gang,less serious injury,,,,,,,,location,,,,,timing of the offence,,,,good character,,,,,,,genuine remorse,,,,,,,,immediate custody
19,,,leading role gang,,,,use of weapon,serious injury,repeated assault,,,,,,,,,,,,,,,,,,,,,,,,,,,,,,,,,,,,,,,immediate custody
19,,,,,,,,,,,lack of premeditation,,,,,,,,,,,,,,,,presence of others,,,,,,,,,,,,,,single blow,,,,,,,
19,,,,,,,use of weapon,serious injury,,,,,,,,,,,,,,,,,,,,,,,,,,,,,,,,,,,,,,,,immediate custody
19,,,,,,,,,,,,,,,,,,,,,,,,,,,,,,,,,,,,,,,,,,early guilty plea,,,,,,immediate custody
19,,,,,,,,serious injury,,,,,,,,,,against public worker,,,,,,,,,,,,,,,,,,,,,primary carer,,,,,,,,,
19,,,,,,,,,,,,,,,,,,,,,,,,,,,,,,,,,,,,,,,,genuine remorse,,,,,,,,
19,,,,,,,,serious injury,repeated assault,,,,,,subordinate role gang,,,,,,,,,location,,,,,timing of the offence,,,,good character,,,,,,,genuine remorse,,,,,,,,immediate custody
19,,,leading role gang,,,,,serious injury,repeated assault,,,,,,,,,,,,,,gratuitous degradation,location,,ongoing effect,,,,,,,,,,,,,,,,,,,,,,immediate custody
19,,,,,,,use of weapon,serious injury,,,,,provocation,,,,,,,,,,,,,,,previous violence,,,,,,,,medical condition,,,primary carer,genuine remorse,,,,,,,,
19,,,leading role gang,,,,use of weapon,serious injury,repeated assault,,,,,,,,,,,,,,,,,,,,,,,,,,,,,,,,,,,,,,,immediate custody
19,,,,,,,use of weapon,serious injury,repeated assault,,,,,,subordinate role gang,,,,,,,,,,,,,,,,,,,,,,,no previous convictions,,,,,,,,,,immediate custody
19,,intent more harm,leading role gang,,,,use of weapon,serious injury,repeated assault,,,,,,,,,,,,,,,,,,,,,,,,,,,,,,,,,,,,,,,immediate custody
19,,,,,,,,,,,,,,,,,,,,,,,,,,,,,,,,,,,,,,no previous convictions,,genuine remorse,,early guilty plea,,,,,,
19,,,,,,,,,,,,,,,,,,,,,,,,,,,,,,,,,,,,,,,,,,early guilty plea,,,,,,immediate custody
19,,,,,,,,,,,lack of premeditation,,,,,,,,,,,,,location,,,,,,under influence drugs/alcohol,addressing addiction,lack of maturity,,,,,,,,genuine remorse,,early guilty plea,,,,,,
19,,,,,,,use of weapon,,,,,,,,,less serious injury,,,,,,,,location,,,,,,under influence drugs/alcohol,,,,,,,,,,genuine remorse,,early guilty plea,,,,,,immediate custody
19,,,,,,,,,,,,,,,,,,,,,,,,,,,,,,,,,,isolated incident,,,,,,,,,,affray,,,,
19,,,,,,,use of weapon,,,,,,,,,less serious injury,,,,,,,,location,,,,,,,,,,isolated incident,,,,,,,,,,affray,,,,
19,,,,,,,,,repeated assault,,,,,,,less serious injury,,,,,,,,,,,presence of others,,,under influence drugs/alcohol,,,good character,isolated incident,,,,no previous convictions,,genuine remorse,,early guilty plea,,affray,,,,immediate custody
19,,,,,,,,serious injury,,,,,,,,,,,,,,,,,,,,,,,,,,,,,,no previous convictions,,,,,,affray,,,,
19,,,,,,,,,,,,,,,,,,,,,,,,location,,,,,timing of the offence,under influence drugs/alcohol,,,,,,,,no previous convictions,primary carer,,single blow,,,affray,,,,
19,,,,,,,,,,,,,,,,,,,,,,,,,,,,,,,,,,,,,,,,,,early guilty plea,,affray,,,,immediate custody
19,,,,,,,,,,,lack of premeditation,,,,,less serious injury,,,,,,,,,,,,,,,,,,isolated incident,,,,no previous convictions,,,,early guilty plea,,affray,,,,
19,,,,,,,,,,,,,,,,,,,,,,,,location,,,,,,under influence drugs/alcohol,,,,,,,,,,,single blow,,,affray,,,,immediate custody
19,,,,,,,use of weapon,serious injury,,,,,,,,,,,,victim forced to leave home,,,,,,ongoing effect,,previous violence,,under influence drugs/alcohol,,,,,,,,,,genuine remorse,,early guilty plea,,affray,,,,immediate custody
19,,,,,,,,,,,,,,,,,,,,,,,,,,,,,,,,,good character,,,,,,,,,,,affray,,,,immediate custody
19,,,,,,,use of weapon,,,,,,,,,less serious injury,,,,,,,,location,,,,,,,,,,isolated incident,,medical condition,,no previous convictions,,,,,,affray,,,,
19,,,,,,,,,,,,,,,,,,,,,,,,,,,,,,,,,,,,,,,,,,early guilty plea,,affray,,,,
19,,,,,,,,,,,,,,,,,,,,,failure to respond to warnings,,,,,,presence of others,,,,,,,,,,,,,genuine remorse,,early guilty plea,,affray,,,,immediate custody
19,,,,,,,use of weapon,serious injury,,,lack of premeditation,,,,,,,,,,,,,,,,presence of others,,,,addressing addiction,,,,,,,no previous convictions,,genuine remorse,,early guilty plea,,affray,,,,
19,,,,,,,,,,,,,,,,,,,,,,,,,,,,,,,,,,,,,,no previous convictions,,,,early guilty plea,,,,,common assault,
19,,,,,,,,,,,,,,,,,,,,,,,,location,,,,,timing of the offence,,addressing addiction,,,,,,,,,genuine remorse,,,,,,,common assault,
19,,,,,,,,,,,lack of premeditation,,provocation,,,,,,,,,,,,,,,,,,addressing addiction,,,,,,,,,,,,,,,,common assault,
19,,,,,,,,,,,lack of premeditation,,,,,,,,,,,,,,,,,,,,,,,,,,,no previous convictions,,,,early guilty plea,,,,,common assault,
19,,,,,,,,,,,,,,,,,,,,,,,,,,,,,,,,,good character,isolated incident,,,,no previous convictions,,genuine remorse,,early guilty plea,,,,,common assault,
19,,,,,,,use of weapon,,,,lack of premeditation,,,,,less serious injury,,against public worker,,,,,,,,,presence of others,,,under influence drugs/alcohol,,,,,,,,,,,single blow,early guilty plea,,,,grievous bodily harm with intent,,immediate custody
19,deliberate harm,,leading role gang,,,,use of weapon,serious injury,repeated assault,,,,,,,,,,,,failure to respond to warnings,,,location,,ongoing effect,presence of others,,,,,,,,,,,,,,,early guilty plea,,,,grievous bodily harm with intent,,immediate custody
19,,,,,,,use of weapon,,,,,,,,,less serious injury,,,,,,,,,,,presence of others,,,under influence drugs/alcohol,,,,isolated incident,,,mental disability (general),no previous convictions,primary carer,,single blow,,,,,grievous bodily harm with intent,,immediate custody
19,,,,premeditation,,,use of weapon,serious injury,,,,,,,,,,,,,,,,location,,ongoing effect,,,timing of the offence,,,,good character,,,,,,,,,early guilty plea,,,grievous bodily harm,,,immediate custody
19,,,,,,,,,repeated assault,,lack of premeditation,,,,,less serious injury,,,,,failure to respond to warnings,,,,,,presence of others,,,under influence drugs/alcohol,,,,,,,,,,,,early guilty plea,,,grievous bodily harm,,,immediate custody
19,,,,,,,,serious injury,repeated assault,,lack of premeditation,,,,subordinate role gang,,,,,,,,,location,on licence,,presence of others,,,,addressing addiction,,,isolated incident,,,,no previous convictions,,,,,,,grievous bodily harm,,,immediate custody
19,,,,,,,use of weapon,serious injury,,,lack of premeditation,,provocation,selfdefence,,,,,,,,,,,,ongoing effect,,,,,,,,,,,,,,,,,,,,grievous bodily harm with intent,,immediate custody
19,deliberate harm,,,premeditation,,,,serious injury,,,,,,,,,,,on bail,,,,,,,ongoing effect,presence of others,previous violence,,under influence drugs/alcohol,,,,,,,,,,,,,,,,grievous bodily harm with intent,,immediate custody
19,,,,,,,use of weapon,,repeated assault,personally vulnerable,,,,,,,,,,,,,gratuitous degradation,,on licence,,presence of others,previous violence,,,,,,,,,,,,,,,,,,grievous bodily harm with intent,,immediate custody
19,,,,,,,use of weapon,,,,,,,,,,,,,,,,gratuitous degradation,location,,,,,,under influence drugs/alcohol,,,,,,,,,,,,early guilty plea,,,,grievous bodily harm with intent,,immediate custody
19,,,,premeditation,,,use of weapon,,,,,,,,,less serious injury,,,,,,,,,,,,,,,,,,isolated incident,,,,,,genuine remorse,single blow,early guilty plea,,,,grievous bodily harm with intent,,immediate custody
19,,,leading role gang,,,,,serious injury,repeated assault,,lack of premeditation,,,selfdefence,,,,,,,,,,,on licence,,,,,,addressing addiction,,,,lapse of time,,,,,genuine remorse,,,,,,grievous bodily harm with intent,,immediate custody
19,deliberate harm,,,,,,use of weapon,serious injury,repeated assault,,,,,,,,,,,,failure to respond to warnings,,,,,ongoing effect,presence of others,,,,,,,,,,,,,,,early guilty plea,,,,grievous bodily harm with intent,,immediate custody
19,,,,,,,,serious injury,repeated assault,,lack of premeditation,,provocation,,,,,,on bail,,,,,,,,,previous violence,,,addressing addiction,lack of maturity,,,,,,,,genuine remorse,,,,,grievous bodily harm,,,
19,,,,,,,use of weapon,,,,,,,,,,,,,,,,,location,,,,,timing of the offence,,,,good character,,,,,no previous convictions,,,single blow,,,,grievous bodily harm,,,immediate custody
19,,,,,,,use of weapon,,,,,,,,,,,,,,,failure to comply with court orders,,,,ongoing effect,,,timing of the offence,under influence drugs/alcohol,,,,,,,,,,,,early guilty plea,,,grievous bodily harm,,,immediate custody
19,,,,,,,use of weapon,,,,,,,,,,,,,,,,,,,ongoing effect,,,,,,,,,,,,,primary carer,,,early guilty plea,,,grievous bodily harm,,,
19,,,,,,,,serious injury,,,lack of premeditation,,,,,,,,,,,,,,,,,,,,,,,,,,,no previous convictions,,genuine remorse,single blow,early guilty plea,,,grievous bodily harm,,,
19,deliberate harm,,leading role gang,,,,,serious injury,repeated assault,,,,,,,,,,,,,,,,,ongoing effect,presence of others,,,under influence drugs/alcohol,,,,,,,,,,,,early guilty plea,,,grievous bodily harm,,,immediate custody
19,deliberate harm,,,,,,,serious injury,repeated assault,,,,,,,,,,,,,,,,,,,,,,,,,,,,,,,,,early guilty plea,,,grievous bodily harm,,,immediate custody
19,,,,,,,,serious injury,,,lack of premeditation,,,,,,,,,,,,,,,ongoing effect,,,,,,,,isolated incident,,,,,primary carer,genuine remorse,single blow,early guilty plea,,,grievous bodily harm,,,
19,,,,,,,use of weapon,,repeated assault,,,,,,,,,,,,,,,,,,,,,under influence drugs/alcohol,,,,,,,,,,,,,,,grievous bodily harm,,,immediate custody
19,,,,premeditation,,,use of weapon,,,,,,,,,,,,,,,,,location,,,,,,,,,,,,,,,,genuine remorse,,,,,grievous bodily harm,,,immediate custody
19,,,,,,,,serious injury,,,lack of premeditation,,,,,,,,,,,,,,,,,,,,,,,,,,,,,,single blow,early guilty plea,,,grievous bodily harm,,,immediate custody
19,,,,,,,use of weapon,,,,,,,,,,,,,,,,gratuitous degradation,location,,,,,,under influence drugs/alcohol,,,,,,,,,,,,early guilty plea,,,grievous bodily harm,,,immediate custody
20,,,,,,,,,,,,,,,,,,,,,,,,,,,,,,,,,,,,,,,,,,early guilty plea,,affray,,,,
20,,,,,,,,,,,,,,,subordinate role gang,,,,,,,,,,,,,,,,,,,,,,,no previous convictions,,,,,,affray,,,,immediate custody
20,,,,,,,,,,,,,,,,,,,,,,,,,,,,,,,,,,,,,,,,,,,,affray,,,,
20,,,,,,,,,,personally vulnerable,lack of premeditation,,,,,,,,,,,,,,,,,,,,,,,,,,,,,,,,,,,,,immediate custody
20,,,,premeditation,,,,,repeated assault,,,,,,,,,,,,,,,location,,,presence of others,previous violence,timing of the offence,under influence drugs/alcohol,,,,,,,,,,,,,,,,,,
20,,,,,,,,,,,,,,,,,,,,,,,gratuitous degradation,,,,,,,,,,,,,,,,,,,,,,,,,
20,,,,,,,,,,,lack of premeditation,,provocation,,,,,against public worker,,,,,,,,,,,,,,,,,,,,,,genuine remorse,,early guilty plea,,,,,,immediate custody
20,,,,,,,use of weapon,,,personally vulnerable,,,,,,,,,,victim forced to leave home,,,,,,ongoing effect,,,,,,,,,,,,,,,single blow,,,,,,,immediate custody
20,,,,,,,,,repeated assault,personally vulnerable,,,,,,,,,,,,,,location,,,,,,,,,,,,,,,,,,early guilty plea,,,,,,immediate custody
20,,,,,,,,serious injury,,,lack of premeditation,,,,,,,,,,,,,,,,,,,,,,,,,,,,,,,early guilty plea,,,grievous bodily harm,,,immediate custody
20,,,,,,,use of weapon,serious injury,,,,,,,,,,,,,,,,,,,,,,under influence drugs/alcohol,,,,,,,,no previous convictions,,,,,,,,grievous bodily harm with intent,,immediate custody
20,,,,,,,,,,,,,provocation,,,,,,on bail,,,,,,,,,,,,,,,,,,mental disability (general),,,,,,,,,grievous bodily harm with intent,,immediate custody
20,,,,,,,,,,,,,,,,,abuse of trust,,,,,,,,,,presence of others,,,under influence drugs/alcohol,,,,,,,,,,,,,,,,,common assault,immediate custody
69,,,,,against race/religion,vulnerable victim,,,,personally vulnerable,,,,,,,,,,,,failure to comply with court orders,,location,,,presence of others,,,under influence drugs/alcohol,,,,isolated incident,,medical condition,,,,,single blow,early guilty plea,,,,,common assault,immediate custody
69,,,,,,,,,,,lack of premeditation,,,,,less serious injury,,,,,,,,,,,,,,,,,,,,,,,,,,,,,,,common assault,
69,,,,,against race/religion,,,,,personally vulnerable,,mental disorder (related to the offence),,,,less serious injury,,,,,,,,,,,,,,,,,,,lapse of time,medical condition,mental disability (general),no previous convictions,,,,early guilty plea,,,,,common assault,
69,deliberate harm,,,premeditation,,,,serious injury,repeated assault,,,,,,,,,,,,,,,location,,,presence of others,,timing of the offence,under influence drugs/alcohol,,,good character,,,,,,,,,early guilty plea,,,,,,immediate custody
69,,,,,,vulnerable victim,,,,personally vulnerable,,,,,,,,,,,,,,,,,,,,,,,,,,,,,,,single blow,,,,,,,immediate custody
69,,,,,,,,,repeated assault,,,,provocation,,,,,,,,,,,location,,,presence of others,previous violence,,,,,,isolated incident,,,,no previous convictions,,,,,,,,,,immediate custody
69,,,,,,,,,,,,,,,,,,,,,,,,,,ongoing effect,presence of others,,,,,,good character,isolated incident,,,,,,genuine remorse,,,,,,,,
69,deliberate harm,,,,,,,,,,,,,,,less serious injury,,,,,,,,location,,,,,,,,,,,,,,,,genuine remorse,,,,,,,,
69,,,,,,,use of weapon,,repeated assault,,,,,,,,,,,,,,,location,,,,,,,,,,isolated incident,,,,no previous convictions,,,,early guilty plea,,,,,,
69,,,,premeditation,,,use of weapon,serious injury,,,,,,,,,,,,,,,,,,,,,,,,,,,,,,,,,,,,,,,,immediate custody
69,,,,,,vulnerable victim,use of weapon,,,,,,,,,less serious injury,,,on bail,,,,gratuitous degradation,location,,,presence of others,,timing of the offence,,,,,,,,,,,,single blow,early guilty plea,,,,,,immediate custody
69,,,,,,,,,,,,,,,,,,,,,,,,location,,ongoing effect,,,,,,,good character,isolated incident,,,,no previous convictions,,genuine remorse,single blow,early guilty plea,,,,,,
69,,,,,,,,,repeated assault,personally vulnerable,lack of premeditation,,,,,,,,,,,,,location,,,,,timing of the offence,under influence drugs/alcohol,,,,,,,,,,genuine remorse,,,,,,,,immediate custody
69,,,,,,,,,,personally vulnerable,lack of premeditation,,,,,,,,,,,,,,,,,,,,,,,isolated incident,,,,no previous convictions,,genuine remorse,single blow,,,,,,,
69,,,,,,vulnerable victim,,,,,,,,selfdefence,,less serious injury,,,,,,,,location,,,,,,,,,,,,,,,,,,early guilty plea,,,,,,
69,,,,,,,use of weapon,,,,,,,,,less serious injury,,,,,,failure to comply with court orders,,,,,,previous violence,,under influence drugs/alcohol,,,,,,,,,primary carer,,,,,,,,,immediate custody
69,,,,,,,use of weapon,,,,,,,,,less serious injury,,,,,,,,,,ongoing effect,,,,under influence drugs/alcohol,,,,,,,,,,,,early guilty plea,,,,,,immediate custody
69,,,,,,,,,repeated assault,,,,,,,less serious injury,,,,,,,,,,,,previous violence,,,,,,,,,,,,genuine remorse,,,,,,,,
69,,,,,,,,,repeated assault,,,,,,,,,,,,,,,,,,,,,,,,,,,,,no previous convictions,,genuine remorse,,,,,,,,
69,,,,,,,,,repeated assault,,lack of premeditation,,,,,less serious injury,,,,,,,,,,,,,,,,,,isolated incident,,,,,,genuine remorse,,,,,,,,
69,,,,,,,use of weapon,,,,lack of premeditation,,,,,,,,,,,,,,,,,,,,,,good character,,,,,no previous convictions,,,,,,,,,,
69,,,,,,,use of weapon,,repeated assault,,,,,,,,,,,,,,,location,,,,,,under influence drugs/alcohol,,,good character,,,,,no previous convictions,,,,,,,,,,
69,,,,,,,,serious injury,,,,,,,,,,,,,,,,location,,,,,,,,,good character,isolated incident,,medical condition,,no previous convictions,,genuine remorse,,early guilty plea,,,,,,
69,,intent more harm,,premeditation,,,use of weapon,serious injury,repeated assault,,,,,,,,,,,,,,,,,,,previous violence,,,,,,,,,,,,,,early guilty plea,,,,,,immediate custody
69,,,,,,,use of weapon,,,,,,,,,less serious injury,,,on bail,,,,,,,,,,,under influence drugs/alcohol,,,,,,,,no previous convictions,,,,,,,,,,immediate custody
69,,,,,,,use of weapon,,repeated assault,,,,,,,,,,,,,,,,,,,,,,,,good character,,,,,,,,,,,,,,,
69,,,,,,,,,,,,,,,,,,,,,,,,,,ongoing effect,,,,,,,,,,,mental disability (general),,,genuine remorse,single blow,early guilty plea,,,,,,
69,,,,premeditation,,,,,,personally vulnerable,,,,,,,,,,,,,,,,,,,,,,,,,,,,,,,,,,,,,,
69,,,,,,,,,repeated assault,,lack of premeditation,,,,,,,,,,,,,,,,,,,,addressing addiction,,,,,,,,,genuine remorse,,early guilty plea,,,,,,
69,,,,,,,,,,,,,,,,,,,,,,,,location,,,,,timing of the offence,,,,,,,,mental disability (general),,,genuine remorse,,,,,,,,
69,,,,,,,,,,,lack of premeditation,,,selfdefence,,less serious injury,,,,,,failure to comply with court orders,,,,,,previous violence,,,,,,,,,,,,genuine remorse,,,,,,,,
69,,,,,,vulnerable victim,use of weapon,serious injury,repeated assault,personally vulnerable,,,,,,,,,,,,,gratuitous degradation,,,,,previous violence,,under influence drugs/alcohol,,,,,,,,,,,,,,,,,,immediate custody
69,deliberate harm,,,,,,,,repeated assault,,,,,,,,,,,,,,,,,ongoing effect,presence of others,,,,,,good character,isolated incident,,,,,,genuine remorse,,,,,,,,
69,,,,,,,,serious injury,,,lack of premeditation,,,,,,,,,,,,,location,,,,,,,,,good character,isolated incident,,,,no previous convictions,,genuine remorse,,early guilty plea,,,,,,
69,,,,,,,,,,,,,,,,,,,,,,,,,,,,,,,,,,,,,,,,,,,,,,,,immediate custody
69,,,,,,,use of weapon,,repeated assault,,,,,,,less serious injury,,,,,,,,,,,,,,,,,good character,isolated incident,,,,no previous convictions,,genuine remorse,,early guilty plea,,,,,,
69,,,,,,,,,,,,,,,,less serious injury,,,,,,,,,,ongoing effect,,,,,,,,,,,,,,,,,,,,,,
69,,,,,,vulnerable victim,,,,,,,,,,less serious injury,abuse of trust,,,,,,,,,,presence of others,,,,,,good character,,,,,,,,,,,,,,,
69,,,,,,,,,,,lack of premeditation,,provocation,,,less serious injury,,,,,,,,,,,,,,,,,,,,,,no previous convictions,,genuine remorse,single blow,,,,,,,
69,,,,,,,,,repeated assault,,lack of premeditation,,provocation,selfdefence,,less serious injury,,,,,,,,,,,,,,,,,,,,,,no previous convictions,primary carer,genuine remorse,,early guilty plea,,,,,,immediate custody
69,,,,,,,,,,personally vulnerable,lack of premeditation,,,,,,,,,,,,,,,,,,,,,,,,,,,,,,,,,,,,,immediate custody
69,,,,,,,,,,,,,,,,,,,,,,,,,,,,,,,,,,,,,,,,genuine remorse,single blow,,,,,,,
69,,,,,,,,serious injury,,,,,provocation,,,,,against public worker,on bail,,,,,,,,,,,,,,,,,,,no previous convictions,,,,,,,,,,
69,,,,,,,,serious injury,repeated assault,,,,,,,,,,,,,,,location,,,presence of others,,,under influence drugs/alcohol,,,good character,,,,,no previous convictions,,,,,,,,,,immediate custody
69,,,,,,,use of weapon,,repeated assault,,,,,,,,,,,,,,,,,ongoing effect,,previous violence,,,,,,,,,,,,,,,,,,,,
69,,,,,against race/religion,,,,,personally vulnerable,,,,,,,,,,,,failure to comply with court orders,,,,,,,,under influence drugs/alcohol,,,,,,,,,,genuine remorse,,,,,,,,immediate custody
69,,,,,,,,,,personally vulnerable,lack of premeditation,,,,,,,,,,,,,location,,,,,,,,,,,,,,,,,single blow,,,,,,,
69,,,,,,,use of weapon,serious injury,repeated assault,,,,,,,,,against public worker,,,,,,,,ongoing effect,,previous violence,,under influence drugs/alcohol,,,,,,,,,,,,,,,,,,immediate custody
69,,,,,,,use of weapon,,,,lack of premeditation,,,,,,,,,,,,,location,,,,,,,,,,,,,,,,,,,,,,,,
69,,,,,,,use of weapon,serious injury,repeated assault,,,,,,,,,,,,,,,,,,,,,,,,,,,,,,,,,,,,,,,immediate custody
69,,,,,,,,,,,lack of premeditation,,,,,less serious injury,,,,,,failure to comply with court orders,,location,,,,previous violence,,under influence drugs/alcohol,,,,,,,,,,genuine remorse,,,,,,,,immediate custody
69,,,,,,,,,,,lack of premeditation,,,,,less serious injury,,,,,,,,location,,,,,,,,,,,,,,,,genuine remorse,,,,,,,,
69,,,,,,,use of weapon,,,personally vulnerable,,,,,,,,,,,,,,,,,,,,,,,good character,,,,,no previous convictions,,genuine remorse,,,,,,,,
69,,,,,,,,,,,,,provocation,,,less serious injury,,,,,,,,location,,,,,,under influence drugs/alcohol,,,,,,,,,,genuine remorse,single blow,,,,,,,
69,,,,,,,,,,,,,,,,less serious injury,,,,,,,,,,,,,,,,,,,,,,,,,,,,,,,,
69,deliberate harm,,,premeditation,,,,serious injury,repeated assault,,,,,,,,,,,,,,,location,,,presence of others,,timing of the offence,under influence drugs/alcohol,,,good character,,,,,,,,,early guilty plea,,,,,,immediate custody
69,,,,,,,use of weapon,,,,,,,,,,,,,,,,,location,,ongoing effect,,,,under influence drugs/alcohol,addressing addiction,,,,,,,,,genuine remorse,single blow,early guilty plea,,,,,,
69,deliberate harm,,,premeditation,,vulnerable victim,,,,personally vulnerable,,,,,,,,,,,,,,location,,,,,,under influence drugs/alcohol,,,,,,,,,,,,,,,,,,immediate custody
69,,,,,,,use of weapon,,,,lack of premeditation,,,selfdefence,,less serious injury,,,,,,,,location,,,,,,,,,,,,,,,,genuine remorse,single blow,early guilty plea,,,,,,
69,,,,,,,,,,,,,,,,,,,,,,,,,,,,,,,,,,,,,,,,,,,,,,,,
69,,,,,,,,serious injury,,,lack of premeditation,,,,,,,,,,,,,,,,,,,,,,,,,,,,,genuine remorse,,early guilty plea,,,,,,
69,,,,,,,use of weapon,,,,lack of premeditation,,,,,,,,,,,,,,,,,,,,,,,,,,,,,,,,,,,,,
69,,,,,,,use of weapon,,repeated assault,,,,,,,less serious injury,,,,,,,,,,,,previous violence,,under influence drugs/alcohol,,,,,,,,,,,,,,,,,,immediate custody
69,,,,,,,,,,,lack of premeditation,,,,,,,,,,,,,,,ongoing effect,presence of others,,,,,,good character,isolated incident,,,,no previous convictions,,genuine remorse,single blow,,,affray,,,,
69,,,,,,,use of weapon,,,,,,,,,,,,,,,,,,,,,,,,,,,,,,,,,,,,,affray,,,,immediate custody
69,,,,,,,,,,,,,,,,,,,,,,,,,,,,,,,,,,,,,,no previous convictions,primary carer,genuine remorse,,,,affray,,,,
69,,,,,,,,,,,,,,,,,,against public worker,,,,,,,,,,,,,,,,,,,,,,,,,,affray,,,,immediate custody
69,,,,,,,,,,,,,,,,,,,,,,,,location,,,,,timing of the offence,,,,,,,,,,,,,,,affray,,,,
69,,,,,,,,,,,,,,,,,,,,,,,,,,,,,,,,,,,,,,,,,,,,affray,,,,
69,,,leading role gang,,,,,,,,,,,,,,,,,,,,,,,,,,,,,,,,,,,,,,,early guilty plea,,affray,,,,immediate custody
69,,,,premeditation,,,,,,,,,,,,,,against public worker,,,,,,location,,,,previous violence,timing of the offence,,,,,isolated incident,,,,,,,,early guilty plea,,affray,,,,immediate custody
69,,,,premeditation,,,,,,,,,,,,,,,,,,,,location,,,,,timing of the offence,,,,,,,,,,,,,early guilty plea,,affray,,,,immediate custody
69,,,,premeditation,,,,,,,,,,,,,,against public worker,,,,,,location,,,,previous violence,timing of the offence,under influence drugs/alcohol,,,,,,,,,,,,,,affray,,,,immediate custody
69,,,,,,,use of weapon,,,,,,,,subordinate role gang,,,,,,,,,location,,,presence of others,,,,,,good character,,,,,,primary carer,genuine remorse,,early guilty plea,,affray,,,,
69,,,,premeditation,,,,,,,,,,,,,,against public worker,,,,,,,,,,,,under influence drugs/alcohol,,,,,,,,,,,,,,affray,,,,immediate custody
69,,,,,,,,,,,lack of premeditation,,,,subordinate role gang,,,,,,,,,,,,,,,,,,good character,isolated incident,,,,,,genuine remorse,,early guilty plea,,affray,,,,
69,,,,premeditation,,,,,,,,,,,,,,against public worker,,,,,,,,,,previous violence,,,,,,,,,,,,,,early guilty plea,,affray,,,,immediate custody
69,,,,premeditation,,,,,,,,,,,,,,against public worker,,,,,,location,,,,previous violence,timing of the offence,,,,,,,,,,,,,,,affray,,,,immediate custody
69,,,,,,,use of weapon,,,,lack of premeditation,,,selfdefence,,,,,,,,,,,,,,,timing of the offence,under influence drugs/alcohol,addressing addiction,lack of maturity,,isolated incident,,,,,,genuine remorse,,early guilty plea,,affray,,,,
69,,,,,,,,,,,,,,,,,,,,,,,,,,,,,,,,,,,,,,,,,,,,affray,,,,immediate custody
69,,,,,,,,,,,,,,,subordinate role gang,,,,,,,,,,,,presence of others,previous violence,,,,,,,,,,,,,,,,affray,,,,
69,,,,,,,use of weapon,serious injury,,,,,,,,,,,,victim forced to leave home,,,,,,,,,,,,,,,,,,,,,,,,affray,,,,
69,,,,,,,use of weapon,,,,,,,,,,,,,,,,,location,,,,,timing of the offence,under influence drugs/alcohol,,,,,,,,no previous convictions,,,,,,affray,,,,
69,,,leading role gang,,,,,,,,,,,,,,,,,,,,,,,,,,,,,,,,,,,,,,,early guilty plea,,affray,,,,immediate custody
69,,,,,,,,serious injury,,,,,,,,,,,,victim forced to leave home,,failure to comply with court orders,,,,,,,,,,,,,,,,,,genuine remorse,,,,,,,common assault,
69,,,,,,,,,,,lack of premeditation,,,,,less serious injury,,,,,,,,location,,,,,,,,,,,lapse of time,,,,,genuine remorse,,,,,,,common assault,immediate custody
69,,,,,,,,,,personally vulnerable,lack of premeditation,,,,,,,against public worker,,,,,,,,,,,,,,,,,,,,,,genuine remorse,,early guilty plea,,,,,common assault,
69,,,,,,,,,,,,,,,,less serious injury,,,,,failure to respond to warnings,failure to comply with court orders,,,,,,,,,,,,,,,,,,,,,,,,,common assault,immediate custody
69,,,,,,vulnerable victim,,,,personally vulnerable,lack of premeditation,,,,,,abuse of trust,,,,,,,,,,,,,,,,,isolated incident,,,,no previous convictions,,genuine remorse,,early guilty plea,,,,,common assault,
69,,,,,,,,,,personally vulnerable,,,,,,less serious injury,,,,,,,,,,,,,,under influence drugs/alcohol,,,,,,,,,,,,,,,,,common assault,
69,,,,,,,use of weapon,serious injury,,,,,,,,,,,,,,,,location,on licence,,,,,,,,,isolated incident,,,,no previous convictions,,genuine remorse,,,,,,grievous bodily harm with intent,,immediate custody
69,,,,,,,use of weapon,serious injury,,,lack of premeditation,,,,,,,,,,,,,,,ongoing effect,,,,,,,,,,,,no previous convictions,,,,,,,,grievous bodily harm with intent,,immediate custody
69,,,,,,,use of weapon,,,,,,provocation,selfdefence,,,,,,,,,,,,,,previous violence,,,,,,,,,,,,,single blow,,,,,grievous bodily harm with intent,,immediate custody
69,,,,,,,use of weapon,,repeated assault,,,,,,,,,,,,,,,,,ongoing effect,,,,,,,,,,,,,,genuine remorse,,,,,,grievous bodily harm with intent,,immediate custody
69,,,,,,,,serious injury,,,,,provocation,,,,,,,,,,,,,,,,,,,,,,,,,,,,,,,,,grievous bodily harm with intent,,immediate custody
69,,,,,,,use of weapon,,,,lack of premeditation,,,,,less serious injury,,,,,,,,,,,,,,under influence drugs/alcohol,addressing addiction,,,isolated incident,,,,,,genuine remorse,,,,,,grievous bodily harm with intent,,immediate custody
69,,,,,,,use of weapon,,,,,,provocation,,,less serious injury,,,,,,,,,,,,,,,addressing addiction,lack of maturity,,isolated incident,,,,no previous convictions,,genuine remorse,single blow,early guilty plea,,,,grievous bodily harm with intent,,immediate custody
69,,,,premeditation,,,,serious injury,repeated assault,,,,,,,,,,,,,,,location,,ongoing effect,,,,under influence drugs/alcohol,,,,,,,,,,,,,,,grievous bodily harm,,,immediate custody
69,,,,,,,,,,,,,,,,,,,,,,,,,,,presence of others,,,under influence drugs/alcohol,,,,isolated incident,,,,,,genuine remorse,single blow,early guilty plea,,,grievous bodily harm,,,
69,,,,,,,,serious injury,,,lack of premeditation,,provocation,,,,,,,,,,,location,,,,,,,,,,,,,,,,,single blow,,,,grievous bodily harm,,,immediate custody
69,,,,,,,,serious injury,repeated assault,,,,,,subordinate role gang,,,,,,,,,location,,ongoing effect,,,timing of the offence,,,,good character,,,,,no previous convictions,,genuine remorse,,,,,grievous bodily harm,,,immediate custody
69,,,,,,,use of weapon,serious injury,,,,,provocation,,,,,,,,,,,location,,ongoing effect,,,,under influence drugs/alcohol,,,,,,,,,,,single blow,,,,grievous bodily harm,,,immediate custody
69,,,,,,,,,,,,,,,,less serious injury,,,,,,,,,,,,,,,,,,,,,,,,genuine remorse,single blow,early guilty plea,,,grievous bodily harm,,,
69,,,,,,,,serious injury,,,lack of premeditation,,,,,,,,,,,,,,,ongoing effect,,,,under influence drugs/alcohol,,,,,,,,,,,,,,,grievous bodily harm,,,immediate custody
69,,,,,,,,serious injury,,,lack of premeditation,,provocation,,,,,,,,,,,location,,ongoing effect,,,timing of the offence,,,,,,,,,,,genuine remorse,single blow,,,,grievous bodily harm,,,
69,,,,,,vulnerable victim,use of weapon,,repeated assault,,lack of premeditation,,,selfdefence,,,,,,,,,,,,,,,,,,,,,,,,,,,,,,,grievous bodily harm,,,immediate custody
69,,,,,,,use of weapon,,,,lack of premeditation,,,,,,,,,,,,,location,,ongoing effect,presence of others,,,under influence drugs/alcohol,,,,,,,,no previous convictions,,,single blow,,,,grievous bodily harm,,,immediate custody
69,,,,,,,,,repeated assault,personally vulnerable,lack of premeditation,,,,,,,,,,,,,location,,,,,timing of the offence,under influence drugs/alcohol,,,,,,,,no previous convictions,,genuine remorse,,,,,grievous bodily harm,,,immediate custody
69,,,,,,,,serious injury,,,lack of premeditation,,provocation,,,,,,,,,,,location,,,presence of others,,,,,,,,,,,,,genuine remorse,single blow,,,,grievous bodily harm,,,
69,,,,,,,,serious injury,,,lack of premeditation,mental disorder (related to the offence),,,,,,,,,,,,,,,,,,under influence drugs/alcohol,,,,,,,,,,,,,,,grievous bodily harm,,,
69,,,,,,,,,,,,,provocation,,,less serious injury,,,,,,,,location,,,,,,,,,,isolated incident,,,,no previous convictions,,genuine remorse,single blow,,,,grievous bodily harm,,,
69,,,,,,,,serious injury,,,,,,,,,,,,,,,,location,,,,,,,,,,,,,,,,,single blow,,,,grievous bodily harm,,,immediate custody
69,,,,premeditation,,,,,repeated assault,personally vulnerable,,,,,,,,,,,failure to respond to warnings,,,,,ongoing effect,,,,,,,,,,,,,,,,,,,grievous bodily harm,,,immediate custody
69,,,,,,,use of weapon,,,,,,provocation,,,less serious injury,,,,,,,,location,,ongoing effect,presence of others,,,,,,,,,,,,,,,early guilty plea,,,grievous bodily harm,,,immediate custody
69,,intent more harm,,,,,,serious injury,,,,,,,,,,,,,,,,,,,,,,,,,,,,,,,,,,early guilty plea,,,grievous bodily harm,,,immediate custody
69,,,,,,,,serious injury,,,lack of premeditation,,,,,,,,,,,,,location,,,presence of others,,,under influence drugs/alcohol,,,,isolated incident,,,,,,,single blow,,,,grievous bodily harm,,,immediate custody
69,deliberate harm,,leading role gang,,,,,serious injury,repeated assault,,,,,,,,,,,,,,,,,,,,,,,,,,,,,,,,,,,,grievous bodily harm,,,immediate custody
69,,,,,,,use of weapon,,,,lack of premeditation,,provocation,,,,,,,,,,,,,,,,,,,,good character,isolated incident,,,,no previous convictions,primary carer,,,,,,grievous bodily harm,,,
69,,,,,,,use of weapon,serious injury,,,,,,,,,,,,,,,,,,,,previous violence,,under influence drugs/alcohol,,,,,,,,,,,,early guilty plea,,,grievous bodily harm,,,immediate custody
22,,,leading role gang,,,,,,,,,,,,,,,,,,,,,location,,ongoing effect,,,,,,lack of maturity,,,,,,,,,,early guilty plea,,affray,,,,immediate custody
22,,,,,,,use of weapon,,,,lack of premeditation,,,,,,,,,,,,,,,,,,,,addressing addiction,,,,,,,no previous convictions,,genuine remorse,,,,affray,,,,
22,,,,,,,,,,,,,,,subordinate role gang,,,,,,,,,,,,,,,,,,,,,,,,,,,,,affray,,,,
22,,,,premeditation,,,use of weapon,serious injury,,,,,,,,,,,,,,,,,,,,,,,,,,,,,,,,,,,,affray,,,,immediate custody
22,,,,,,,,,,,,,,,,,,,,,,,,,,,,,,,,,,,,,,,,,,,,affray,,,,immediate custody
22,,,,,,,,,,,,,,,,,,,,,,,,,,,,,,,,,,,,,,,,,,,,affray,,,,
22,,,,,,,,,,,,,,,,,,,,,,,,,,,,,,,,,,,,,,,,,,,,affray,,,,
22,,,,,,,,,,,,,,,,less serious injury,,,,,,,,,,,,,,,,,,,,,,,,,,early guilty plea,,affray,,,,
22,,,,,,vulnerable victim,,serious injury,,personally vulnerable,,,,,,,,,,,,,,location,,ongoing effect,,,timing of the offence,under influence drugs/alcohol,,,good character,,,,,,,genuine remorse,,,,affray,,,,immediate custody
22,,,,,,,,,,,,,provocation,,,,,,,,,,,,,,,,,,,,,,,,,,,,,,,affray,,,,
22,,,,,,,,,,,,,,,,,,,,,,,,,,,,,,,,,,,,,,,,,,,,affray,,,,immediate custody
22,,,,,,,,,,,,mental disorder (related to the offence),,,,,,against public worker,,,,,,,,,,,,,,,good character,,,,mental disability (general),,,genuine remorse,,early guilty plea,,affray,,,,
22,,,,,,,,,,,,,,,,,,,,,,,,,,,,,,under influence drugs/alcohol,,,,,,,,,,,,,,affray,,,,
22,,,,,,,,,,,,,,,,,,,,,,,,,,,,,,,,,,,,,,,,,,,,,,,,
22,,,,,,,,,,,,,,,,,,,,,,,,,,,,,,,,,,,,,,,,,,,,,,,,
22,,,,,,,,,,,lack of premeditation,,,,,less serious injury,,,,,,,,location,,,,,,,,,,,,,,no previous convictions,,,,,,,,,,
22,,,,,,,,,,,,,provocation,,,less serious injury,,,,,,,,,,,,,,,addressing addiction,,,,,,,,,,,early guilty plea,,,,,,
22,,,,,,,,serious injury,,,,,provocation,,,,,,,,,,,location,,,,,,under influence drugs/alcohol,,,,,,,,,,,,,,,grievous bodily harm,,,immediate custody
22,,,,,,,use of weapon,,,,lack of premeditation,,,,,,,,,,,,,,,,presence of others,,,under influence drugs/alcohol,,,,isolated incident,,,,,,genuine remorse,single blow,early guilty plea,,,grievous bodily harm,,,immediate custody
22,,,,,,,use of weapon,serious injury,,,,,,,,,,,,,,,,,,ongoing effect,,,,,,lack of maturity,good character,isolated incident,,,,no previous convictions,,genuine remorse,,early guilty plea,,,grievous bodily harm,,,
22,,,,,,,,serious injury,,,,mental disorder (related to the offence),,,,,,,,,,,,,,,,,,,,,,,,,,no previous convictions,,genuine remorse,,early guilty plea,,,grievous bodily harm,,,immediate custody
22,,,,,,,,serious injury,,,lack of premeditation,,,,,,,,,,,,,,,,,,,,,,,,,,,,,,single blow,,,,grievous bodily harm,,,
22,,,,,,,use of weapon,,,,,,,,,,,,,,,failure to comply with court orders,,location,on licence,ongoing effect,,,timing of the offence,,,,,,,,,,,,,,,,,grievous bodily harm with intent,,immediate custody
22,,,,,,,,,,,,,,,,,,,,,,failure to comply with court orders,,location,on licence,,,,timing of the offence,,,,,,,,,,,,,,,,,grievous bodily harm with intent,,immediate custody
22,,,,,,,,,,,,,,,,,,,,,,failure to comply with court orders,,location,on licence,,,,timing of the offence,,,,,,,,,,,,,,,,,grievous bodily harm with intent,,immediate custody
22,,,,,,,,serious injury,repeated assault,,,,,,,,,,,,,failure to comply with court orders,,location,,ongoing effect,,,,under influence drugs/alcohol,,lack of maturity,,,,,mental disability (general),,,,,,,,,grievous bodily harm with intent,,immediate custody
22,,,,,,,use of weapon,,repeated assault,,,,,,,,,,,,,failure to comply with court orders,,location,on licence,ongoing effect,,,timing of the offence,,,,,,,,,,,,,,,,,grievous bodily harm with intent,,immediate custody
22,,,,,,,,,,,lack of premeditation,,,,,less serious injury,,,,,,,,,,,,previous violence,,under influence drugs/alcohol,,,,,,,,,,,,early guilty plea,,,,,common assault,
23,,,,,,,use of weapon,serious injury,repeated assault,personally vulnerable,,,,,,,,,,,,failure to comply with court orders,,,,,,,,,,,,,,,,no previous convictions,,,,early guilty plea,,,,,,immediate custody
23,,,,,,,,,,,,,,,,,,,,,,,,,,,,,,,,,good character,,,,,,,genuine remorse,single blow,,,,,,,
23,,,,,,,,,,,,,,,,,,,,,,,,,,,,,,,,,,,,,,no previous convictions,,,single blow,,,,,,,
23,,,,,,,,,,,,,provocation,selfdefence,,,,,,,,,,,,,,,,,,,good character,,,,,no previous convictions,,genuine remorse,,,,,,,,
23,,,,,,,,,repeated assault,,,,,,,,,,,,,,,,,,,,,,,,,,,,,,,,,,,,,,,immediate custody
23,,,,premeditation,,,use of weapon,,repeated assault,,,,,,,,,,,,,,,,,,,,,,,,,,,,,,,,,,,,,,,
23,,,,,,,use of weapon,,,,,,,,,less serious injury,,,,,,failure to comply with court orders,,location,,ongoing effect,,,timing of the offence,,,,,,,,,,,genuine remorse,,,,,,,,immediate custody
23,,,,,,,use of weapon,,,,,,,,,,,,,,,failure to comply with court orders,,location,,ongoing effect,,,,,,lack of maturity,,,,,mental disability (general),,,genuine remorse,,,,,,,,
23,,,,,,,,,,,lack of premeditation,,,,,less serious injury,,,,,,,,,,,,,,,,,,,,,,,,,,,,,,,,
23,,,,,,,,,,,,,,,,less serious injury,,,,,,,,,,,,,,,,,,,lapse of time,,,,,,,,,,,,,
23,,,,,,,,,,,,,,,,,,,,,,,,,,,,,,,,,,,,,,,,,,,,,,,,immediate custody
23,,,,,,vulnerable victim,,,,personally vulnerable,,,,,,,abuse of trust,,,,,,,,,,presence of others,,,,,,,,,,,,,,,,,,,,,
23,,,,premeditation,,,,serious injury,,,,,,,,,,,,,failure to respond to warnings,failure to comply with court orders,,location,,,presence of others,,,under influence drugs/alcohol,,,,,,,,,,,,,,,,,,immediate custody
23,,,leading role gang,,,,use of weapon,,,,,,,,,less serious injury,,,,,,failure to comply with court orders,,location,,,presence of others,,timing of the offence,,,,,,,,,,,,,,,,,,,immediate custody
23,,,,,,,,,,,,,,,,less serious injury,,,,,,,,,,,,,,,,,,,lapse of time,,,,,,,,,,,,,
23,,,,,,,,,,,,,,,,less serious injury,,,on bail,,,,,,,,,,,,,lack of maturity,,isolated incident,,,,no previous convictions,,genuine remorse,single blow,early guilty plea,,,,,,
23,,,,,,,,,,,,,,,,less serious injury,,,,,,failure to comply with court orders,,,,,,previous violence,,under influence drugs/alcohol,,,,,,,,,,,single blow,early guilty plea,,,,,,immediate custody
23,,,,,,,,serious injury,repeated assault,,,,,,,,,,,,,,,,,,,,,,,lack of maturity,,,lapse of time,,,,,,,,,,,,,
23,,,,,,,,,,,,,,,,less serious injury,,,,,,,,location,,,presence of others,,,,addressing addiction,lack of maturity,,,,,,,,,,early guilty plea,,,,,,
23,,,,,,,,,,,,,,,,,,,,,,,,,,,,,,,,,,,,,,,,,,,,affray,,,,immediate custody
23,,,,,,,,,,,,,,,,,,,,,,,,,,,,,,,,,,,,,,,,,,,,affray,,,,immediate custody
23,,,,,,,use of weapon,serious injury,,,,mental disorder (related to the offence),,,,,,against public worker,,,,,,,,,presence of others,,,under influence drugs/alcohol,addressing addiction,,,,,medical condition,,,,genuine remorse,,early guilty plea,,affray,,,,immediate custody
23,,,,,,,,,,,,,,,,,,,,,,,,,,,,,,,,,,,,,,,,,,,,affray,,,,immediate custody
23,,,,,,,,,,,,,,,,,,,,,,,,,,,,,,,,,good character,,,medical condition,mental disability (general),no previous convictions,,,,,,affray,,,,
23,,,,,,,,,,,,,,,,,,,,,,,gratuitous degradation,,,,,,,under influence drugs/alcohol,,,,,,,,,,,,,,affray,,,,
23,,,leading role gang,,,,,,,,lack of premeditation,,,,,,,,,,,,,,,,,,,,,,,,,,,,,,,,,affray,,,,
23,,,,,,,,,,,,,,,,,,,,,,,,,,,,,,,,,,,,,,,,,,,,affray,,,,immediate custody
23,,,,,,,,,,,lack of premeditation,,,selfdefence,,less serious injury,,,,,,,,,,,,,,,,,,isolated incident,,,,,,,single blow,,,affray,,,,
23,,,,,,,use of weapon,,,personally vulnerable,,,,,,,,,,,,,,,,,,,,under influence drugs/alcohol,,,,,,,,,,,,early guilty plea,,affray,,,,
23,,,,,,,use of weapon,,,personally vulnerable,,,,,,,,,,,,,,,,,,,,under influence drugs/alcohol,,,,,,,,,,,,early guilty plea,,affray,,,,
23,,,,,,,,,,,,,,,,,,,,,,,,,,,,,,,,,,,,,,,,genuine remorse,,early guilty plea,,affray,,,,immediate custody
23,,,,,,,,,repeated assault,personally vulnerable,,,,,,,,,,,,,,location,,ongoing effect,,,timing of the offence,,,,,,,,,,,genuine remorse,,early guilty plea,,,,,common assault,
23,,,,,,,,,,,,,,,,,,,,,,failure to comply with court orders,,location,,ongoing effect,,,,under influence drugs/alcohol,addressing addiction,,,,,medical condition,,,,genuine remorse,,,,,,,common assault,
23,,,,,,,,,,,,,,,,,,,,,,,,,,,,,,,,,,,,,,,,,,,,,,,common assault,immediate custody
23,,,,,,,,,,,,,,selfdefence,,,,,,,,,,,,,presence of others,,,,,,,,,,,,,,,,,,,,common assault,
23,,,,,,,use of weapon,,,,,,provocation,,,less serious injury,,,,,,,,location,,,,,,,addressing addiction,,,,,,,,,genuine remorse,single blow,early guilty plea,,,,,common assault,
23,,intent more harm,,,,,use of weapon,,,,,,,,,,,,,,,,,,,,,,,,,lack of maturity,,,,,,,,genuine remorse,,early guilty plea,,,,grievous bodily harm with intent,,immediate custody
23,,intent more harm,leading role gang,,,vulnerable victim,use of weapon,serious injury,,,,mental disorder (related to the offence),,,,,,,,,,,,,,ongoing effect,,,,under influence drugs/alcohol,,,,,,,mental disability (general),,,,,,,,,grievous bodily harm with intent,,immediate custody
23,,,,,,,,,,,,,,,,,,,,,,,,,,,,,,,,,good character,,,,,,,,single blow,,,,,grievous bodily harm with intent,,immediate custody
23,,,,,,,use of weapon,serious injury,,,,,,,,,,,,,,,,,,,,,,,,,,,,,,,,,,,,,,grievous bodily harm with intent,,immediate custody
23,,,,,,,,serious injury,,,lack of premeditation,,,,,,,,,,,,,,,,,,,,,,,isolated incident,,,,no previous convictions,,genuine remorse,single blow,,,,grievous bodily harm,,,
23,,,,,,,,,,,,,,,,,,,,,,,,,,,,,,,,,,,,,,,,genuine remorse,single blow,,,,grievous bodily harm,,,immediate custody
23,,,,,,,use of weapon,serious injury,,,,,,,,,,,,,,,,,,,,previous violence,,,,,,,,,,,,,single blow,,,,grievous bodily harm,,,immediate custody
23,,,,premeditation,,,use of weapon,,repeated assault,,,,,,,,,,,,,,,,,,,,,,,lack of maturity,,,,,,,,genuine remorse,,,,,,grievous bodily harm with intent,,immediate custody
23,deliberate harm,,,,,,use of weapon,,,,,,,,,,,,,,,,,,,,,,,,,lack of maturity,,,,,,,,genuine remorse,,early guilty plea,,,,grievous bodily harm with intent,,immediate custody
23,,,,,,,,,,,lack of premeditation,,,,subordinate role gang,,,,,,,,,,,,,,,,,,,,,,,,,,,,,,grievous bodily harm,,,immediate custody
23,,,,,,,use of weapon,,,,,,,,,,,,,,,,,location,,,,,,,,,,,,,,,,genuine remorse,,,,,grievous bodily harm,,,immediate custody
23,,,,,,,,,,,lack of premeditation,,,,,,,,,,,,,,,,,,,,,,,isolated incident,,,mental disability (general),no previous convictions,,genuine remorse,single blow,,,,grievous bodily harm,,,
23,,,,premeditation,,,,serious injury,,,,,,,,,,,,,,,,,,ongoing effect,,,timing of the offence,under influence drugs/alcohol,,,,,,,,,,genuine remorse,single blow,early guilty plea,,,grievous bodily harm,,,immediate custody
23,,,,,,,,,,,,,,,,less serious injury,,,,,,,,,,,,,,,,,,,,,,,,,,,,,grievous bodily harm,,,immediate custody
23,,,,,,,use of weapon,,,,lack of premeditation,,,selfdefence,,less serious injury,,,,,,,,,,,,,,,,,good character,isolated incident,,,,no previous convictions,primary carer,genuine remorse,,,,,grievous bodily harm,,,
24,,intent more harm,leading role gang,,,,,,,,,,,,,,,,,,,,,,,,,,,under influence drugs/alcohol,,lack of maturity,,,,,,,,,,early guilty plea,,,,,,immediate custody
24,,intent more harm,leading role gang,,,,,,,,,,,,,,,,,,,,,,,,,,,under influence drugs/alcohol,,lack of maturity,,,,,,no previous convictions,,,,early guilty plea,,,,,,immediate custody
24,,,,,,,,,,,lack of premeditation,,,,,,,,,,,,,,,,,,,,,,,,,,,,,,,,,,,,,immediate custody
24,,,,,,,use of weapon,,,,,,,,,less serious injury,,,,,,,,,,,,,,,,,,,,,,,,,single blow,,,,,grievous bodily harm with intent,,immediate custody
25,,,,,,,use of weapon,,,,,mental disorder (related to the offence),,,,less serious injury,,,,,,,,,,,,,,,,,,,,,mental disability (general),no previous convictions,,genuine remorse,single blow,early guilty plea,,,,,,immediate custody
25,deliberate harm,,,,,,,,,,lack of premeditation,,,,,,,,,,,,,location,,,,,timing of the offence,under influence drugs/alcohol,,lack of maturity,,,,,,no previous convictions,,,single blow,early guilty plea,,,,,,
25,deliberate harm,,,premeditation,,,,,repeated assault,,,,,,subordinate role gang,,,,,,,,,location,,,,,timing of the offence,,,,,,,,,,,,,,,,,,,immediate custody
25,,,,,,,use of weapon,,,,,,,,,less serious injury,,,,,,,,,,,,,,,,,,,,,,,,,,early guilty plea,,,,,,immediate custody
25,deliberate harm,intent more harm,leading role gang,,,vulnerable victim,,serious injury,repeated assault,,,,,,,,,,,,,,,location,,,,,timing of the offence,under influence drugs/alcohol,,,,isolated incident,,,,no previous convictions,,genuine remorse,,,,,,,,immediate custody
25,deliberate harm,,,premeditation,,,use of weapon,,repeated assault,personally vulnerable,,,,,subordinate role gang,,,,,,,,,location,,,,,,under influence drugs/alcohol,,,,isolated incident,,,,no previous convictions,,,,,,,,,,immediate custody
25,,,,,,,use of weapon,,repeated assault,,,mental disorder (related to the offence),provocation,,,,,,,,,,,,,,,,,,addressing addiction,,,,,,,no previous convictions,,genuine remorse,,early guilty plea,,,,,,
25,,,,,,,use of weapon,,repeated assault,,,,,,,,,,,,,,,location,,,,,,,,lack of maturity,,,,,,,,,,early guilty plea,,,,,,immediate custody
25,deliberate harm,,,premeditation,,,,,repeated assault,,,,,,,,,,on bail,,,,gratuitous degradation,,,,,,,,,,good character,isolated incident,,,,no previous convictions,,genuine remorse,,early guilty plea,,,,,,
25,,,,,,,,,,,lack of premeditation,,,,,,,,,,,,,location,,,presence of others,,timing of the offence,,,,,,,,,,,,single blow,early guilty plea,,,,,,
25,,,,,,,,,,,,,,,,,,,,,,,,,,,,,,,,,,,lapse of time,,,no previous convictions,,,,,,,,,,
25,,,,,,vulnerable victim,use of weapon,,,,,,,,,,,,,,,,,location,,,,,timing of the offence,under influence drugs/alcohol,,,good character,,,,,no previous convictions,,genuine remorse,,early guilty plea,,,,,,
25,,,,,,vulnerable victim,use of weapon,,,,,,,,,,,,,,,,,,,,presence of others,,,,,,,,,,,no previous convictions,,,,,,,,,,immediate custody
25,deliberate harm,,,,,,use of weapon,serious injury,repeated assault,,,,,,,,,,,,,,,,,,,,,,,,,,,,,,,,,,,,,,,immediate custody
25,,,,,,,,,,,,,,,,less serious injury,,,,,,,,,,,,,,,,lack of maturity,good character,,,,,no previous convictions,,genuine remorse,,early guilty plea,,,,,,
25,,,,,,,,,,,,,,,,less serious injury,,,,,,,,,,,,,,,,lack of maturity,,,,,,,,genuine remorse,,,,,,,,
25,,,,,,,,,,,,,,,,less serious injury,,,,,,,,,,,,,,,,lack of maturity,good character,isolated incident,,,,no previous convictions,,genuine remorse,,early guilty plea,,,,,,
25,,,,,,,use of weapon,serious injury,,,,,,,,,,,,,,,,,,,,previous violence,,,,,,,,,,,,,,,,,,,,immediate custody
25,,,,,,,,,,,,,,,,less serious injury,,,,,,,,,,,,,,under influence drugs/alcohol,,,,,,,,,,,,early guilty plea,,,,,,
25,,,,,,,,,,,,,,,subordinate role gang,less serious injury,,,,,,,,,,,,,,,,lack of maturity,good character,,,,,no previous convictions,,genuine remorse,,,,,,,,
25,,,,,,vulnerable victim,,,,,,,,,,,,,,,,,,,,,,,,,,,,,,,mental disability (general),,,genuine remorse,,,,,,,,
25,,,,,,,use of weapon,serious injury,,,,,provocation,,,less serious injury,,,,,,,,,,,,,,,,,good character,isolated incident,,,,no previous convictions,,genuine remorse,,,,affray,,,,
25,,,,,,,,,,,,,,,,less serious injury,,,,,,,,,,,,,,,,,,,,,,,,,,,,affray,,,,
25,,,,,,,,,,,,,,,,less serious injury,,,,,,,,,,,,,,,,,,,,,,,,,,,,affray,,,,
25,,,,,,,,,,,,,,,,less serious injury,,,,,,,,,,,,,,,,,,,,,,,,,,,,affray,,,,
25,,,,,,,,,,,,,,,,less serious injury,,,,,,,,,,,presence of others,,,under influence drugs/alcohol,addressing addiction,,,,,,,,,,,early guilty plea,,affray,,,,
25,,,,,,,,,,,,,,,,less serious injury,,,,,,,,,,,,,,,,,,,,,,,,,,,,affray,,,,
25,,,,,,,,,,,,,,,,less serious injury,,,,,,,,,,,presence of others,,,under influence drugs/alcohol,addressing addiction,lack of maturity,,,,,,,,,,early guilty plea,,affray,,,,
25,,,,,,,,,,personally vulnerable,,mental disorder (related to the offence),,,,,,,,,,failure to comply with court orders,,,,,,previous violence,,,,lack of maturity,,,,,mental disability (general),,,,,early guilty plea,,affray,,,,immediate custody
25,,,,,,,use of weapon,,,,,,,,,less serious injury,,,,,,,,,,,,,,under influence drugs/alcohol,addressing addiction,lack of maturity,,isolated incident,,medical condition,,no previous convictions,,,,early guilty plea,,affray,,,,
25,deliberate harm,,,,,,,serious injury,repeated assault,,lack of premeditation,,,,subordinate role gang,,,,,,,,,,,,presence of others,,,under influence drugs/alcohol,,lack of maturity,,,,,,,,,,early guilty plea,,affray,,,,immediate custody
25,deliberate harm,intent more harm,,,,,,,,,,,,,,,,,,,,,,,,,,,,under influence drugs/alcohol,addressing addiction,,,,,,,,,,,,,affray,,,,
25,,,leading role gang,,,,,,,,,,,,,less serious injury,,,,,,,,,,,presence of others,,,under influence drugs/alcohol,addressing addiction,,,,,,,,,genuine remorse,,,,affray,,,,
25,deliberate harm,,,,,,use of weapon,,,,,,,,,less serious injury,,,,,,,,,,,,,,under influence drugs/alcohol,addressing addiction,,,,,,,,,genuine remorse,,,,,,grievous bodily harm with intent,,immediate custody
25,,,,,,,,,,,,,,,,,,,,,,,,,,ongoing effect,presence of others,,,,,,good character,isolated incident,,,,no previous convictions,,genuine remorse,single blow,early guilty plea,,,grievous bodily harm,,,
25,,,,,,,,,,,,,,,,,,,,,,,,,,,,,,under influence drugs/alcohol,,,good character,isolated incident,,,,no previous convictions,,genuine remorse,,early guilty plea,,,grievous bodily harm,,,
25,deliberate harm,,leading role gang,,,vulnerable victim,use of weapon,,repeated assault,,,,,,,less serious injury,,,,,,,,,,,presence of others,,,,,,,,,,,,,,,,,,grievous bodily harm,,,immediate custody
25,,,leading role gang,,,,use of weapon,serious injury,,,lack of premeditation,,,,,,,,,,,,,location,,ongoing effect,presence of others,,,under influence drugs/alcohol,,,good character,,,,,,,genuine remorse,single blow,,,,grievous bodily harm,,,immediate custody
25,,,,,,,use of weapon,,,,,,,,,less serious injury,,,,,,,,,,,,,,,,,good character,,,,,no previous convictions,,,,early guilty plea,,,grievous bodily harm,,,immediate custody
25,,,,,,,use of weapon,,,,,,,,,,,,,,,,,,,,presence of others,,,,,,,,,,,,,,,early guilty plea,,,grievous bodily harm,,,immediate custody
25,,,,,,,,serious injury,,,lack of premeditation,,,,,,,,,,,,,location,,ongoing effect,presence of others,,,,,,good character,isolated incident,,,,no previous convictions,,genuine remorse,single blow,early guilty plea,,,grievous bodily harm,,,immediate custody
25,,,,,,,use of weapon,,,,,,provocation,selfdefence,,less serious injury,,,,,,,,,,,,,,,,lack of maturity,good character,isolated incident,,,,no previous convictions,,genuine remorse,single blow,,,,grievous bodily harm,,,
25,deliberate harm,,,,,,,serious injury,,,,,,,,,,,,,,,,,,,,,,,,,,,,,,,,,,,,,grievous bodily harm,,,immediate custody
25,,,,,,,use of weapon,,,,lack of premeditation,,provocation,,,less serious injury,,,,,,,,,,,,,,,,,,,,,,no previous convictions,,genuine remorse,single blow,,,,grievous bodily harm,,,
25,deliberate harm,,leading role gang,,,vulnerable victim,use of weapon,,repeated assault,,,,,,,less serious injury,,,,,,,,,,,presence of others,,,,,,,,,,,,,,,,,,grievous bodily harm,,,immediate custody
25,,,,,,,,serious injury,repeated assault,,lack of premeditation,,provocation,selfdefence,,,,,,,,failure to comply with court orders,,,,,,,,,,,,isolated incident,,,,,,,,early guilty plea,,,grievous bodily harm,,,immediate custody
25,,,,,,,,,,,,,,,,,,,,,,,,,,ongoing effect,presence of others,,timing of the offence,under influence drugs/alcohol,,,,,,,,,,,,,violent disorder,,,,,immediate custody
25,,,,,,,,,,,,,,,,,,,,,,,,,,ongoing effect,presence of others,,timing of the offence,under influence drugs/alcohol,,,,,,,,,,,,,violent disorder,,,,,immediate custody
25,deliberate harm,,,,,,use of weapon,,,,,,,,,,,,,,,,,location,,,,,timing of the offence,under influence drugs/alcohol,,,,,,,,,,,,early guilty plea,violent disorder,,,,,immediate custody
25,deliberate harm,,,,,,,,repeated assault,,lack of premeditation,,,,,,,,,,,,,location,,,presence of others,,timing of the offence,,,,,,,,,,,,,early guilty plea,violent disorder,,,,,immediate custody
25,,,,,,,,,,,,,,,,,,,,,,,,,,,,,,,,,,,,,,,,,,early guilty plea,violent disorder,,,,,
25,,,,,,,,,,,,,,,,,,,,,,,,,,ongoing effect,presence of others,,timing of the offence,under influence drugs/alcohol,,,,,,,,,,,,,violent disorder,,,,,immediate custody
25,,,,,,,,,,,,,,,,,,,,,,,,,,ongoing effect,presence of others,,timing of the offence,under influence drugs/alcohol,,,,,,,,,,,,,violent disorder,,,,,immediate custody
25,,,,,,,,,,,,,,,,,,,,,,,,,,,,,,,,,,,,,,,,,,early guilty plea,violent disorder,,,,,
25,,,,,,,,,,,,,,,,,,,,,,,,,,ongoing effect,presence of others,,timing of the offence,under influence drugs/alcohol,,,,,,,,,,,,,violent disorder,,,,,immediate custody
29,,,leading role gang,,,,use of weapon,serious injury,repeated assault,,,,,,,,,,,,,,,,,,,,,,,,good character,,,,,,primary carer,,,,,,,,,
29,,,,,,,use of weapon,serious injury,repeated assault,,,,,,,,,,,,,,,,,,,,,,,,good character,,,,,,primary carer,,,,,,,,,
29,,,,,,vulnerable victim,,,repeated assault,personally vulnerable,,,,,,,,,,,,,gratuitous degradation,location,,,,,timing of the offence,under influence drugs/alcohol,,,,,,,,,,,,,,,,,,immediate custody
29,,,,,,vulnerable victim,,,repeated assault,personally vulnerable,,,,,,,,,,,,,,,,,,,,,,,,,,,,,,,,,,,,,,immediate custody
29,,,,,,,use of weapon,,,,,,,,,less serious injury,,,,,,,,location,,,,,,,,,,isolated incident,,,,,,,,early guilty plea,,,,,,
29,,,,premeditation,,,use of weapon,,,,,,,,,less serious injury,,,,,,,,location,,,,,,under influence drugs/alcohol,,,,,,,,,,,,early guilty plea,,,,,,immediate custody
29,,,,,,vulnerable victim,,,repeated assault,personally vulnerable,,,,,,,,,,,,failure to comply with court orders,gratuitous degradation,location,,,,,,under influence drugs/alcohol,,,,,,,,,,,,early guilty plea,,,,,,immediate custody
29,,,,,,,,,,personally vulnerable,lack of premeditation,,,,,,,,,,,,,,,,,,,under influence drugs/alcohol,,,,,,,,,,,,,,,,,,
29,,,,,,,,,repeated assault,,lack of premeditation,,,,,less serious injury,,against public worker,,,,,,location,,,presence of others,previous violence,,under influence drugs/alcohol,,,,,,,,,,,,early guilty plea,,,,,,immediate custody
29,,,,,,,use of weapon,,repeated assault,,lack of premeditation,,,,,,,,,,,failure to comply with court orders,,,,,,,,under influence drugs/alcohol,addressing addiction,,,,,,,,,,,early guilty plea,,,,,,
29,,,,,,,use of weapon,,,,,,,,,less serious injury,,,,,,,,,,,,,,under influence drugs/alcohol,,,good character,,,,,,primary carer,,single blow,,,,grievous bodily harm,,,
29,,,,,,,use of weapon,,,,lack of premeditation,,,,,less serious injury,,,,,,,,,,,,,,,,,,,,,,,,,single blow,,,,grievous bodily harm,,,immediate custody
29,,,,,,,use of weapon,serious injury,,,lack of premeditation,,provocation,,,,,,,,,,,,,,presence of others,,,under influence drugs/alcohol,,,good character,isolated incident,,,,no previous convictions,,genuine remorse,single blow,early guilty plea,,,grievous bodily harm,,,
29,,,,,,,use of weapon,,,,lack of premeditation,,,selfdefence,,less serious injury,,,,,,,,,,,,,,,,,,isolated incident,,,,,,,single blow,,,,grievous bodily harm,,,immediate custody
29,,,,,,,,serious injury,,,,,,,,,,,,,,,,location,,ongoing effect,presence of others,,timing of the offence,under influence drugs/alcohol,,,good character,isolated incident,,,,no previous convictions,,genuine remorse,single blow,,,,grievous bodily harm,,,
29,,,,,,,use of weapon,,,,lack of premeditation,,,selfdefence,,less serious injury,,,,,,,,,,,presence of others,,,under influence drugs/alcohol,,,,isolated incident,,,,,,genuine remorse,single blow,early guilty plea,,,,grievous bodily harm with intent,,immediate custody
29,deliberate harm,,,,,,use of weapon,serious injury,repeated assault,,,,,,,,,,,,,,,,,,,,,under influence drugs/alcohol,,,,,,,,no previous convictions,primary carer,,,early guilty plea,,,,,common assault,
29,,,,,,,,,,,lack of premeditation,,,,,less serious injury,,,,,,failure to comply with court orders,,,,ongoing effect,,previous violence,,,,,,,,,,,,genuine remorse,single blow,early guilty plea,,,,,common assault,
31,,,,,,vulnerable victim,,,,,,,provocation,,,,,,,,,,,,,,,,,,,,,,,,,,,,,,,,,,,
31,,,,,,,,,,,,,,,,less serious injury,,against public worker,on bail,,failure to respond to warnings,,,,,,,previous violence,,under influence drugs/alcohol,,,,,,,,,,,,,,,,,,
31,,,,,,vulnerable victim,,serious injury,,personally vulnerable,,,,,,,,,,,,,,location,,,,,,,,,good character,,,,,no previous convictions,,genuine remorse,,early guilty plea,,,,,,immediate custody
31,,,,,,,,,,,,,,,,,,,,,,,,,,,,,,under influence drugs/alcohol,,,,,,,,,,genuine remorse,,,,,,,,
31,,,,,,,,serious injury,repeated assault,,lack of premeditation,,,,,,,,,,,,,location,,,presence of others,,,,,,good character,,,,,,,,,early guilty plea,,,,,,
31,,,leading role gang,,,,use of weapon,,,,,,,,,,,,,,,,,location,,,,,timing of the offence,under influence drugs/alcohol,,,,,,,,no previous convictions,,,,early guilty plea,,,,,,
31,,,,,,vulnerable victim,use of weapon,,repeated assault,personally vulnerable,,,,,,,,,,,,,,,,,,,,,,,,,,,,,,,,,,,,,,immediate custody
31,,,leading role gang,,,,use of weapon,,,,,,,,,,,,,,,,,location,on licence,,,,timing of the offence,under influence drugs/alcohol,,,,,,,,no previous convictions,,,,early guilty plea,,,,,,
31,,,,,,,use of weapon,,,,,mental disorder (related to the offence),,,,less serious injury,,,,,,,,,,,,,,under influence drugs/alcohol,,,,,,,,,,genuine remorse,,early guilty plea,,,,,,
31,deliberate harm,,,,,,,,,,,,,,,less serious injury,,,,,,,,,,,presence of others,previous violence,,under influence drugs/alcohol,addressing addiction,,,,,,,,,genuine remorse,,,,,,,,immediate custody
31,,,,,,,,,repeated assault,,,,,,subordinate role gang,,,,,,failure to respond to warnings,failure to comply with court orders,,location,,,,previous violence,,under influence drugs/alcohol,,,,,,,,,,,,,,affray,,,,
31,,,,,,,,,,,,,,,,,,against public worker,,,,,,location,,,presence of others,,timing of the offence,,,,good character,,,,,no previous convictions,,genuine remorse,,,,affray,,,,
31,,,leading role gang,,,,,,repeated assault,,,,,,,,,,,,,,,location,,,,,,under influence drugs/alcohol,,,good character,,,,,no previous convictions,,genuine remorse,,,,affray,,,,
31,,,,,,,use of weapon,,,,,,,,subordinate role gang,,,,,,,,,,,,,,,under influence drugs/alcohol,addressing addiction,,,,,,,,,genuine remorse,,early guilty plea,,affray,,,,
31,,,leading role gang,,,,,,repeated assault,,,,,,,,,,,,,,,location,,,,,,under influence drugs/alcohol,,,,,,,,no previous convictions,,genuine remorse,,,,affray,,,,
31,,,leading role gang,,,,use of weapon,serious injury,,,,,,,,,,against public worker,,,,,,location,,,presence of others,,,,,,,,,,mental disability (general),no previous convictions,,,,,,affray,,,,immediate custody
31,,,,,,,,,repeated assault,,,,,,,less serious injury,,,,,,failure to comply with court orders,,,,,,,,,,lack of maturity,,,,,,,,,,,,,,,common assault,immediate custody
31,,,leading role gang,,against race/religion,,,,,,,,,,,,,,,,,,,,,,,,,,,lack of maturity,,,,,,,,,,,,,,grievous bodily harm with intent,,immediate custody
31,,,,,,,,,,,,,,,,,,,,,,,,,,,,,,,,,,,,,,,,,,,,,,grievous bodily harm with intent,,immediate custody
31,,,,,,,use of weapon,serious injury,,,,,,,,,,,,,,,,location,,ongoing effect,,,,under influence drugs/alcohol,,,,,,,,,,genuine remorse,,,,,grievous bodily harm,,,immediate custody
31,,,,,,,,serious injury,,,lack of premeditation,,,,,,,,,,,,,,,ongoing effect,,,,,,,good character,isolated incident,,,,,,,single blow,,,,grievous bodily harm,,,immediate custody
31,deliberate harm,,,,,,,,repeated assault,,,,,,,,,,,,,,,,,ongoing effect,,,,,,,,,,,,,,,,,,,grievous bodily harm,,,immediate custody
31,,,,,,vulnerable victim,use of weapon,serious injury,,personally vulnerable,lack of premeditation,mental disorder (related to the offence),,,,,,,,,,,,,,ongoing effect,presence of others,previous violence,,under influence drugs/alcohol,addressing addiction,,,,,,mental disability (general),,,genuine remorse,single blow,,,,grievous bodily harm,,,immediate custody
31,,,,,,,,serious injury,,,lack of premeditation,,,,,,,,,,,,,,,ongoing effect,,,,under influence drugs/alcohol,,lack of maturity,,,,,,,,genuine remorse,single blow,,,,grievous bodily harm,,,immediate custody
31,,,,,,,,,,,lack of premeditation,,,,subordinate role gang,,,,,,,,,location,,,,,,,,lack of maturity,good character,isolated incident,,,,no previous convictions,,genuine remorse,,early guilty plea,violent disorder,,,,,
31,,,,,,,use of weapon,,,,,,,,,,,,,,,,,location,,,presence of others,,,,,lack of maturity,good character,,,,,no previous convictions,,genuine remorse,,early guilty plea,violent disorder,,,,,
31,,,,,,,use of weapon,,,,,,,,,,,against public worker,,,,,,location,,,presence of others,,timing of the offence,under influence drugs/alcohol,,lack of maturity,good character,,,,,,primary carer,genuine remorse,,,violent disorder,,,,,immediate custody
31,,,,,,,use of weapon,,,,,,,,,,,against public worker,,,,,,location,,,presence of others,,timing of the offence,,,lack of maturity,,,,,,no previous convictions,,genuine remorse,,,violent disorder,,,,,immediate custody
31,,,,,,,,,,,,,,,,,,against public worker,,,,,,location,,,presence of others,,timing of the offence,,,,,,,,,no previous convictions,,,,,violent disorder,,,,,immediate custody
31,,,,,,,,,,,,,,,,,,,,,,,,location,,,presence of others,,,,,,,,,,,,,,,,violent disorder,,,,,immediate custody
31,,,,,,,use of weapon,serious injury,,,,,,,,,,against public worker,,,,,,location,,,presence of others,,,,,,,,,,,no previous convictions,,,,,violent disorder,,,,,immediate custody
31,,,,,,,,,,,,,,,,,,,,,,,,,,,,,,,,,,,,,,no previous convictions,,,,,violent disorder,,,,,
31,,,,,,,use of weapon,,,,,,,,,,,,,,,,,location,,,presence of others,,timing of the offence,,,lack of maturity,good character,,,,,,,genuine remorse,,,violent disorder,,,,,immediate custody
4,,,,,,,,,,,,,,,,,,,,,,,,,,,,,,,,,,,,,,,,,,early guilty plea,,,,,,
32,,,,,,,,,,,,,,,,,,,,,,,,,,,,previous violence,,under influence drugs/alcohol,,,,,,,,,,,,,,affray,,,,immediate custody
32,,,,,,,,,,,,,,,,,,,on bail,,,,,,,,,,,,,,,,,,,,,,,,,affray,,,,
32,,,,,,,,,,,lack of premeditation,,provocation,,,less serious injury,,,,,,,,location,,,,,timing of the offence,,,,good character,isolated incident,lapse of time,,,no previous convictions,,genuine remorse,,,,,,,,
32,,,,,,,,serious injury,,,,,,,,,,against public worker,,,,,,location,,,,,,,,,,,,,,,,,,,,,,,,immediate custody
32,,,,,,,,,,,,,,,,,,,,,,,,,,,,,,,,,,,,,,,,,,,,,,,,
32,,,,,,,,,,,lack of premeditation,,,,,less serious injury,,,,,,,,,,,,,,,addressing addiction,lack of maturity,,,,,,,,,,,,,,,,
32,,,,,,,,,,,,,provocation,,,less serious injury,,,,,,,,,,,,,,,,,good character,,,,,,,genuine remorse,,,,,,,,
32,,,,,,,,,repeated assault,,,,,,,,,,,,,,,,,ongoing effect,,,,under influence drugs/alcohol,,,good character,,,,,no previous convictions,,,,,,,,,,immediate custody
32,,,,,,,,,,,lack of premeditation,,,,,less serious injury,,,,,,,,,,,,previous violence,,,,,,,,,,,,,,,,,,,,
32,deliberate harm,,,,,,,,repeated assault,,,,,,,,,,on bail,,,,,location,,,,,,,,,,,,,,,,,,,,,,,,immediate custody
32,,,,premeditation,,,,serious injury,,personally vulnerable,,,,,,,,,,,,failure to comply with court orders,,,,,,,,,,,,,,,,,,,,,,,,,,immediate custody
32,,,,,,,,,repeated assault,,,,,,,,,,,,,,,,,,,,,,,,,,,,,,,genuine remorse,,,,,,,,immediate custody
32,,,,,,,use of weapon,,,,lack of premeditation,,provocation,,,,,,,,,,,,,,,,,,,,,,,,,,,,,,,,,,,
32,,,,,,,,,,,,,,,,,,,,,,,,,,,,,,,,,,,,,,,,genuine remorse,,,,,,,,
32,,,,,,,,,,,,,,,,,,,,,,,,,,,,,,,,,,,,,,,,,,early guilty plea,,,,,,
32,,,,,,,,,,,,,,,,,,,,,,,,,,,,,,,,,,,,,,,,,,,,,,,,
32,,,,,,,,,,,,,,,,,,,,,,,,,,,,,,,,,,,,,,,,,,,,,,,,
32,,,,,,vulnerable victim,,,repeated assault,,,,,,,,,,on bail,,,failure to comply with court orders,,,,ongoing effect,,previous violence,,under influence drugs/alcohol,,,,,,,,,,,,,,,,,,immediate custody
32,,,,,,vulnerable victim,,,,,,,,,,less serious injury,,,,,,,,,,,,,,,,,,,,,,,,,,,,,,,,
32,,,,,,,,,,,,,,,,,,,,,,,,,,,,,,,,,,,,,,,,,,,,,,,,
32,,,,premeditation,,,,,,,,,,,,,,,,,,,,,,,,,,,,,,,,,,,,,single blow,,,,,,,
32,,,,,,,,,,,,,,,subordinate role gang,less serious injury,,,,,,,,,,,,,,,,,,isolated incident,,,,,,genuine remorse,,,,,,,,
32,,,,,,,,,repeated assault,,lack of premeditation,,,,,,,,,,,,,,,,,,,,,,,,,,,,,,,,,,,,,
32,,,,,,,,,,,lack of premeditation,,,,,,,,,,,,,location,,,,,,,,lack of maturity,,,,,,no previous convictions,,,single blow,,,,,,,
32,,,,,,,use of weapon,,,,lack of premeditation,,,,,,,,,,,,,,,,,,,,,,,,,,,,,,,,,,,,,
32,,,,premeditation,,,,,repeated assault,,,,,,,,,,,,,,,,,,,,,,,,,,,,,,,genuine remorse,,,,,,,,
32,,,leading role gang,premeditation,,,use of weapon,serious injury,,,,,,,,,,,,,,,,location,,ongoing effect,presence of others,,,,addressing addiction,lack of maturity,good character,,,,,no previous convictions,primary carer,genuine remorse,,,,,,,,
32,,,,,,,,,,,lack of premeditation,mental disorder (related to the offence),,,,,,,,,,,,,,,,,,,,,,,,medical condition,,,,genuine remorse,single blow,,,,,,,
32,,,,,,,use of weapon,,repeated assault,,,,,,,,,,,victim forced to leave home,,,,location,,,,,,under influence drugs/alcohol,,,,,,,,no previous convictions,,,,early guilty plea,,,,,,
32,,,,,,,,,,,,,,,subordinate role gang,less serious injury,,,,,,,,location,on licence,,,,timing of the offence,under influence drugs/alcohol,,,,,,,,,,,,,,,,,,immediate custody
32,,,,premeditation,,,,serious injury,,,lack of premeditation,,,,,,,,,,,,,,,,,,,,,,,,,,,,,,,,,,,,,
32,,,,,,,use of weapon,,repeated assault,,,,,,,,,,,,,,,,,,,,,,,,,,,,,,,,,early guilty plea,,,,,,
32,,,,,,,,,,,,,,,,,,,,,,,,location,,,,,,,,,,,,,,,,,,early guilty plea,,,,,,
32,,,,,,vulnerable victim,,,,,,,,,,,,,,,,,,,,,,previous violence,,under influence drugs/alcohol,,,,,,,,,,,,,,,,,,immediate custody
32,,,,,,,use of weapon,,repeated assault,,,,,,,,,,,,,,,,,,,,,,,,,,,,,,,,,early guilty plea,,,,,,
32,,,,,,,use of weapon,,,,,,,,,,,,,,,,,,,,,,,,,,,,,,,,,genuine remorse,,early guilty plea,,,,,,immediate custody
32,,,,,,,use of weapon,,,personally vulnerable,,,,,,,,,,,,,,location,,,,previous violence,,,,,,,,,,,,genuine remorse,,,,,,,,immediate custody
32,,,,,,,,,repeated assault,,lack of premeditation,,,,,,,,,,,,,,,,,,,,,,,,,,,,,genuine remorse,,,,,,,,
32,,,,,,,,,,,,,,,,,,,,,,,,,,,,,,,,,,,,,,,,,,,,,,,,
32,,,,,,,,serious injury,,,lack of premeditation,,,,,,,,,,,,,location,,ongoing effect,,,,,,,good character,isolated incident,lapse of time,,,no previous convictions,,genuine remorse,,,,,,,,
32,,,,,,,,,,,,,,,,,,,,,,,,,,,,,,,,,,,,,,,,,single blow,,,,,,,immediate custody
32,,,,,,,use of weapon,,,,,,,,,,,,,,,failure to comply with court orders,,location,,,,previous violence,timing of the offence,under influence drugs/alcohol,,,,,,,,,,,,,,,,,,immediate custody
32,,,,,,,,serious injury,,,lack of premeditation,,,,,,,,,,,,,,,,presence of others,,,under influence drugs/alcohol,addressing addiction,,,,,,,,,,,,,,,,,
32,,,,,,,,,,,,,,,,,,,,,,,,,,,,,,,,,,,,,,,,,,,,,,,,immediate custody
32,,,leading role gang,,,,,,,,,,,,,less serious injury,,,,,,,,,,,,previous violence,,under influence drugs/alcohol,,,,,,,,,,,single blow,,,,,,,immediate custody
32,,,,,,,use of weapon,,,,,,,,,,,,,,,,,,,,,,,,,lack of maturity,,,,,,no previous convictions,,,,,,,,,,
32,,,,,,,,,repeated assault,personally vulnerable,lack of premeditation,,,,,,,,,,,,,,,ongoing effect,,,,,,,,,lapse of time,,,,,,,,,,,,,immediate custody
32,,,,,,vulnerable victim,use of weapon,,,,lack of premeditation,,,,,,,,,,,,,,,,,,,,,,,,,,,,,,,early guilty plea,,,,,,immediate custody
32,,,,,,,use of weapon,,,,,,,,,,,,,,,,,,,ongoing effect,,,,under influence drugs/alcohol,,,,,,,,no previous convictions,,,,,,,,,,
32,,,,,,,,,,,,,,selfdefence,,less serious injury,,against public worker,,,,,,,,,,,,,,,,,,,,,,genuine remorse,,,,,,,,
32,,,,,,,,,,,,,,,,,,,,victim forced to leave home,,,,,,,,previous violence,,under influence drugs/alcohol,,,,,,,,,,,,,,,,,,immediate custody
32,,,,,,,,,,,,,,,,,,,,,,,,,,,,,,,,,,,,,,,,genuine remorse,,,,,,,,
32,,,,,,,,serious injury,,personally vulnerable,,,,,,,,against public worker,,,,,,location,,,,previous violence,,,,,,,,,,,,,,early guilty plea,,,,,,immediate custody
32,deliberate harm,,,,,,use of weapon,,,,,,,,,,,,,,,,,,,,,,,,,,,,,,,,,,,,,,,,,immediate custody
32,,,,,,,,,,,lack of premeditation,,,,,,,,,,,,,,,,,,,,,,,,lapse of time,,,,,genuine remorse,,,,,,,,immediate custody
32,,intent more harm,,,,,,,,,,,,,,less serious injury,,,,,,,,,,,,,,,,,good character,isolated incident,,,,no previous convictions,,genuine remorse,,early guilty plea,,,,,,
32,,,,,,,,,,,,,,,,,,,,,,,,,,,,,,,,,,,,,,,,,,,,,,,,
32,,,,,,,,,,,lack of premeditation,,,,,,,,,,,,,,,,,,,,,,,,,,,,,,,,,,,,,
32,,,,,,,,,,,,,,,,,,against public worker,,,,,,,,,,,,under influence drugs/alcohol,,,,,,,,,,,,,,affray,,,,immediate custody
32,,,,,,,,,,,,,,,,less serious injury,,,,,,,,location,,,presence of others,,,under influence drugs/alcohol,addressing addiction,lack of maturity,,,,,,,,genuine remorse,,,,affray,,,,
32,deliberate harm,,,,,,use of weapon,,,,,,,,,,,,,,failure to respond to warnings,,,location,on licence,,presence of others,,timing of the offence,under influence drugs/alcohol,,,,,,,,,,,,,,affray,,,,immediate custody
32,,,,,,,,,,,,,,,,,,,,,,,,,,,,,,,,,,,,,,,,genuine remorse,,,,affray,,,,
32,,,,,,,,,,,,,,,,,,,,,,,,,,,,,,,addressing addiction,,good character,isolated incident,lapse of time,,,no previous convictions,,genuine remorse,,,,affray,,,,
32,,,,,,,,,,,lack of premeditation,,provocation,,,,,,,,,,,,,,,,,,,,good character,isolated incident,,,,no previous convictions,,genuine remorse,,,,affray,,,,
32,,,,,,,use of weapon,,,,,,provocation,,,,,,,,,,,location,,,,,,,,,,,,,,,,,,,,affray,,,,
32,,,,,,,,,,personally vulnerable,,,,,,,,,,,,,,,,,,,,,,,,,,,,,,,,,,affray,,,,immediate custody
32,,,,premeditation,,,,serious injury,,,,,,,,,,,,,,,,location,,,,,timing of the offence,,,,,,,,,,,,,,,affray,,,,immediate custody
32,,,,,,,use of weapon,,,,,,,,,,,,,,,,,,,,presence of others,,,under influence drugs/alcohol,,,,,,,,,,,single blow,early guilty plea,,affray,,,,
32,,,,,,,,,,,,,,,,less serious injury,,,,,,,,location,,,presence of others,,,under influence drugs/alcohol,addressing addiction,lack of maturity,,,,,,,,genuine remorse,,,,affray,,,,
32,,,leading role gang,,,,,,,,,,,,,,,,,,,,,,,,,,,,,,,,,,,,,genuine remorse,,early guilty plea,,affray,,,,
32,,,,,,,,,,,,,,,,,,,,,,,,,,,,,,,,,,,,,,,,,,early guilty plea,,affray,,,,
32,,,,,,,,,,,,,,,,,,,,,,,,,,,,,,,,,,,,,,,,,,early guilty plea,,affray,,,,immediate custody
32,,,,,,,,,,,,,,,,,,,,,,,,,,,,,,,addressing addiction,,good character,isolated incident,lapse of time,,,no previous convictions,,genuine remorse,,,,affray,,,,
32,,,,,,,,,,,,,,,,,,,,,,,,,,,presence of others,,,under influence drugs/alcohol,,,,,,,,,,,,early guilty plea,,affray,,,,
32,,,,,,,use of weapon,,,,,,,,,,,,,,,,,,,,,,,,,,,,,,,,,,,,,affray,,,,
32,,,,,,,,,,,,,,,,,,,,,,,,,,,,,,,addressing addiction,,,,,,,no previous convictions,,genuine remorse,,,,affray,,,,
32,,,,,,,,,,,lack of premeditation,,provocation,,,less serious injury,,,,,,,,,,,,,,,,,,,,,,,,genuine remorse,,early guilty plea,,affray,,,,
32,,,leading role gang,,,,,,,,,,provocation,,,,,,,,,,gratuitous degradation,,,,,,,,,,,,,,,,primary carer,genuine remorse,,,,affray,,,,
32,,,,,,,use of weapon,,,,lack of premeditation,,,,subordinate role gang,,,,,,,,,,,,presence of others,,timing of the offence,,,,,,,,,,,,single blow,,,affray,,,,immediate custody
32,,,,,,,,,,,,,,,,,,,,,,,,,,,presence of others,,,,,,,,,,,,,,,early guilty plea,,affray,,,,immediate custody
32,,,,,,,use of weapon,,,,,,provocation,,,,,,,,,,,location,,,,,,,,,,,,,,,,,,,,affray,,,,
32,,,,,,,,,,,,,,,,,,,,,,,,,,,,,,,,,,,,,,,,,,,,affray,,,,
32,,,,,,,,,,,,,,,,,,,,,,,,,,,,,,,addressing addiction,,good character,isolated incident,lapse of time,,,no previous convictions,,genuine remorse,,,,affray,,,,
32,,,,,,,,,,,,,,,,,,,,,,,,,,,,,,,addressing addiction,,good character,isolated incident,,,,,,genuine remorse,,early guilty plea,,affray,,,,
32,,,,,,,,,,,lack of premeditation,,,,,less serious injury,,,,,,failure to comply with court orders,,,,,,,,,,,,,,,,,,genuine remorse,single blow,early guilty plea,,,,,common assault,
32,,,,,,vulnerable victim,,,repeated assault,,,,,,,,abuse of trust,,,victim forced to leave home,,failure to comply with court orders,,,,ongoing effect,,,,,,,,,,,,,,,,,,,,,common assault,immediate custody
32,,,,,,,,,,,,mental disorder (related to the offence),,,,,,,,,,,,,,,,,,,addressing addiction,,,,,medical condition,mental disability (general),,,,,early guilty plea,,,,,common assault,
32,,,,,,,,,,,lack of premeditation,,,,,less serious injury,,,,,,,,,,,presence of others,,,,,,,,,,,,,,single blow,early guilty plea,,,,,common assault,immediate custody
32,,,,,,,,,,,,,,,,,,,,,,,,,,,,,,,,,,,,,,,,,,,,,,,common assault,
32,,,,,,,,,,,,,,,,less serious injury,,against public worker,,,,,,,,,,,,,,,,,,,,,primary carer,genuine remorse,single blow,early guilty plea,,,,,common assault,
32,,,,,,,,,,,,,,,,,,,,,,failure to comply with court orders,,location,,,,,timing of the offence,,,,,,,,,,,,,,,,,,common assault,immediate custody
32,,,,,,,,serious injury,,,,,,,,,,,,,,,,,,,,,,,,,,,,,,,,,,,,,,,common assault,
32,,,,,,,,,repeated assault,,,,,,,,,,,,,,,,,,,,,,,,,,,,,,,,,,,,,,common assault,
32,,,,,,,,,,,,,,,,,,,,,,,,,,,,,,,,,good character,,,,,,,genuine remorse,,,,,,,common assault,
32,,,,,,vulnerable victim,,,,personally vulnerable,,,,,,,abuse of trust,,,,,,,,,ongoing effect,,previous violence,,,,,,isolated incident,,,,,,,,,,,,,common assault,immediate custody
32,,,,,,,,,,,,,,,,,,,,,,,,,,,,,,,,,,,lapse of time,,,,,,,,,,,,common assault,immediate custody
32,,,,,,,,,,,lack of premeditation,,,,,less serious injury,,against public worker,,,,,,,,,,,,,,,,isolated incident,,,,,,genuine remorse,,,,,,,common assault,
32,,,,,,,use of weapon,serious injury,,,,,,,subordinate role gang,,,,,,,,,,,ongoing effect,presence of others,,,,,lack of maturity,,,,,,,,,,,,,,grievous bodily harm with intent,,immediate custody
32,,,,,,,use of weapon,,repeated assault,,lack of premeditation,,provocation,,,,,,,,,,,,,,,,,under influence drugs/alcohol,,,good character,isolated incident,,,,,primary carer,genuine remorse,,early guilty plea,,,,grievous bodily harm with intent,,immediate custody
32,,,,,,,,,,,lack of premeditation,,,,,less serious injury,,,,,,failure to comply with court orders,,location,,,presence of others,,,under influence drugs/alcohol,,,,,,,mental disability (general),,,genuine remorse,,early guilty plea,,,,grievous bodily harm with intent,,immediate custody
32,,,leading role gang,,,,,,,,,,,,,,,,,,,,,,,,,,,,,,,,,,,,,,,,,,,grievous bodily harm with intent,,immediate custody
32,,,leading role gang,,,,,,,,,,,,,,,,,,,,,,,,,,,,,,,,,,,,,,,,,,,grievous bodily harm with intent,,immediate custody
32,,,,,,,,,,,,,,,,less serious injury,,,,,,,,,,,,,,,,,,,,,,,,genuine remorse,,,,,grievous bodily harm,,,
32,,,,,,,,serious injury,,personally vulnerable,,,,,,,,,,,,,,,,,,,,,,,,,,,,no previous convictions,,,,early guilty plea,,,grievous bodily harm,,,immediate custody
32,deliberate harm,,,,,vulnerable victim,use of weapon,,,,,,,,,,,,,,,,,,,,,,,under influence drugs/alcohol,,,,,,,,,,,,,,,grievous bodily harm,,,
32,deliberate harm,,leading role gang,,,,use of weapon,serious injury,,,,,,,,,,,,,,,gratuitous degradation,,,ongoing effect,presence of others,,,under influence drugs/alcohol,,,,,,,,,,,,,,,,grievous bodily harm with intent,,immediate custody
32,,intent more harm,,,,vulnerable victim,,,,,,,,,,,,,,,,,,,,ongoing effect,presence of others,,,,,,good character,,,,,no previous convictions,primary carer,genuine remorse,,,,,,grievous bodily harm with intent,,immediate custody
32,,,,,,,use of weapon,,repeated assault,,,,,,,,,,,,,,,location,,,,,timing of the offence,under influence drugs/alcohol,,,,,,,,,,,,early guilty plea,,,,grievous bodily harm with intent,,immediate custody
32,,,,,,,,,,,,,,,,,,,,,,,,,,,,,,,,,,,,,,,,,,early guilty plea,,,,grievous bodily harm with intent,,immediate custody
32,,,,,,,use of weapon,,repeated assault,personally vulnerable,,,,,,,,,,,,failure to comply with court orders,,location,,,,previous violence,,under influence drugs/alcohol,,,,,,,,,,,,,,,,grievous bodily harm with intent,,immediate custody
32,,,,,,,use of weapon,serious injury,,,lack of premeditation,,,,,,,,,,,,,,,,,,,under influence drugs/alcohol,,,,,,,,,,genuine remorse,,,,,,grievous bodily harm with intent,,immediate custody
32,,,,,,,,,,,lack of premeditation,,,,,less serious injury,,,,,,,,,,,,,,,,,good character,isolated incident,,,,no previous convictions,,genuine remorse,,early guilty plea,,,grievous bodily harm,,,
32,,,,,,vulnerable victim,use of weapon,serious injury,repeated assault,personally vulnerable,,,,,,,,,,,,,,location,,ongoing effect,presence of others,,,under influence drugs/alcohol,addressing addiction,,,,,,,,,genuine remorse,,early guilty plea,,,,grievous bodily harm with intent,,immediate custody
32,,,,,,,,,,,lack of premeditation,,,,subordinate role gang,less serious injury,,,,,,,,location,,,presence of others,,,under influence drugs/alcohol,addressing addiction,,,isolated incident,,,,no previous convictions,,genuine remorse,,early guilty plea,,,,grievous bodily harm with intent,,immediate custody
32,,,,,,,,serious injury,,,,,,,,,,,,,,,,location,,,,,,under influence drugs/alcohol,,,,,,,,,,genuine remorse,single blow,early guilty plea,,,grievous bodily harm,,,
32,,,,,,,,,repeated assault,,lack of premeditation,,,,,,,,,,,,,,,,,,,under influence drugs/alcohol,,,,,,,,,,,,early guilty plea,,,,grievous bodily harm with intent,,immediate custody
32,,,,,,,,,,,,,,,,,,,,,,,,,,,,,,,,,,,,,,,,,,,,,grievous bodily harm,,,immediate custody
32,,,,,,,,,,,lack of premeditation,,,,subordinate role gang,,,,,,,,,,,,,,,,,,,,,,,,,,,early guilty plea,,,grievous bodily harm,,,
32,,,,,,,,,,,lack of premeditation,,,,,,,,,,,,,,,,,,,,,,good character,,,,,no previous convictions,,genuine remorse,single blow,,,,grievous bodily harm,,,
32,,,,,,,,serious injury,,,lack of premeditation,,,,,,,,,,,,,,,,,,,,,,,,,,,,,genuine remorse,,,,,grievous bodily harm,,,
32,,,,,,,,serious injury,,,lack of premeditation,,,,,,,,,,,failure to comply with court orders,,,,,,,,under influence drugs/alcohol,,,,,,,,,,,single blow,,,,grievous bodily harm,,,immediate custody
32,,,,,,,,,,,,,,selfdefence,,,,,,,,,,,,,,,,,,,,,,,,,,,single blow,,,,grievous bodily harm,,,immediate custody
32,,,,,,,,,,,,,,,,,,,,,,,,,,,,,,,,,,,,,,,,,,,,,grievous bodily harm,,,immediate custody
32,,,,,,,,serious injury,,,lack of premeditation,,,,,,,,,,,,,,,,,,,,,,,isolated incident,,,,,,,,early guilty plea,,,grievous bodily harm,,,
32,,,,,,,,serious injury,,personally vulnerable,,,,,,,,,,,,,,location,,,,,timing of the offence,under influence drugs/alcohol,,,,,,,,,,genuine remorse,single blow,,,,grievous bodily harm,,,
32,,,,,,,,,,,lack of premeditation,,,,,,,,,,,,,,,,,,,,,lack of maturity,,,,,,no previous convictions,,,single blow,early guilty plea,,,grievous bodily harm,,,
32,,,,,,,,serious injury,,,lack of premeditation,,,,,,,,,,,,,,,,,,,,,,,,,,,,,,,,,,grievous bodily harm,,,immediate custody
32,,,,,,,,serious injury,,,,,,,,,,,,,,failure to comply with court orders,,location,,,,,timing of the offence,under influence drugs/alcohol,,,,,,,,,,genuine remorse,single blow,,,,grievous bodily harm,,,immediate custody
32,,,,,,,,,,,,,,,,less serious injury,,,,,,,,,,,,,,,,,good character,,,,,no previous convictions,,genuine remorse,,,,,grievous bodily harm,,,immediate custody
32,,,,,,,,serious injury,,,lack of premeditation,,,,,,,,,,,,,location,,ongoing effect,,,timing of the offence,,,,,,,,,no previous convictions,,genuine remorse,,,,,grievous bodily harm,,,
32,,,,,,,,,,,,,,,,,,,,,,,,,,,presence of others,,,under influence drugs/alcohol,,,good character,,,,,no previous convictions,,genuine remorse,single blow,,,,grievous bodily harm,,,
32,deliberate harm,,,,,,,serious injury,,,,,,,,,,,,,,,,,,,,,,,,,good character,,,,,,,genuine remorse,,,,,grievous bodily harm,,,immediate custody
32,,,,,,,use of weapon,,,,,,,,,less serious injury,,,,,,,,location,,,,,,under influence drugs/alcohol,,,,,,,,,,genuine remorse,single blow,early guilty plea,,,grievous bodily harm,,,immediate custody
32,,,,,,,use of weapon,,,,lack of premeditation,,,,,,,,,,,,,,,,,,,,,,good character,,,medical condition,,no previous convictions,,genuine remorse,,,,,grievous bodily harm,,,
32,,,,,,,,serious injury,repeated assault,personally vulnerable,lack of premeditation,,,,,,,,,,,,,,,,,previous violence,,under influence drugs/alcohol,,,,,,,,,,,,,,,grievous bodily harm,,,immediate custody
32,,,,,,,,,,,,,,,,,,,,,,,,,,,,previous violence,,,,,,,,,,,,genuine remorse,single blow,,,,grievous bodily harm,,,immediate custody
32,,,,,,,,serious injury,repeated assault,,,,,,,,,,,,failure to respond to warnings,failure to comply with court orders,,location,,,presence of others,,,under influence drugs/alcohol,,,,,,,,,,genuine remorse,,early guilty plea,,,grievous bodily harm,,,immediate custody
32,,,,,,,use of weapon,serious injury,,,lack of premeditation,,,,,,,,,,,,,,,,,,,under influence drugs/alcohol,,,good character,,,,,no previous convictions,,genuine remorse,single blow,early guilty plea,,,grievous bodily harm,,,
32,,,,,,,,,,,lack of premeditation,,,selfdefence,,,,,,,,,,,,,,,,,,,,,,,,,,genuine remorse,single blow,early guilty plea,,,grievous bodily harm,,,
33,,,,,,,,,,,,,,,,,,,,,,,,,,,,,,,,,,,,,,,,,,,,affray,,,,
33,,,,,,,,,repeated assault,personally vulnerable,,,,,,,,,,,,,,location,,,,,,,,,good character,,,,,no previous convictions,,,,early guilty plea,,affray,,,,immediate custody
33,,,,,,,use of weapon,serious injury,,,,,,,,,,,,,,,,,,,,,,,,,,,,,,,,,,,,affray,,,,immediate custody
33,,,,,,,use of weapon,serious injury,,,,,,,,,,,,,,,,,,,,,,,,,,,,medical condition,mental disability (general),,,,,,,affray,,,,
33,,,,,,,,,,,,,,,,less serious injury,,,,,,,,,,,,previous violence,,,,,,,,,,,,,,,,affray,,,,immediate custody
33,,,,,,,,,,,lack of premeditation,,,,,,,,,,,,,,,,,,,,,,,,,,,,primary carer,,single blow,,,affray,,,,
33,,,,,,,,,,,lack of premeditation,,,selfdefence,,less serious injury,,,,,,,,location,,,,,,,,,,isolated incident,,,,,,genuine remorse,,,,affray,,,,
33,,,,,,,use of weapon,,,,,,,,,,,,,,,,,location,,,,,,under influence drugs/alcohol,,,good character,,,,,no previous convictions,,genuine remorse,,early guilty plea,,affray,,,,
33,,,,,,,,,,,,,,,,less serious injury,,,,,,,,,,,,previous violence,,,,,,,,,,,,,,,,affray,,,,immediate custody
33,,,,,,,,serious injury,,personally vulnerable,,,,,,,,,,,,,,location,,,,,,under influence drugs/alcohol,,,,,,,,,,genuine remorse,,,,affray,,,,immediate custody
33,,,,,,,use of weapon,serious injury,,,,,,,,,,,,,,,,,,,,,,under influence drugs/alcohol,,,,,,,,,,,,,,affray,,,,
33,,,,premeditation,,,,,repeated assault,,,mental disorder (related to the offence),,,,,,,,,,,,,,,presence of others,,,under influence drugs/alcohol,,,,,,,,,,,,,,affray,,,,immediate custody
33,,,,,,,,,,,,,provocation,,,,,,,,,,,,,,,,,,,,good character,isolated incident,,,,no previous convictions,,,,,,affray,,,,
33,,,,,,,,serious injury,,,,,provocation,,,,,,,,,,,,,,presence of others,,,,addressing addiction,,good character,,,,,no previous convictions,,genuine remorse,,,,affray,,,,
33,,,,,,,,,repeated assault,,,,,,,,,,on bail,,,,,,on licence,,presence of others,,,under influence drugs/alcohol,,,,,,,,,,,,early guilty plea,,affray,,,,immediate custody
33,,,,,,,,serious injury,,,,,provocation,,,,,,,,,,,location,,,presence of others,,,,addressing addiction,,good character,isolated incident,,,,no previous convictions,,genuine remorse,,,,affray,,,,
33,,,,,,,,,,,lack of premeditation,,,,,less serious injury,,,,,,,,location,,,,previous violence,,,,,,,,,,,,genuine remorse,,,,affray,,,,
33,,,,,,,,serious injury,,,,,provocation,,,,,,,,,,,,,,presence of others,,,,addressing addiction,,good character,,,,,no previous convictions,,genuine remorse,,,,affray,,,,
33,,,,,,,,,,,lack of premeditation,,,,,less serious injury,,,,,,,,,,,,,,,,,good character,,,,,no previous convictions,,genuine remorse,,early guilty plea,,affray,,,,
33,,,,,,,,,repeated assault,personally vulnerable,,,,,,,,,,,,,,location,,,,,,,,,,,,,,,,,,,,affray,,,,immediate custody
33,,,,,,,,,,,,,,,,,,,,,,,,,,,,,,,,,good character,,,,,no previous convictions,,,,,,affray,,,,
33,,,,,,,,,,,,,,,,,,,,,,,,,,,,,,,,,,,,,,,,,,,,affray,,,,immediate custody
33,,,,,,,,,,,lack of premeditation,,,,,,,,,,,,,,,,,,,,,,,,,,,,,,,,,affray,,,,
33,,,,,,,use of weapon,,,,lack of premeditation,,,,,,,against public worker,,,,,,location,,,,,timing of the offence,,,,,isolated incident,,,,,,genuine remorse,,,,affray,,,,
33,,,,,,,,,,,,,,,,,,,,,,,,,,,,,,,,,,,,,,,,,,,,affray,,,,
33,,,,,,,,,,,lack of premeditation,,provocation,,,,,,,,,,,,,,,,,,,,,isolated incident,,,,no previous convictions,,,,,,affray,,,,
33,,,,,,,,,,personally vulnerable,,,,,,less serious injury,,,,,,,,,,,,,,,,,,,,,,,,genuine remorse,,,,affray,,,,immediate custody
33,,,,,,,,,,personally vulnerable,,,,,,,,,,,,,,,,,,,,,,,,,,,,,,,,,,affray,,,,immediate custody
33,,,,,,,,,,,,,,,,,,,,,,,,,,,,,,,,,,,,,,,,,,,,affray,,,,
33,,,,,,,,,,,,,,,,,,,,,,,,,,,,,,,,,,,,,,,,,,,,affray,,,,
33,,,,,,,use of weapon,serious injury,repeated assault,personally vulnerable,,,,,,,,,,,,,,,,,,,,under influence drugs/alcohol,,,,,,,,,,,,early guilty plea,,,,,,immediate custody
33,,,,,,vulnerable victim,,serious injury,repeated assault,personally vulnerable,,,,,,,,,,,,,,,,ongoing effect,,,,,,,,,,,,,,,,,,,,,,immediate custody
33,,,,,,,,,,,,,,,,,,,,,,,,location,,,,previous violence,timing of the offence,under influence drugs/alcohol,,,,,,,,,,,single blow,,,,,,,immediate custody
33,,,,,,,use of weapon,,,,,,,,,,,,,,,,,,,,,previous violence,,,,,,,,,,,,,,early guilty plea,,,,,,immediate custody
33,,intent more harm,,,,vulnerable victim,,serious injury,repeated assault,personally vulnerable,,,,,,,,,,,,,,location,,ongoing effect,,previous violence,timing of the offence,under influence drugs/alcohol,,,,,,,,,,genuine remorse,,,,,,,,immediate custody
33,,,leading role gang,premeditation,,,,,,,,,,,,,,,,,,,,,,ongoing effect,,,,,,,,,,,mental disability (general),,,,single blow,,,,,,,
33,,,,,,,,,repeated assault,,,,provocation,,,,,,,,,,,,,,,,,,,,,,,,,,,genuine remorse,,,,,,,,
33,,,,,,,use of weapon,,repeated assault,,,,,,,,,,,,,,,location,,,,,,under influence drugs/alcohol,,,,,,,,,primary carer,genuine remorse,,early guilty plea,,,,,,
33,,,,,,,,,,,,,,,,less serious injury,,,,,,,,,,,,,,,,,good character,isolated incident,,,,no previous convictions,,genuine remorse,,,,,,,,
33,deliberate harm,,,,,,use of weapon,serious injury,repeated assault,,,,,,,,,,,,,,,,,,presence of others,,,,,,,,,,,,,,,,,,,,,immediate custody
33,,,,,,vulnerable victim,,serious injury,repeated assault,personally vulnerable,,,,,,,,,,,,,,,,ongoing effect,,,,,,,,,,,,no previous convictions,,,,,,,,,,immediate custody
33,,,,,,,,,,personally vulnerable,,,,,,,,,,,,,,,,,,,,under influence drugs/alcohol,,,,,,,,,,,,early guilty plea,,,,,,immediate custody
33,,,,,,,,,,,lack of premeditation,,provocation,selfdefence,,less serious injury,,,,,,,,,,,,,,,,,,isolated incident,,,,,,,single blow,,,,,,,
33,,,,,,,use of weapon,serious injury,repeated assault,,,,,,,less serious injury,,,,,,,,location,,,,,,under influence drugs/alcohol,,lack of maturity,,isolated incident,,,,no previous convictions,,genuine remorse,,early guilty plea,,,,,,
33,,,,,,,use of weapon,,,,,,,,,,,,,,,,,location,,,,,timing of the offence,,addressing addiction,,,,,,,,,,,,,,,,,
33,,,,,,vulnerable victim,,,,personally vulnerable,,,,,,,,against public worker,,,,,,,,,,,,,,,,,,,,,,,,,,,,,,
33,,,,,,,use of weapon,,repeated assault,personally vulnerable,,,,,,,,,,,,,,,,,,,,under influence drugs/alcohol,,,,,,,,,,,,,,,,,,immediate custody
33,,,,,,,,,,,lack of premeditation,,,,,,,,,,,,,location,,,presence of others,,,,,,good character,isolated incident,,,,no previous convictions,,genuine remorse,,early guilty plea,,,,,,
33,,,,,,,use of weapon,,,personally vulnerable,,,,,,,,,,,,,,,,,,,,,,,,,,,,,,,,,,,,,,immediate custody
33,,,,,,,,serious injury,,,,,,,,,,,,,,,,,,,,,,,,,,,,,,,,genuine remorse,,,,,,,,
33,,,,,,,,,,,,,,selfdefence,,less serious injury,,,,,,,,,,,,,,,,,,,,,,,,,,,,,,,,
33,,,,,,,,,repeated assault,personally vulnerable,,,,,,,,,on bail,,,,,,,,,,,under influence drugs/alcohol,,lack of maturity,,,,,,,,,,,,,,,,immediate custody
33,,intent more harm,,,,,use of weapon,,repeated assault,,,,,,,,,,,,,,,,,ongoing effect,,,,,,,,,,,,,,,,,,,,,,immediate custody
33,,,,,,,,serious injury,,,,,,,,,,,,,,,,,,,,,,,,,,,,,,,,genuine remorse,,early guilty plea,,,,,,
33,,,,premeditation,,vulnerable victim,,,,personally vulnerable,,,,,,,,,,,,,,,,,,,,,,,,,,,,,,,,,,,,,,immediate custody
33,deliberate harm,,,,,,use of weapon,,,personally vulnerable,,,,,,,,,,,,,,,,,,,,,,,,,,,,,,,,,,,,,,immediate custody
33,,,,,,,use of weapon,,,,,,,,,,,,,,,,,location,,,presence of others,,timing of the offence,under influence drugs/alcohol,,,,,,,,,,,,,,,,,,immediate custody
33,,,,,,,,serious injury,,,lack of premeditation,,,,,,,,,,,,,,,,,,,under influence drugs/alcohol,,,,,,,,,,,,,,,,,,
33,,,,,,,,,,personally vulnerable,,,,,,,,,,,,,,,,ongoing effect,,previous violence,,,,,,,,,,,,,,,,,,,,immediate custody
33,,,,,,,,,,,,,,,,,,,,,,,,,,,presence of others,,,under influence drugs/alcohol,,,,,,,,,,,,,,,,,,immediate custody
33,,,leading role gang,,,,use of weapon,,repeated assault,,,,,,,,,,,,,,,location,,ongoing effect,,,,,,,,,,,,,,,,,,,,,,immediate custody
33,,,,,,,use of weapon,,repeated assault,personally vulnerable,,,,,,,,,,,,,,,,ongoing effect,presence of others,previous violence,,,,,,,,,,,,,,,,,,,,immediate custody
33,,,,premeditation,,,,,,,,,,,,less serious injury,,,,,,,,,,,,,,,,,,,,,,,,,,,,,,,,
33,,,,,,,,,repeated assault,personally vulnerable,,,,,,,,,,,,,,,on licence,ongoing effect,,,,under influence drugs/alcohol,,,,,,,,,,,,early guilty plea,,,,,,immediate custody
33,,,,,,,use of weapon,serious injury,repeated assault,,,,,,,less serious injury,,,,,,failure to comply with court orders,,location,,ongoing effect,,,,under influence drugs/alcohol,,,,,,,,,,,,,,,,,,immediate custody
33,,,,,,,,,repeated assault,,,,provocation,,,,,,,,,,,,,,,,,,,,good character,,,,,,,,,,,,,,,
33,,,,premeditation,,,,,repeated assault,personally vulnerable,,,,,,less serious injury,abuse of trust,,,,,,,,,,,previous violence,,,,,,,,,,,,,,,,,,,,immediate custody
33,,,,,,,,,repeated assault,,,,provocation,,,,,,,,,,,,,,,,,,,,good character,,,,,,,,,,,,,,,
33,,,,,,vulnerable victim,,,,personally vulnerable,,,,,,,,,,,,,,,,,,,,,,,,,,,,,,,,,,,,,,immediate custody
33,,,,,,,,,,,lack of premeditation,mental disorder (related to the offence),provocation,,,less serious injury,,,,,,,,,,,,,,under influence drugs/alcohol,,,,isolated incident,,medical condition,,,,,,,,,,,,
33,,,,,,,,serious injury,,,lack of premeditation,mental disorder (related to the offence),,,,,,,,,,,,,,,,,,,,,,,,medical condition,,,,,,early guilty plea,,,,,,
33,,,,,,,use of weapon,,repeated assault,,,,,,,,,,,,,,,location,,,presence of others,,timing of the offence,under influence drugs/alcohol,addressing addiction,,good character,isolated incident,,,,no previous convictions,,genuine remorse,,early guilty plea,,,,,,
33,,,,,,,,serious injury,,,,,,,,,,,,,,,,location,,,,,timing of the offence,under influence drugs/alcohol,,,,,,,,,,genuine remorse,,early guilty plea,,,,,,immediate custody
33,,,,,,,use of weapon,,repeated assault,,,,,,,,,,,,,,,location,,,presence of others,,timing of the offence,under influence drugs/alcohol,,,good character,isolated incident,,,,no previous convictions,,genuine remorse,,early guilty plea,,,,,,
33,,,,,,,,,,,,,,,,less serious injury,,,,,,,,,,,,,,,,,,,,medical condition,,,,genuine remorse,single blow,early guilty plea,,,,,,
33,,,,,,vulnerable victim,,,,,,,,,,,,,,,,,,,,,,,,,,,,,,,,,,,,,,,,,,immediate custody
33,,,,,,,use of weapon,,,personally vulnerable,,,,,,less serious injury,,,,,,failure to comply with court orders,,,,ongoing effect,presence of others,,,under influence drugs/alcohol,,,,,,,,,,genuine remorse,single blow,,,,,,,
33,,,,,,vulnerable victim,,,,,,,,,,,,,,,,,,,,,,,,,,,,,,,,,,,,,,,,,,immediate custody
33,,,,,,vulnerable victim,,,,,,,,,,,,,,,,,,,,,,,,,,,,,,,,,,,,,,,,,,immediate custody
33,,,,,,,use of weapon,,,,,,,,,less serious injury,,,,,,,,,,,,,,,,,,,,,,,,,,,,,,,,immediate custody
33,,,,,,,,serious injury,,,lack of premeditation,,,,,,,,,,,,,,,,,,,under influence drugs/alcohol,,,,,,,,,,,,,,,,,,
33,,,,,,,,,repeated assault,,,,provocation,,,,,,,,,,,,,,,,,,,,good character,,,,,,,,,,,,,,,
33,,,leading role gang,,,vulnerable victim,use of weapon,,repeated assault,personally vulnerable,,,,,,,,,,,,,,location,,ongoing effect,,,timing of the offence,,,,,,,,,no previous convictions,,,,,,,,,,immediate custody
33,,,,,,,,,,,lack of premeditation,,,,,less serious injury,,,,,,,,,,,,,,,,,,,,,,,,,,,,,,,,
33,deliberate harm,,,,,vulnerable victim,,serious injury,repeated assault,personally vulnerable,,,,,,,,,,,,,,,,,,,,,,,,,,,,,,,,,,,,,,immediate custody
33,,,,premeditation,,,,,repeated assault,personally vulnerable,,,,,,,,,,,,,,location,,ongoing effect,,,,under influence drugs/alcohol,,,good character,,,,,no previous convictions,,genuine remorse,,,,,,,,immediate custody
33,,,,,,,,,,,lack of premeditation,,,,,,,,,,,,,,,,,,,,,,,isolated incident,,,,no previous convictions,,genuine remorse,single blow,early guilty plea,,,,,,
33,,,,,,,,,,,,,,selfdefence,,less serious injury,,,,,,,,,,,,,,under influence drugs/alcohol,,,,,,,,,,,,,,,,,,
33,,,,,,,,,,,,,,,,,,,,,,,,,,,,,,under influence drugs/alcohol,,lack of maturity,good character,isolated incident,,,,no previous convictions,,genuine remorse,,,,,,,,
33,,,,,,,use of weapon,,,,,,,,,less serious injury,,,,,,,,,,,,previous violence,,under influence drugs/alcohol,,,,,lapse of time,,,,,genuine remorse,single blow,,,,,,,
33,,,,,,,,,,,,,,,,less serious injury,,,,,,,,location,,,,,,,,,,,,,,,,genuine remorse,,,,,,,,
33,,,,,,,use of weapon,,repeated assault,,,,,,,,,,,,,,,,,,,,,,,,,,,,,,,,,early guilty plea,,,,,,immediate custody
33,,,,,,,,,,,,,,,,,,,,,,,,,,,,,,,,,,,,,,,,genuine remorse,,,,,,,,
33,,,,premeditation,,,use of weapon,,,,,,,,,less serious injury,,,,,,,,,,,,,,,,,,,,,,,,,,early guilty plea,,,grievous bodily harm,,,immediate custody
33,,,,,,,use of weapon,serious injury,,,,,,,,,,,,,,,,location,,ongoing effect,,,,,,,,,,,,,,genuine remorse,,,,,grievous bodily harm,,,immediate custody
33,,,,,,,use of weapon,,,,,,,,,less serious injury,,,,,,,,,,,,,,under influence drugs/alcohol,addressing addiction,lack of maturity,,,,,,,,genuine remorse,,early guilty plea,,,grievous bodily harm,,,immediate custody
33,,,,,,,,,,,,,,selfdefence,,less serious injury,,,,,,,,,,,,,,,,,,,,,,,,genuine remorse,,,,,grievous bodily harm,,,
33,deliberate harm,,,premeditation,,,,serious injury,repeated assault,personally vulnerable,,,,,,,,,,,,,,,,ongoing effect,,,,under influence drugs/alcohol,,,,,,,,no previous convictions,,,,,,,grievous bodily harm,,,immediate custody
33,,,,,against race/religion,,,serious injury,,,lack of premeditation,,,,,,,,on bail,,,,,location,,,,,,under influence drugs/alcohol,,,,,,,,,,,single blow,early guilty plea,,,grievous bodily harm,,,immediate custody
33,,,,,,,,serious injury,,,,,,,,,,,,,,,,,,,,,,under influence drugs/alcohol,,,good character,isolated incident,,,,,,,single blow,early guilty plea,,,grievous bodily harm,,,immediate custody
33,,,,,,,,,,,lack of premeditation,,provocation,selfdefence,,less serious injury,,,,,,,,,,,,,,under influence drugs/alcohol,,,,isolated incident,,,,,primary carer,genuine remorse,,,,,grievous bodily harm,,,
33,,,,,,,,serious injury,,,,,,,,,,,,,,failure to comply with court orders,,,,,,,,,,,,,,,,,,,single blow,early guilty plea,,,grievous bodily harm,,,immediate custody
33,,,,,,,use of weapon,serious injury,,,,,,,,,,,,,,,,location,,,,,,,,,,,,,,,,genuine remorse,single blow,early guilty plea,,,grievous bodily harm,,,immediate custody
33,,,,,,,,serious injury,,,lack of premeditation,,,,,,,,,,,,,,,,,,,,,,good character,isolated incident,,,,no previous convictions,,,single blow,,,,grievous bodily harm,,,
33,,,,,,,,,,,,,,,,less serious injury,,,,,,,,location,,ongoing effect,,,timing of the offence,under influence drugs/alcohol,,,good character,,,,,,,genuine remorse,single blow,,,,grievous bodily harm,,,
33,,,,,,,,serious injury,repeated assault,personally vulnerable,,,,,,,,,,,,,,,,,,,,,,,,,,,,,,,,,,,grievous bodily harm,,,immediate custody
33,,,,,,,use of weapon,,,,,,,,,less serious injury,,,,,,,,location,,,,,timing of the offence,under influence drugs/alcohol,,lack of maturity,,,,,,no previous convictions,,genuine remorse,single blow,early guilty plea,,,grievous bodily harm,,,
33,,,,,,,,,,,lack of premeditation,,,,,,,,,,,,,,,,,,,,,,good character,,,,,,,genuine remorse,single blow,,,,grievous bodily harm,,,
33,,,,,,,,serious injury,,,lack of premeditation,,,selfdefence,,,,,,,,,,,,ongoing effect,,,,,,,,,,,,,,,,,,,grievous bodily harm,,,immediate custody
33,,,,premeditation,,,,,,,,,,,,,,,,,,,,,,,,,,,,,good character,isolated incident,,,,no previous convictions,,,,,,,grievous bodily harm,,,
33,,,,,,,,serious injury,,,,,provocation,,,,,,,,,,,,,ongoing effect,,,,,,,,,,,,,,,,,,,grievous bodily harm,,,immediate custody
33,,,,,,,,,,,,,,,,,,,,,,,,,,ongoing effect,,,,,,,,,,,,,,,single blow,,,,grievous bodily harm,,,immediate custody
33,,,,,,,,,,,,,,,,,,,,,,,,,,,,,,,,,,,,,,,,,,,,,grievous bodily harm,,,
33,,,,,,,use of weapon,serious injury,repeated assault,,lack of premeditation,,,,,,,,,,,,,,,,,,,under influence drugs/alcohol,,,,,,,,,,,,,,,grievous bodily harm,,,immediate custody
33,,,,,,,,serious injury,,,,,,,,,,,,,failure to respond to warnings,failure to comply with court orders,,,,ongoing effect,presence of others,,,under influence drugs/alcohol,,,,isolated incident,,,,,,,,early guilty plea,,,grievous bodily harm,,,immediate custody
33,,,,,,vulnerable victim,use of weapon,,,personally vulnerable,,,,,subordinate role gang,,,,,,,,,,,,,,,,,,,,,,,,,,single blow,,,,grievous bodily harm,,,immediate custody
33,,,,,,,use of weapon,,,,,,,,,,,,,,,failure to comply with court orders,,location,,,,,,under influence drugs/alcohol,,,,,,,,,,,,early guilty plea,,,grievous bodily harm,,,immediate custody
33,,,,,,,,serious injury,,,lack of premeditation,,,,,,,,,,,,,location,,,,,timing of the offence,under influence drugs/alcohol,,,,isolated incident,lapse of time,,,no previous convictions,,,,,,,grievous bodily harm,,,immediate custody
33,,,,,,,,,,,,,provocation,,,,,,,,,,,,,,,,,,,,,,,,,,,,,,,,grievous bodily harm,,,
33,,,,,,,,,,,lack of premeditation,,,,,,,,,,,,,location,,,,,,,,,good character,isolated incident,,,,no previous convictions,,genuine remorse,single blow,,,,grievous bodily harm,,,
33,,,,,,,,,,,,,,,,,,,,victim forced to leave home,,,,,,,,,,,,,good character,,,,,,,genuine remorse,,,,,grievous bodily harm,,,
33,,,,premeditation,,,use of weapon,serious injury,,,,,,,,,,,,,,,,,,,,,,,,,,,,,,,,,,early guilty plea,,,,grievous bodily harm with intent,,immediate custody
33,,,,,,,use of weapon,,,,,,,selfdefence,,,,,,,,,,,,,,,,,,,good character,,,,,,,,,,,,,grievous bodily harm with intent,,immediate custody
33,,,,,,,,,,,,,,,,,,,,,,,,location,,,,,,,,,good character,,,,,no previous convictions,,genuine remorse,,,,,,grievous bodily harm with intent,,immediate custody
33,,,leading role gang,,,,use of weapon,,repeated assault,,,,,,,,,,,,,,,,,,,,,,,,,,,,,,,,,early guilty plea,,,grievous bodily harm,,,immediate custody
33,,,,,,,,,,,,,,,,,,,,,,,,location,,,,,timing of the offence,,,,good character,isolated incident,,,,no previous convictions,,genuine remorse,,early guilty plea,,,grievous bodily harm,,,
33,,,,,,,,,,,,,,,,,,,,,,,,,,,,,timing of the offence,,,,good character,isolated incident,,,,no previous convictions,,genuine remorse,single blow,early guilty plea,,,grievous bodily harm,,,
33,deliberate harm,,,,,,,,repeated assault,,,,,,,,,,,,,failure to comply with court orders,,location,,,,,,under influence drugs/alcohol,,,,,,,,,,,,,,,grievous bodily harm,,,immediate custody
33,,,,premeditation,,,,,,,,,,,,less serious injury,,,,,,,,,,,,,,,,,,,,,,,,,,,,,grievous bodily harm,,,immediate custody
33,,,,premeditation,,,,,,,,,,,,less serious injury,,,,,,,,,,,,,,,,,,,,,,,,,,,,,grievous bodily harm,,,immediate custody
33,,,,,,,use of weapon,serious injury,,,,,,,,,,,,,,,,location,,ongoing effect,presence of others,,timing of the offence,under influence drugs/alcohol,addressing addiction,,,,,,,,,,,,,,grievous bodily harm,,,immediate custody
33,deliberate harm,intent more harm,,premeditation,,,use of weapon,serious injury,repeated assault,personally vulnerable,,,,,,,,,,,,,,,,,,,,,,,,,,,,no previous convictions,,,,early guilty plea,,,,grievous bodily harm with intent,,immediate custody
33,,,,premeditation,,vulnerable victim,use of weapon,,,personally vulnerable,,,,,,less serious injury,,,,,,,gratuitous degradation,,,,,,,,,,,,,,,,,,,,,,,grievous bodily harm with intent,,immediate custody
33,deliberate harm,intent more harm,leading role gang,premeditation,,,use of weapon,serious injury,repeated assault,personally vulnerable,,,,,,,,,,,,,,,,,,,,,,,,,,,,,,,,early guilty plea,,,,grievous bodily harm with intent,,immediate custody
33,,intent more harm,leading role gang,premeditation,,,use of weapon,serious injury,repeated assault,personally vulnerable,,,,,,,,,,,,,,,,,,,,,,,,,,,,,,,,,,,,grievous bodily harm with intent,,immediate custody
33,,,,premeditation,,vulnerable victim,use of weapon,,,personally vulnerable,,,,,,less serious injury,,,,,,,gratuitous degradation,,,,,,,,,lack of maturity,,,,,,no previous convictions,,,,,,,,grievous bodily harm with intent,,immediate custody
33,deliberate harm,intent more harm,leading role gang,premeditation,,,use of weapon,serious injury,repeated assault,personally vulnerable,,,,,,,,,,,,,,,,,,,,,,,,,,,,no previous convictions,,,,,,,,grievous bodily harm with intent,,immediate custody
33,,,,,,,,,repeated assault,,lack of premeditation,,,,,,,,,,,,,,,,presence of others,,,,,,,,,,,no previous convictions,,,,,,,,,common assault,
33,,,,,,,,serious injury,,,,,,,,,,,,,,,,,,,,,,,,,good character,isolated incident,,,,,primary carer,,single blow,,,,,,common assault,
33,,,,,,,,,,,lack of premeditation,,,,,,,,,,,,,,,,,,,,,,,,,,,,,,,early guilty plea,,,,,common assault,immediate custody
33,,,,,,,,,repeated assault,,lack of premeditation,,,,,,,,,,,,,,,,presence of others,,,,,,,,,,,,,,,,,,,,common assault,
33,,,,,,,,,,,,,,selfdefence,,,,,,,,,,,,,,,,,,,,,,,,,,,,,,,,,common assault,
33,,,,,,,,,,,lack of premeditation,,,,,,,,,,,,,location,,,presence of others,,timing of the offence,,,,,,,,,,,,single blow,,,,,,common assault,
33,,,,,,,,,,personally vulnerable,,,,,,,,,,,,,,,,,,,,,,,good character,isolated incident,,medical condition,,,,,,,,,,,common assault,
33,,,,,,,,,,,lack of premeditation,,,,,,,,,,,,,,,,,,,,,,good character,isolated incident,,medical condition,,no previous convictions,,,single blow,,,,,,common assault,
33,,,,,,,,,repeated assault,,,,provocation,,,,,,,,,,,,,,,,,,,,,,,,,,,,,,,,,,common assault,immediate custody
33,,,,,,,,,,,,,,,,,,,,,,failure to comply with court orders,,,,,,,,,,,,,,,,,,,single blow,,,,,,common assault,
33,,,leading role gang,premeditation,,,use of weapon,serious injury,repeated assault,,,,,,,,,,,,,,,location,,,presence of others,,timing of the offence,,,,good character,,,,,no previous convictions,,genuine remorse,,,violent disorder,,,,,immediate custody
33,,,,,,,,,,,,,,,,,,,,,,,,,,,,,,,,,,,,,,,,,,early guilty plea,violent disorder,,,,,immediate custody
33,,,,,,,,,,,,,,,,,,,,,,,,,,,,,,,,,,,,,,,,,,,violent disorder,,,,,immediate custody
NA,,,,,,,,serious injury,,personally vulnerable,lack of premeditation,,,selfdefence,,,,,,,,failure to comply with court orders,,,,,,,,under influence drugs/alcohol,addressing addiction,,,,,,,,,,,,,,,,,
NA,,,,premeditation,,vulnerable victim,use of weapon,,,personally vulnerable,,,,,,less serious injury,,,,,,,,location,,ongoing effect,presence of others,previous violence,,,,,,,,,,,,,,,,,,,,
NA,,,,premeditation,,,use of weapon,,repeated assault,,,mental disorder (related to the offence),,,,,,,,,,,,location,,,,,timing of the offence,under influence drugs/alcohol,,,,,,medical condition,mental disability (general),,,,,,,,,,,
NA,,,,,,,,serious injury,,,,,,,,,,,,,,,,,,,,,,,,,,,lapse of time,,,,,,single blow,,,,,,,immediate custody
NA,,,,,,,,serious injury,,,,,,,,,,,,,,,,,,,,previous violence,,,,,good character,,,,,no previous convictions,,genuine remorse,,early guilty plea,,,,,,
NA,,,,,,,,serious injury,,,lack of premeditation,,,selfdefence,,,,,,,,,,,,,,,,,,,good character,isolated incident,,,,,,genuine remorse,single blow,,,,,,,
NA,,,,,,,use of weapon,,,,,,,,,less serious injury,,,,,,,,location,,,,,,,,,,,,,,,,,single blow,,,,,,,
NA,deliberate harm,,,,,,,serious injury,,,,,,,,,,,on bail,,,,,,,,,,,under influence drugs/alcohol,,,,,,,,,,,,,,,,,,
NA,,,,premeditation,,,use of weapon,serious injury,,,,,,,,less serious injury,,,,,,,,,,,,,,,,,good character,,,,,no previous convictions,,genuine remorse,,,,affray,,,,
NA,deliberate harm,,,premeditation,,,,serious injury,,,,,provocation,,,,,,,,,,,,,,,,,under influence drugs/alcohol,addressing addiction,,,,,,,no previous convictions,,genuine remorse,,,,,,grievous bodily harm with intent,,immediate custody
NA,,,,premeditation,,vulnerable victim,,serious injury,repeated assault,,,,,,subordinate role gang,,,,,,,,gratuitous degradation,,,,presence of others,,,,,,,,,,,,,,,,,,,grievous bodily harm with intent,,immediate custody
NA,,,,premeditation,,vulnerable victim,,serious injury,repeated assault,,,,,,subordinate role gang,,,,,,,,gratuitous degradation,,,,presence of others,,,,,,good character,,,,,no previous convictions,,,,,,,,grievous bodily harm with intent,,immediate custody
NA,,,,,,,use of weapon,serious injury,,,,,,,,less serious injury,,,,,,,,,,,,,,,,lack of maturity,,,,,,,,genuine remorse,,,,,,grievous bodily harm with intent,,immediate custody
NA,,,,,,,,,,,lack of premeditation,,,selfdefence,,,,,,,,,,,,,,,,under influence drugs/alcohol,,,good character,isolated incident,,,,no previous convictions,,,single blow,early guilty plea,,,grievous bodily harm,,,
NA,,,,,,,,serious injury,,,lack of premeditation,,,,,,,,,,,,,,,ongoing effect,presence of others,,,under influence drugs/alcohol,,,,,,,,,,,single blow,early guilty plea,,,grievous bodily harm,,,immediate custody
NA,,,,,,,,serious injury,,,lack of premeditation,,,,,,,,,,,,,location,,ongoing effect,,,timing of the offence,,,,,,,,,,,genuine remorse,single blow,early guilty plea,,,grievous bodily harm,,,immediate custody
35,,,,,,,,,,,,,,,,,,,,,,,,,,,,,,,,,good character,isolated incident,,,,no previous convictions,,genuine remorse,,early guilty plea,,affray,,,,
35,,,,,,,,,,,,,,,,,,,,,,,,,,,,,,,,,,,,,,,,,,,,affray,,,,
35,,,,,,,,,,,,,,,,,,,,,,,,,,,,,,,,,,,,,,,,,,,,affray,,,,
35,,,,,,,,,,,,,,,,,,,,,,,,,,,,,,,,,,,,,,,,,,,,affray,,,,
35,,intent more harm,,premeditation,,,use of weapon,,repeated assault,personally vulnerable,,,,,,less serious injury,,,,,,,,location,,,,,,under influence drugs/alcohol,,,,,,,,,,,,,,affray,,,,immediate custody
35,,,,,,,,,,,,,,,,,,,,,,,,,,,,,,,,,,,,,,,,,,,,affray,,,,
35,,,,,,,,,,,lack of premeditation,,provocation,,subordinate role gang,,,,,,,,,,,,,,,under influence drugs/alcohol,,,,,,,,,,,,,,affray,,,,
35,,,,,,,,,,,lack of premeditation,,,,,less serious injury,,,,,,,,,,,,,,,,,,,,,,no previous convictions,,genuine remorse,single blow,early guilty plea,,affray,,,,
35,,,,,,,,,,,,mental disorder (related to the offence),,,,,,,,,,,,location,,,,,,under influence drugs/alcohol,,,,isolated incident,,,mental disability (general),no previous convictions,,,,,,affray,,,,
35,,,,,,,use of weapon,,,,,,,,,,,,,,,,,,,,,,,,addressing addiction,,,,,,,,,,,,,affray,,,,immediate custody
35,,,leading role gang,,,,,,repeated assault,,,,,,,,,,,,,,,location,,,presence of others,,,,,,,,,,,,,,,early guilty plea,,,,,,immediate custody
35,,,,,,vulnerable victim,use of weapon,,,,,,,,,,,,,,,,,location,,,,,,,,,,isolated incident,,,,no previous convictions,,,,,,,,,,immediate custody
35,,,,premeditation,,vulnerable victim,use of weapon,serious injury,,personally vulnerable,,,provocation,,,,,,,,failure to respond to warnings,,,location,,,presence of others,,,under influence drugs/alcohol,,,,,,,,,,,single blow,early guilty plea,,,,,,immediate custody
35,,,,,,,,,,,lack of premeditation,mental disorder (related to the offence),,,,,,,,,,,,,,,,,,,,,,,,medical condition,mental disability (general),,,genuine remorse,,,,,,,,
35,,,,,,,,,,,,,,,,,,,,,,,,location,,,,,,,,lack of maturity,,,,,,,,,,,,,,,,immediate custody
35,,,,,,,,,,,,,,,,,,,,,,,,location,,,,,,,,lack of maturity,,,,,,,,,,early guilty plea,,,,,,immediate custody
35,,,,,,,,,,,,,,,,less serious injury,,,,,,,,location,,,,,,,,,,,,,,,,,single blow,,,,,,,immediate custody
35,,,,,,,use of weapon,serious injury,,,lack of premeditation,,provocation,,,,,,,,,,,,,,,,,,,,good character,isolated incident,lapse of time,,,no previous convictions,primary carer,genuine remorse,single blow,early guilty plea,,,,,,
35,,,,,,,,,,,,,,,,,,,,,,,,,,,,,,,,,good character,,,,,no previous convictions,,genuine remorse,single blow,,,,,,,
35,,,,,,,use of weapon,,repeated assault,,,,,,,,,,,,,,,location,,,,,,,,lack of maturity,,,,,,,,,,,,,,,,immediate custody
35,,,,,,,,,,,lack of premeditation,,provocation,,,less serious injury,,,,,,,,,,,,,,,,,,,,,,no previous convictions,,genuine remorse,,,,,,,,
35,,,,premeditation,,,use of weapon,,,,,,,,,less serious injury,,against public worker,,,,,,location,,ongoing effect,,,,under influence drugs/alcohol,,,,,,,,,,genuine remorse,single blow,,,,,,,immediate custody
35,,,,,,,use of weapon,serious injury,repeated assault,,lack of premeditation,,,,,,,,,,,failure to comply with court orders,,location,,ongoing effect,,,,under influence drugs/alcohol,,,,,lapse of time,,,,,genuine remorse,,,,,,,,immediate custody
35,,,leading role gang,,,,,,repeated assault,,,,,,,,,,,,,,,location,,,,,timing of the offence,under influence drugs/alcohol,,,,,,,,,,,,early guilty plea,,,,,,immediate custody
35,,,,,,,,serious injury,,,,,,,,,,,,,,,,,on licence,,,previous violence,,,,,,,,,,,,genuine remorse,,early guilty plea,,,,,,immediate custody
35,,,,,,,use of weapon,,repeated assault,personally vulnerable,lack of premeditation,,,,,,,,,,,,,,,,,,,under influence drugs/alcohol,,,,,,,,,,,,early guilty plea,,,,,,immediate custody
35,,,,premeditation,,,,,repeated assault,,,,,,,less serious injury,,,,,,,,,,,,,,,,,,,,,,,,,,,,,,,,immediate custody
35,,,,,,,,,repeated assault,,,,,,subordinate role gang,,,,,,,,,location,,,,,timing of the offence,under influence drugs/alcohol,,,,,,,,no previous convictions,,,,early guilty plea,,,,,,immediate custody
35,,,,,,,,,,,,,provocation,,,,,,,,,,,location,,,,,,,,,,,,,,,,,single blow,,,,,,,
35,,,,,,,use of weapon,serious injury,repeated assault,,,,,,,,,,,,,,,,,,,,,under influence drugs/alcohol,,,,,,,,,,genuine remorse,,,,,,,,immediate custody
35,,,leading role gang,,,,,,repeated assault,,,,,,,,,,,,,,,location,,,,,timing of the offence,under influence drugs/alcohol,,,,,,,,,,,,early guilty plea,,,,,,immediate custody
35,,,,,,,use of weapon,,repeated assault,,,,,,,,,,,,,,,,,,,,,,,,,,,,,,,,,,,,,,,immediate custody
35,,,,,,,,,,,lack of premeditation,,provocation,,,less serious injury,,,,,,,,,,,,,,,,,,,,,,,,,,,,,,,,
35,,intent more harm,,,,,use of weapon,,,,lack of premeditation,,,,,,,,,,failure to respond to warnings,,,,,,,,,,,,,,,,,,,,,,,,,,,immediate custody
35,,,,,,,use of weapon,,,,,,provocation,,,,,,,,,,,,,,,previous violence,,,,,,,,,,,,,single blow,,,,,,,
35,,,,,,,,,,personally vulnerable,,,,,,,,,,,,,,,,,,,,,,,,,,,,,,,,,,,,,,immediate custody
35,,,,,,,,,,,,,,,,,,,,,,,,,,,,,,,,,,,,,,,,,,,,,,,,
35,,,,,,,,,,,lack of premeditation,,,,,,,,,victim forced to leave home,,,gratuitous degradation,,,,,,,,,,,,,,,,,,,,,,,,,immediate custody
35,,,,,,,use of weapon,,repeated assault,personally vulnerable,,,,,,,,,,,,,,,,,,,,,,,,,,,,,,,,,,affray,,,,immediate custody
35,,,,,,,,,,,,,,,,,,,,,,,,location,,ongoing effect,,,timing of the offence,under influence drugs/alcohol,,lack of maturity,,,,,,no previous convictions,,,single blow,,,,grievous bodily harm,,,immediate custody
35,,,,,,,use of weapon,,,,,,,,,,,,,,,,,,,,,,,,,,,,,,,,,,,,,,grievous bodily harm,,,immediate custody
35,,,,,,,,serious injury,,,,,,,,,,,,,,,,,,,,,,,,,,,,,,,,,,,,,grievous bodily harm,,,immediate custody
35,,,,,,,,,,,,,,,,,,,,,,,,,,,,,,,,,,,,,,,,genuine remorse,,early guilty plea,,,grievous bodily harm,,,
35,,,,,,,,,,,lack of premeditation,,,,,less serious injury,,,,,,,,,,,,,,,,,good character,isolated incident,lapse of time,,,no previous convictions,,genuine remorse,single blow,,,,grievous bodily harm,,,
35,,,,,,,,,,,,,,,,,,,,,,,,,,,,,,,,,good character,,,,,no previous convictions,,genuine remorse,,early guilty plea,,,grievous bodily harm,,,
35,,,leading role gang,,,vulnerable victim,use of weapon,serious injury,,personally vulnerable,,,,,,,,,,,,,,location,,,,,,,,,,,,,,no previous convictions,,genuine remorse,single blow,,,,,grievous bodily harm with intent,,immediate custody
35,,,,,,,,serious injury,,,,,,selfdefence,,,,,,,,,,,,,,,,,,,,,,,,no previous convictions,,,single blow,,,,grievous bodily harm,,,immediate custody
35,deliberate harm,,,,,,use of weapon,serious injury,,,,,,,,,,,,,,failure to comply with court orders,,location,,,,,,under influence drugs/alcohol,,lack of maturity,,,,,,,,,,,,,,grievous bodily harm with intent,,immediate custody
35,,,,,,vulnerable victim,,serious injury,repeated assault,,,,,,,,,,,,,,,,,ongoing effect,,previous violence,,,,,,,,,,,,,,,,,,grievous bodily harm with intent,,immediate custody
35,,,,,,,use of weapon,,,personally vulnerable,,,,,,,,,,,,,,,,,,previous violence,,,,,,,,,,,,,,,,,,grievous bodily harm with intent,,immediate custody
35,,,,,,vulnerable victim,use of weapon,,repeated assault,,,,,,,,,,on bail,,,,,,,,,,,,,,,,,,,,,,,,,,,grievous bodily harm with intent,,immediate custody
35,,,,,,,use of weapon,serious injury,,,,,,,,,abuse of trust,,,,,,,,,,,previous violence,,,,,,,,,,,,,,,,,,,common assault,immediate custody
35,,,,,,,,,,,,,provocation,,,,,,,,,,,,,,,,,,,,,,,,,,,,,,,,,,common assault,immediate custody
35,,,,,,,,,,,,,,,,,,,,,,,,,,,,,,,,,,,,,,,,,,,,,,,common assault,
NA,,,,,,,,,,,,,,,,,,against public worker,,,,,,,,,,,,under influence drugs/alcohol,,,,,,medical condition,mental disability (general),,,genuine remorse,,,,,,,common assault,
NA,,,,,,,,serious injury,,,lack of premeditation,,,,,,,,,,,,,location,,,,,timing of the offence,under influence drugs/alcohol,,,,isolated incident,,,,no previous convictions,,genuine remorse,single blow,early guilty plea,,,,,,
NA,,,,,,,,,,,lack of premeditation,,provocation,,,less serious injury,,,,,,,,,,,,,,,,,good character,,,,,,,,,,,,,,,
NA,,,,premeditation,,,use of weapon,,repeated assault,personally vulnerable,,,provocation,,,,,,,,,,,,,,presence of others,,,under influence drugs/alcohol,,,,,,,,,,,,early guilty plea,,,,,,immediate custody
NA,,,,,,,use of weapon,,,,,,,,,,,against public worker,,,,,,,,,presence of others,,,under influence drugs/alcohol,addressing addiction,,good character,isolated incident,,,,no previous convictions,primary carer,genuine remorse,single blow,early guilty plea,,,,,,
NA,,,,,,,,,,personally vulnerable,,,,selfdefence,,,abuse of trust,,,,,,,location,,ongoing effect,presence of others,,,,,,,,,,,no previous convictions,,genuine remorse,single blow,,,,,,,
NA,,,,,,,,serious injury,,,lack of premeditation,,provocation,,,,,,,,,,,location,,,,,,,,,,,,,,,,genuine remorse,,early guilty plea,,,,,,
NA,,,,,,,,,repeated assault,,,,,,,,,,,,,,,,,,,,,,,,,,,,,no previous convictions,,,,early guilty plea,,,,,,
NA,,,,,,,,,repeated assault,,,,provocation,selfdefence,,,,,,,,,,,,,,,,,,,,,,,,,,genuine remorse,,early guilty plea,,,,,,
NA,,,,,,vulnerable victim,use of weapon,,,,lack of premeditation,,,,,less serious injury,,against public worker,,,,,,,,,,,,under influence drugs/alcohol,,,,isolated incident,,,,no previous convictions,,genuine remorse,single blow,early guilty plea,,,,,,
NA,,,,,,,,,,,,,,,subordinate role gang,,,,,,,,,location,,,,,,under influence drugs/alcohol,,,good character,isolated incident,,,,no previous convictions,,genuine remorse,,early guilty plea,,,,,,
NA,,intent more harm,,,,,use of weapon,,repeated assault,,lack of premeditation,,,,,,,,,,,,,,,,,,,under influence drugs/alcohol,,,,,,,,,,,,early guilty plea,,,,,,immediate custody
NA,,,,premeditation,,,,,,,,,,,,less serious injury,,,,,,,,location,,,,,,,,,good character,,,,,no previous convictions,,genuine remorse,single blow,early guilty plea,,,,,,
NA,,,,,,,use of weapon,,repeated assault,,,,,,subordinate role gang,,,,,,,,,,,,,,,under influence drugs/alcohol,,,,,,,,no previous convictions,primary carer,,single blow,early guilty plea,,,,,,
NA,,,,,,,,,repeated assault,,,,,,,,,,,victim forced to leave home,,failure to comply with court orders,,,,,,,,under influence drugs/alcohol,,,,,,,,,,,,,,,,,,immediate custody
NA,,,,,,,,,,,lack of premeditation,,provocation,,,less serious injury,,,,,,,,,,,,,,,,,good character,isolated incident,,,,,,genuine remorse,single blow,,,,,,,
NA,,,,,,,use of weapon,,repeated assault,,,,,selfdefence,,less serious injury,,,,,,,,,,,,,,under influence drugs/alcohol,,,,,,,,,,genuine remorse,,,,,,,,immediate custody
NA,,,,,,,use of weapon,,repeated assault,,,,provocation,,,,,,,,,,,location,,,,,timing of the offence,under influence drugs/alcohol,,,,,,,,,,,,early guilty plea,,,,,,immediate custody
NA,,intent more harm,,,,,use of weapon,serious injury,,,,,,,,,abuse of trust,,,victim forced to leave home,,,,location,,ongoing effect,presence of others,,,,,,good character,isolated incident,,,,no previous convictions,,genuine remorse,,,,,,,,immediate custody
NA,,,,,,,,,,,,,,,,,,,,,,,,location,,,,,,,,,good character,,,,,no previous convictions,,,,,,,,,,
NA,,,,,,,,,,,lack of premeditation,,,,,less serious injury,,,,,,,,,,,,,,under influence drugs/alcohol,addressing addiction,,,,,,,,,genuine remorse,,,,,,,,
NA,,,,,,,,,repeated assault,,,,provocation,,,,,,,,,,,location,,,,,,,,,,,,,,,,,,early guilty plea,,,,,,
NA,,,leading role gang,,,,,,,,,,,,,less serious injury,,,,,,,,,,,,,,under influence drugs/alcohol,,,good character,isolated incident,,,,no previous convictions,,genuine remorse,,,,,,,,
NA,,,,,,vulnerable victim,,serious injury,,personally vulnerable,,,,,,,,against public worker,,,,,gratuitous degradation,,,,presence of others,,,,,,,,,,,,,,,,,,,,,immediate custody
NA,deliberate harm,intent more harm,,,,,use of weapon,serious injury,repeated assault,,,,,,,,,,,,,,,location,,,,,timing of the offence,,,lack of maturity,,,,,,,,genuine remorse,,early guilty plea,,,,,,immediate custody
NA,,,,premeditation,,,,,repeated assault,,,,,,,less serious injury,,,,,,,,location,,,,,,,,,good character,,,,,no previous convictions,,genuine remorse,,,,,,,,
NA,,,,,,,,serious injury,repeated assault,,,,,,,,,,,,,,,location,,,,,timing of the offence,under influence drugs/alcohol,,,,,,,,no previous convictions,,,,early guilty plea,,,,,,
NA,,,,,,,use of weapon,,repeated assault,personally vulnerable,,,,,,less serious injury,,,,,,,,location,,ongoing effect,,,,,,,,,,,,,,genuine remorse,,,,,,,,immediate custody
NA,,,leading role gang,,,,,,,,,,,,,less serious injury,,,,,,,,,,,,,,under influence drugs/alcohol,,,good character,isolated incident,,,,no previous convictions,,genuine remorse,,,,,,,,
NA,,,,premeditation,,,use of weapon,,repeated assault,,,,,,,,,,,,,,,,,,,,,,,,,,,,,,,,,,,,,,,immediate custody
NA,,intent more harm,leading role gang,premeditation,,,,,repeated assault,,,,,,,,,,,,,,,location,,,,,,under influence drugs/alcohol,,,,,,,,no previous convictions,,,,,,,,,,immediate custody
NA,,,,,,,,,,,,,,,,,,,on bail,,,,,location,,,,,,,,,,,,,,,,,,,,,,,,immediate custody
NA,,,,,,,,,,,,,,,,less serious injury,,against public worker,,,,,,,,,,,,,,,,isolated incident,,,,,,genuine remorse,,,,,,,,
NA,,,,premeditation,,,use of weapon,,,,,mental disorder (related to the offence),,,,less serious injury,,,,,,,,,,,,,,,,,,,,,,,,,,early guilty plea,,,,,,
NA,,intent more harm,leading role gang,premeditation,,,,,repeated assault,,,,,,,,,,,,,,,location,,,,,,under influence drugs/alcohol,,,,,,,,,,,,,,,,,,immediate custody
NA,,,,,,,,serious injury,,,lack of premeditation,,,,,,,,,,,,,location,,,,,,under influence drugs/alcohol,,,good character,isolated incident,,,,no previous convictions,,genuine remorse,single blow,early guilty plea,,,,,,
NA,,,,,,vulnerable victim,use of weapon,serious injury,repeated assault,,,,,,,,,,,,,,,,,,,,,,addressing addiction,,,,,,,,,genuine remorse,,,,,,,,immediate custody
NA,,,,,,,,,repeated assault,personally vulnerable,,,,,,,,,,,,failure to comply with court orders,,,,,,previous violence,,,,,,,,,,,,,,,,,,,,immediate custody
NA,,,,premeditation,,,,,repeated assault,,,,,,,,,,,,,,,location,,,,,,under influence drugs/alcohol,,,,,,,,,,,,,,,,,,immediate custody
NA,,,,,against race/religion,vulnerable victim,,,,,lack of premeditation,,,,,less serious injury,,,,,,,gratuitous degradation,location,,,,,,under influence drugs/alcohol,,,,,,,,,,,,,,,,,,
NA,,,,,,,,,repeated assault,,lack of premeditation,,,,,,,,,,,,,,,,,,,,,,,,,,,,,,,,,,,,,
NA,,,,,,,,,,,,,,,,less serious injury,,,,,,,,,,,,,,under influence drugs/alcohol,,,,,,,,no previous convictions,,genuine remorse,,early guilty plea,,,,,,
NA,,,leading role gang,,,,use of weapon,serious injury,repeated assault,,,,,,,,,,,,,,,,,,,,,under influence drugs/alcohol,,lack of maturity,,,,,,no previous convictions,,genuine remorse,,,,,,,,immediate custody
NA,,,,,,,use of weapon,serious injury,repeated assault,,,,,,subordinate role gang,,,,,,,,,,,,,,,under influence drugs/alcohol,,lack of maturity,,,,medical condition,mental disability (general),,primary carer,genuine remorse,,,,,,,,
NA,,,,,,,,serious injury,repeated assault,,,,,,,,abuse of trust,,,victim forced to leave home,,,gratuitous degradation,,,ongoing effect,,,,under influence drugs/alcohol,,,good character,,,,,,,genuine remorse,,early guilty plea,,,,,,immediate custody
NA,,,leading role gang,,,,use of weapon,,repeated assault,,lack of premeditation,,,,,less serious injury,,,,,failure to respond to warnings,,,,,,,,,under influence drugs/alcohol,addressing addiction,,,,,,,,,genuine remorse,,,,,,,,
NA,,,,,,,use of weapon,,,,lack of premeditation,mental disorder (related to the offence),,,,less serious injury,,,,,,,,location,,,,,timing of the offence,,,lack of maturity,good character,,,medical condition,mental disability (general),,,genuine remorse,single blow,early guilty plea,,,,,,
NA,,,,,,,,,,,,,,,,less serious injury,,,,,,,,location,,,,,,,,,,isolated incident,,,,no previous convictions,,,,early guilty plea,,,,,,
NA,,intent more harm,,,,,use of weapon,,,,,,,,,,,,,,,failure to comply with court orders,,,,,,,,under influence drugs/alcohol,,lack of maturity,,,,,,,,,,,,,,,,immediate custody
NA,,,,,,,use of weapon,,,,,,,,,less serious injury,,,,,,,,,,,,,,,,,,,,,,no previous convictions,,genuine remorse,single blow,early guilty plea,,,,,,
NA,,,,,,,,serious injury,repeated assault,,lack of premeditation,,,,,,,,,,,failure to comply with court orders,,,,,presence of others,,,,,,,,,,,,,genuine remorse,,,,,,,,immediate custody
NA,deliberate harm,intent more harm,,,,,,serious injury,repeated assault,,,,,,,,,,,,,,,,,,,,,under influence drugs/alcohol,,,,,,,,,,,,early guilty plea,,,,,,immediate custody
NA,,,,,,,,,repeated assault,,,,,,,,,,,,,,,location,,,presence of others,,,under influence drugs/alcohol,,,,,,,,,,,,,,,,,,
NA,,,,,,vulnerable victim,use of weapon,serious injury,,personally vulnerable,,,,,,,abuse of trust,,,,,,,location,,ongoing effect,presence of others,,,under influence drugs/alcohol,,,,,,,,,,,,early guilty plea,,,,,,immediate custody
NA,,,,,,,,,,,,,,,,,,,,,,,,,,,,previous violence,,under influence drugs/alcohol,,,,,,,,,,,,early guilty plea,,,,,,immediate custody
NA,,,,,,,use of weapon,,,,,,,,,less serious injury,,against public worker,on bail,,,,,,,,,,,,,,,,,,,no previous convictions,,,,,,,,,,immediate custody
NA,,,leading role gang,,,,,,,,,,,,,less serious injury,,,,,,,,,,,,,,under influence drugs/alcohol,,,good character,isolated incident,,,,no previous convictions,,genuine remorse,,,,,,,,
NA,deliberate harm,intent more harm,,,,,use of weapon,serious injury,repeated assault,personally vulnerable,,,,,,,abuse of trust,,,victim forced to leave home,,,,location,,,,,timing of the offence,under influence drugs/alcohol,,,,,,,,,,,,,,,,,,immediate custody
NA,,,,,,vulnerable victim,use of weapon,serious injury,,personally vulnerable,,,,,,,abuse of trust,,,,,,,,,ongoing effect,,previous violence,,under influence drugs/alcohol,,,,,,,,,,,single blow,,,,,,,immediate custody
NA,,,,,,,,,,,lack of premeditation,,,,,less serious injury,,,,,,,,location,on licence,,,,,under influence drugs/alcohol,,,,,,,,,primary carer,,,,,,,,,
NA,,,,premeditation,,,,,repeated assault,personally vulnerable,,,,,,,,against public worker,,,,,,location,,ongoing effect,,,,,,,,,,,,,,,,early guilty plea,,,,,,immediate custody
NA,,,leading role gang,,,,,,,,,,,,,less serious injury,,,,,,,,,,,,,,under influence drugs/alcohol,,,good character,isolated incident,,,,no previous convictions,,genuine remorse,,,,,,,,
NA,,,,,,,use of weapon,serious injury,,,lack of premeditation,,,,,,,,,,,,,location,,,,,timing of the offence,,addressing addiction,lack of maturity,good character,isolated incident,,,,no previous convictions,,genuine remorse,single blow,early guilty plea,,,,,,
NA,,,,,,,,,,,lack of premeditation,,,,subordinate role gang,less serious injury,,,,,,,,,,,,,,,,,,,,,,,,,,,,,,,,
NA,,,,,,,use of weapon,,,,lack of premeditation,,,,,less serious injury,,,,,,,,,,,,,,,,,,,,,,,,genuine remorse,single blow,early guilty plea,,,,,,
NA,deliberate harm,,,,,,,,repeated assault,,lack of premeditation,,,,subordinate role gang,,,,,,,,,,,,presence of others,,,under influence drugs/alcohol,,,good character,,,,,no previous convictions,,genuine remorse,,early guilty plea,,,,,,
NA,,,,,,,,,,personally vulnerable,,,,selfdefence,subordinate role gang,,,,,,,,,location,,,,,timing of the offence,,,,,isolated incident,,,,,,,single blow,,,,,,,immediate custody
NA,,,,,,vulnerable victim,,,,personally vulnerable,,,,,,,abuse of trust,,on bail,,,,,,,ongoing effect,,,,,,,,,,,,,,,,,,,,,,immediate custody
NA,,,,,,,use of weapon,,,,,,provocation,,,,,,,,,,,location,,,,,,under influence drugs/alcohol,,,,,,,,,,,,early guilty plea,,,,,,immediate custody
NA,,,,premeditation,,,,serious injury,,,,,,,,,,,,,,,,,,ongoing effect,,,,,,,,,,,,,,,,,,,,,,immediate custody
NA,,,,,,,use of weapon,,,,,,,,,less serious injury,,,,,,,,location,,,,,,,,,,,,medical condition,,no previous convictions,,genuine remorse,,early guilty plea,,,,,,
NA,,,,,,,,,,,lack of premeditation,,provocation,,,,,,,,,,,,,,,,,under influence drugs/alcohol,,,,,,,,,,genuine remorse,single blow,,,,,,,
NA,,,,,,,use of weapon,,repeated assault,,,,,,,,,,,,,,,location,on licence,,,,,under influence drugs/alcohol,,,,,,,,,,,,,,,,,,immediate custody
NA,,,,,,,use of weapon,,,,,,,,,less serious injury,,,,,,,,location,,ongoing effect,presence of others,,,under influence drugs/alcohol,,,,,,,,no previous convictions,,,,,,,,,,immediate custody
NA,,,,,,vulnerable victim,,,,,,,,,,,,,,,,,,,on licence,,,,,,addressing addiction,,,,,,,,,,single blow,,,,,,,immediate custody
NA,,,,,,,use of weapon,,,,,,,,,,,,,,,,,location,,,,,,under influence drugs/alcohol,,,,isolated incident,,,,no previous convictions,primary carer,genuine remorse,,,,,,,,
NA,,,,,,,,,repeated assault,,lack of premeditation,,,,,less serious injury,,,,,,,,location,,ongoing effect,presence of others,,,,,,,,,,,no previous convictions,,,,,,,,,,
NA,,,,,,vulnerable victim,,,repeated assault,,,,,,,,,,on bail,,,,,,,ongoing effect,,previous violence,,,,,good character,,,,,no previous convictions,,,,,,,,,,immediate custody
NA,,,,,,,,,,,,,,,,,,,,,,,,,,,,,,,,,,,,,,,primary carer,,,,,,,,,
NA,,,,,,,,,repeated assault,personally vulnerable,lack of premeditation,,,,,less serious injury,,,,,,,,,,,,,,under influence drugs/alcohol,addressing addiction,,,,,medical condition,mental disability (general),,,,,,,,,,,
NA,,,,,,,,,repeated assault,,,,,,,,,,,,,,,location,,,presence of others,previous violence,,under influence drugs/alcohol,,,,,,,,,,,,,,,,,,immediate custody
NA,,,,,,,,serious injury,,,,,,selfdefence,,,,,,,,,,,,ongoing effect,,,,under influence drugs/alcohol,,,,,,,,,,,single blow,,,,,,,
NA,,,,,,,use of weapon,,,,,,,,,,,,,,,,,,,,,,,,,,,,,,,,,,single blow,,,,,,,immediate custody
NA,,,,,,,,,,personally vulnerable,,,provocation,,,,,,,,,,,,,,,,,,,,,,,,,,,,,,,,,,,immediate custody
NA,,,,,,,,,,,,,,,,,,,,,,,,,,,,,,,addressing addiction,,,,,,,,,,,early guilty plea,,,,,,immediate custody
NA,,,,,,,use of weapon,,,,,,,,,,,,,,,failure to comply with court orders,,,,,,,,,,,,,,,,,,,,,,,,,,immediate custody
NA,,,,,,,,,,,,mental disorder (related to the offence),,,,,,,,,,,,,,,,,,under influence drugs/alcohol,,,,,,,,,,,,early guilty plea,,,,,,immediate custody
NA,,,,,,,use of weapon,,repeated assault,,,,,,,,,,,,,,,,,,presence of others,,,,,,,,,,,,,,,,,,,,,immediate custody
NA,,,,,,,,serious injury,,,,,,,,,,,,,,,,location,,,,,,,,,,,,,,,,,single blow,,,,,,,immediate custody
NA,,,,,,vulnerable victim,,,,personally vulnerable,lack of premeditation,,,,,,abuse of trust,,,,,,,,,,presence of others,,,under influence drugs/alcohol,addressing addiction,,,,,,,,,genuine remorse,single blow,early guilty plea,,,,,,
NA,,,,,,,,,,,,,provocation,,,less serious injury,,,,,,,,,,,,,,,,,,,,,,,,,,,,,,,,
NA,,,,premeditation,,vulnerable victim,use of weapon,,,personally vulnerable,,,,,,,,,,,,,,location,,,,,timing of the offence,under influence drugs/alcohol,,,,,,,,,,,single blow,early guilty plea,,,,,,immediate custody
NA,,intent more harm,,premeditation,,,use of weapon,,,personally vulnerable,,,,,,,,,,,,,,,,,presence of others,,,,,,,,,,,,,,single blow,early guilty plea,,,,,,immediate custody
NA,,,,premeditation,,,,,,,,,,,,,,against public worker,,,,,,,,,,,,,,,,,,,,,,genuine remorse,single blow,early guilty plea,,,,,,immediate custody
NA,,,,,,,,,repeated assault,,,,,,,,,,,,,,,,,ongoing effect,,,,under influence drugs/alcohol,,lack of maturity,good character,isolated incident,,,,no previous convictions,,,,,,,,,,
NA,,,,,,,use of weapon,serious injury,,,,,provocation,,,,,,,,,,,,,,,,,,addressing addiction,,,,,,,,,genuine remorse,single blow,early guilty plea,,,,,,
NA,,,,,,,,serious injury,,personally vulnerable,lack of premeditation,,,,,,,against public worker,,,,,,,,,presence of others,,,under influence drugs/alcohol,,lack of maturity,,,,,,,,genuine remorse,single blow,early guilty plea,,,,,,immediate custody
NA,,,,,,vulnerable victim,use of weapon,serious injury,repeated assault,personally vulnerable,,,,,,,abuse of trust,,,,,,,location,,ongoing effect,presence of others,previous violence,timing of the offence,,,,,,,,,,,,,,,,,,,immediate custody
NA,,,,,,,,,,,lack of premeditation,,,,,less serious injury,,,,,,,,,,,,,,,,,good character,isolated incident,,,,,,genuine remorse,single blow,early guilty plea,,,,,,
NA,,,,,,vulnerable victim,,,,,,,,,,,,against public worker,,,,,,,,,,,,under influence drugs/alcohol,,,good character,isolated incident,,,,no previous convictions,,genuine remorse,,,,,,,,
NA,,,,,,,,,,personally vulnerable,,,,selfdefence,,less serious injury,,,,,,,,location,,,,,,,,lack of maturity,,,,,,,,genuine remorse,,,,,,,,
NA,,intent more harm,,,,,use of weapon,,,,,,,,,,,,,,,,,location,,,,,timing of the offence,under influence drugs/alcohol,,,,,,,,,,,,,,,,,,immediate custody
NA,,,,,,vulnerable victim,,,,personally vulnerable,,,,,,,,,,,,,,,,,,previous violence,,under influence drugs/alcohol,,,,,,,,,,,,,,,,,,immediate custody
NA,,,,,,,,,,,,,,,,less serious injury,,,,,,,,,,,,,,,,,,,,,,,,,,,,,,,,immediate custody
NA,,,,,,vulnerable victim,use of weapon,,repeated assault,personally vulnerable,,,,,,,,,,victim forced to leave home,,,,location,,,,,,under influence drugs/alcohol,,,good character,,,,,,,,,,,,,,,immediate custody
NA,,,,,,,,serious injury,,,lack of premeditation,,provocation,selfdefence,,,,,,,,,,,,,,,,,,,,isolated incident,,,mental disability (general),,,,,,,,,,,
NA,,,,,,,use of weapon,,,,,,provocation,,,,,,,,,,,location,,,,,,under influence drugs/alcohol,,,,,,,,no previous convictions,,,,early guilty plea,,,,,,immediate custody
NA,,,,,,,,,repeated assault,,,,,,,less serious injury,,,,,,,,,,,,,,under influence drugs/alcohol,,,,,,medical condition,,,,,,early guilty plea,,,,,,
NA,,,leading role gang,,,,use of weapon,,,,,,,,,less serious injury,,,,,,failure to comply with court orders,,location,,,presence of others,,,under influence drugs/alcohol,,lack of maturity,,,,,,,,,,,,,,,,immediate custody
NA,,,,,,,use of weapon,serious injury,repeated assault,,,,,,,,,,,,,,,,,,,previous violence,,under influence drugs/alcohol,addressing addiction,,,,,,,,,genuine remorse,,,,,,,,immediate custody
NA,,,,,,,use of weapon,,,,,,,,,less serious injury,,,,,,,,,,,,,,,,,good character,,,,,,,genuine remorse,single blow,early guilty plea,,,,,,
NA,,,,,,vulnerable victim,use of weapon,serious injury,,personally vulnerable,,,,,,,,,,,,,,,,,,previous violence,,under influence drugs/alcohol,,,,,,,,,,genuine remorse,single blow,early guilty plea,,,,,,immediate custody
NA,,,,,,,use of weapon,,repeated assault,,,,,,,,,,,,,,,,,,,,,,,,,,,,,,,,,early guilty plea,,,,,,
NA,,,,,,,,,,,,,,,,,,,,,,,,,,,,,,,,,,,,,,,,,,,,,,,,
NA,,,,premeditation,,,,,,,,,,,,,,,,,,failure to comply with court orders,gratuitous degradation,location,,,,previous violence,timing of the offence,under influence drugs/alcohol,addressing addiction,,,,,,,,,genuine remorse,,,,,,,,
NA,,intent more harm,,,,,use of weapon,,repeated assault,,,,,,,,,,,,,,,location,,,,,timing of the offence,under influence drugs/alcohol,,,,,,,,,,,,early guilty plea,,,,,,immediate custody
NA,,,,,,,use of weapon,,,,lack of premeditation,mental disorder (related to the offence),provocation,,,less serious injury,,,,,,,,,,,,,,,,,good character,,,,,no previous convictions,,genuine remorse,single blow,early guilty plea,,,,,,
NA,,,,,,,,,,,lack of premeditation,,,,,less serious injury,,,,,,,,,,,,,,,,,,,,,,,,,,early guilty plea,,,,,,
NA,,,,,,,use of weapon,,,,,,,,,,,,,,,,,location,,,,,,,,,,,,,,,,,single blow,early guilty plea,,,,,,immediate custody
NA,,,,,,vulnerable victim,,,,personally vulnerable,lack of premeditation,,,,,less serious injury,,,,,,,,,,ongoing effect,,,,under influence drugs/alcohol,,,,,,,,,,,,,,,,,,immediate custody
NA,,,,,,,,serious injury,repeated assault,,,,,,,,,,,,,,,location,,,,,timing of the offence,under influence drugs/alcohol,,,,,,,,no previous convictions,,,,early guilty plea,,,,,,
NA,,,,,,,,,repeated assault,,,,,,,,,,,,,,,,,,,,,,,,,,,,,no previous convictions,,genuine remorse,,early guilty plea,,,,,,
NA,,,,,,,use of weapon,,,,,,,,,less serious injury,,,,,,,gratuitous degradation,location,,,,,timing of the offence,,,,good character,isolated incident,,,,no previous convictions,,,,,,,,,,
NA,,,,,,,,,,,,,,,,less serious injury,,against public worker,,,,,,location,,,presence of others,,,,,,,,,,,,,genuine remorse,single blow,early guilty plea,,,,,,immediate custody
NA,,intent more harm,leading role gang,,,,use of weapon,,repeated assault,,,,,,,,,,,,,,,location,,,,,timing of the offence,under influence drugs/alcohol,,,good character,,,,,no previous convictions,,genuine remorse,,early guilty plea,,,,,,immediate custody
NA,,,,,,,,serious injury,,,lack of premeditation,,,,,,,,,,,,,location,,ongoing effect,,,,,,,good character,,,,,no previous convictions,,genuine remorse,single blow,,,,,,,
NA,,,,,,vulnerable victim,use of weapon,serious injury,repeated assault,personally vulnerable,,,,,,,abuse of trust,,,,failure to respond to warnings,,gratuitous degradation,,,,presence of others,previous violence,,under influence drugs/alcohol,addressing addiction,,,,,,,,,genuine remorse,,early guilty plea,,,,,,immediate custody
NA,deliberate harm,intent more harm,,,,,,,repeated assault,,lack of premeditation,,provocation,,,less serious injury,,,,,,,gratuitous degradation,,,,,,,,,,good character,,,,,,,genuine remorse,,,,,,,,immediate custody
NA,,,,,,,,serious injury,,,,,,selfdefence,,,,,,,,,,,,,,,,,addressing addiction,,,,,,,,,genuine remorse,,early guilty plea,,,,,,
NA,,,,,,,use of weapon,,,,,,,,,,,,,,,,,location,,,presence of others,,,under influence drugs/alcohol,,,,,,,,no previous convictions,,,,early guilty plea,,affray,,,,
NA,,,,,,,,,,,,,,,,,,,,,,,,,,,,,,,,,,,,,,,,,,,,affray,,,,
NA,,,,,,,,,,,,,,,,less serious injury,,,,,,,,,,,,,,,,,,isolated incident,,,,,,genuine remorse,,,,affray,,,,
NA,,,,,,,use of weapon,,,,,,,,,,,,,,,,,,,,,,,,,lack of maturity,good character,,,,,no previous convictions,,,,,,affray,,,,
NA,,,,,,,,,,,,,,,,,,,,,,,,,,,,,,,,,,,,,,,,genuine remorse,,,,affray,,,,
NA,,,,premeditation,,,use of weapon,serious injury,,,,,,,,,,against public worker,,,,failure to comply with court orders,,location,,,presence of others,,,under influence drugs/alcohol,addressing addiction,,,,,,,,,,,early guilty plea,,affray,,,,immediate custody
NA,,,,,,,,,,,lack of premeditation,,,,,,,,,,,,,location,,,,,timing of the offence,,,,,,,,,no previous convictions,,genuine remorse,,early guilty plea,,affray,,,,
NA,,,,,,,use of weapon,serious injury,repeated assault,,,,,,,,,against public worker,,,,,,location,,,presence of others,,timing of the offence,under influence drugs/alcohol,,,,isolated incident,,,mental disability (general),no previous convictions,,,,,,affray,,,,
NA,deliberate harm,,,,,,use of weapon,,,,,,,,,,abuse of trust,,,,,,,location,,ongoing effect,presence of others,,timing of the offence,under influence drugs/alcohol,,lack of maturity,,,,,,,,genuine remorse,,early guilty plea,,affray,,,,immediate custody
NA,,,,,,,use of weapon,serious injury,,,lack of premeditation,,,,,,,,,,,failure to comply with court orders,,location,,,,previous violence,timing of the offence,,,lack of maturity,,,,,,,,,,early guilty plea,,affray,,,,immediate custody
NA,,,,,,,,,,,,,,,,,,,,,,,,,,,,,,,,,,,,,,,,,,,,affray,,,,
NA,,,,,,,,,,,,,,,,,,,,,,,,,,,,,,,,,,,,,,,,,,,,affray,,,,immediate custody
NA,,,,,,,,,,,,,,,,,,,,,,,,,,,,,,,,,,,,,,,,,,,,affray,,,,
NA,,,leading role gang,,,,,,,,,,provocation,,,less serious injury,,,,,,,,location,,,presence of others,,,,,,good character,,lapse of time,,,,,genuine remorse,,,,affray,,,,
NA,,,,,,,,,,,,,,,,,,,,,,,,,,,,,,,,,,,,,,,,,,,,affray,,,,
NA,,,,,,,,,,,,,,,,,,,,,,,,,,,,,,,addressing addiction,,,,,,,,,genuine remorse,,early guilty plea,,affray,,,,
NA,,,,,,,,,,,lack of premeditation,,provocation,,,less serious injury,,,,,,,,,,,,,,,,,,,,,,,,,,,,affray,,,,
NA,,,leading role gang,,,,,,,,,,,,,,,,,,,,,location,,,,,timing of the offence,under influence drugs/alcohol,,,,,,,,,,genuine remorse,,early guilty plea,,affray,,,,immediate custody
NA,,,,,,,,,,,lack of premeditation,,,,,,,,,,,,,location,,,presence of others,,timing of the offence,under influence drugs/alcohol,,,,isolated incident,,,,,,genuine remorse,,early guilty plea,,affray,,,,immediate custody
NA,,,,,,,use of weapon,,,,,,,,,,,,,,,,,location,,,,,timing of the offence,,,,,,,,,,,,,,,affray,,,,immediate custody
NA,,,,,,,,,,personally vulnerable,lack of premeditation,,,,subordinate role gang,less serious injury,,,,,,,,,,,presence of others,previous violence,,under influence drugs/alcohol,,lack of maturity,,,,,,,,,,early guilty plea,,affray,,,,
NA,,,,,,,,,,,lack of premeditation,,provocation,,,less serious injury,,,,,,,,location,,,presence of others,,,under influence drugs/alcohol,,,good character,isolated incident,,,,no previous convictions,,genuine remorse,single blow,,,affray,,,,
NA,,,,,,,,,,,,,,,,,,,,,,,,,,,,,,,,,,,,,,,,,,,,affray,,,,
NA,,,,,,,,,,,,,,,,,,,,,,,,,,,,,,,,,,,,,,,,,,,,affray,,,,
NA,,,,,,vulnerable victim,,,,personally vulnerable,lack of premeditation,,,,,,,against public worker,,,,,,,,,,,,under influence drugs/alcohol,,,,,,,,,,,,early guilty plea,,affray,,,,immediate custody
NA,,,,,,,use of weapon,,,,,,,,,,,,,,,,,,,,,,,,,,,,,medical condition,,,,genuine remorse,,,,affray,,,,
NA,,,,,,,,,,,,,,,,,,,,,,,,location,,,,,,,,,,,,,,,,genuine remorse,,,,affray,,,,immediate custody
NA,,,,,,,,,,,,,,,,,,,,,,,,,,,,,,,,,,,,,,,,,,,,affray,,,,
NA,,,,,,,,,,,,,,,,,,,,,,,,,,,,,,,,,,,,,,,,,,,,affray,,,,
NA,,,,,,,,,,,,,provocation,,,,,,,,,,,,,,,,,,,,good character,,,,,no previous convictions,,genuine remorse,,early guilty plea,,affray,,,,
NA,,,,,,,,,,,,,,,,,,,,,,,,,,,,,,,,lack of maturity,good character,isolated incident,,,,no previous convictions,,,,,,affray,,,,
NA,,,,,,,,,,,lack of premeditation,,,,,less serious injury,,,,,,,,location,,,,,,,,,,,,,,,,genuine remorse,,,,,,,common assault,
NA,,,,,,,,,,,,,,,,less serious injury,,,,,,failure to comply with court orders,,,,,,previous violence,,,,,,,,,,,,,,,,,,,common assault,immediate custody
NA,,,,,,,,,,,lack of premeditation,,,,,,,against public worker,,,,,,,,,,,,,addressing addiction,,good character,,,,,,,genuine remorse,,,,,,,common assault,
NA,,,,,,,,,repeated assault,,lack of premeditation,,,,,,,,,,,,,,,,,,,,,,,isolated incident,,,,no previous convictions,,genuine remorse,,,,,,,common assault,
NA,,,,,,,,,,,lack of premeditation,,,,,less serious injury,,,,,,,,,,,,,,,,,,,,,,,,,,early guilty plea,,,,,common assault,
NA,,,,,,,,,,,lack of premeditation,,,,,less serious injury,,,,,,,,,,,,,,,,,,,,,,,,,,,,,,,common assault,
NA,,,,,,,,,,,,,,,,less serious injury,,,,,,,,,,,,,,,,,,,,,,,,genuine remorse,single blow,,,,,,common assault,
NA,,,,,,,use of weapon,,repeated assault,,,,,,,,,,,,,,,location,,,,,timing of the offence,under influence drugs/alcohol,,,,,,,,,primary carer,genuine remorse,,,,,,,common assault,immediate custody
NA,,,,,,vulnerable victim,,serious injury,,,,,,,,,abuse of trust,,,,,,,location,,ongoing effect,,,,,,,,,,,,,,,,,,,,,common assault,immediate custody
NA,,,,,,,,,,personally vulnerable,lack of premeditation,,,,,less serious injury,abuse of trust,,,,,,,location,,ongoing effect,presence of others,previous violence,,under influence drugs/alcohol,,,,,,,,,,,,early guilty plea,,,,,common assault,immediate custody
NA,,,,,,vulnerable victim,use of weapon,,,personally vulnerable,,,,,,less serious injury,,against public worker,,,,,,location,,ongoing effect,,,timing of the offence,,,,,,,,mental disability (general),,,genuine remorse,,,,,,,common assault,immediate custody
NA,,,,,,,,,,,,,,,,,,,,,,,,location,,,,,,under influence drugs/alcohol,,,,,,,,,,,,,,,,,common assault,
NA,,,,,,,,,,,lack of premeditation,,,,,,,against public worker,,,,,,location,,,,,,,,lack of maturity,,isolated incident,,,,,,genuine remorse,,,,,,,common assault,
NA,,,,,,,,,,,,,,,,,,,,,,,,,,,,,,,,,,,,,,,,,,,,,,,common assault,
NA,,,,,,,,,,,lack of premeditation,,,,,less serious injury,,,,,,,,,,,,,,,,,good character,,,,,no previous convictions,,,,early guilty plea,,,,,common assault,
NA,,,,,,,,,,,,,,,,,,,,,,,,,,,,,,,,,,,,,,,,,,early guilty plea,,,,,common assault,
NA,,,,,,,use of weapon,serious injury,,,,,,,,,,,,,,,,,,ongoing effect,,,,under influence drugs/alcohol,,,,,,,,,,,single blow,,,,,grievous bodily harm with intent,,immediate custody
NA,,,leading role gang,,,,use of weapon,serious injury,,,,,,,,,,,,,,,,,,ongoing effect,presence of others,previous violence,,under influence drugs/alcohol,,lack of maturity,,,,,,,,genuine remorse,,early guilty plea,,,,grievous bodily harm with intent,,immediate custody
NA,,,,,,,,,,,,,,,,less serious injury,,,,,,,,,,,,,,,,lack of maturity,good character,isolated incident,,,,no previous convictions,,genuine remorse,,,,,,grievous bodily harm with intent,,immediate custody
NA,,intent more harm,,premeditation,,,use of weapon,,,,,,provocation,,,less serious injury,,,,,failure to respond to warnings,,,,,ongoing effect,,,,under influence drugs/alcohol,,,good character,isolated incident,,,,no previous convictions,,genuine remorse,,early guilty plea,,,,grievous bodily harm with intent,,immediate custody
NA,,,,,,,use of weapon,,repeated assault,,lack of premeditation,,,,,,,,,,,,,,,,,,,under influence drugs/alcohol,addressing addiction,,good character,,,,,,,genuine remorse,,,,,,grievous bodily harm with intent,,immediate custody
NA,,,,premeditation,,,use of weapon,,repeated assault,,,,,,subordinate role gang,,,,,,,,,location,,,presence of others,,,,,,,isolated incident,,,,no previous convictions,,genuine remorse,,,,,,grievous bodily harm with intent,,immediate custody
NA,,intent more harm,,premeditation,,,use of weapon,,,,,,,,,less serious injury,,,,,,,,location,,ongoing effect,,,,under influence drugs/alcohol,,,,isolated incident,,,,,,genuine remorse,,early guilty plea,,,,grievous bodily harm with intent,,immediate custody
NA,,,,,,,use of weapon,serious injury,,,,,,,,,,,,,,,gratuitous degradation,location,,ongoing effect,,,,,,,,,,,,no previous convictions,,,,,,,,grievous bodily harm with intent,,immediate custody
NA,deliberate harm,,,,,,use of weapon,,repeated assault,personally vulnerable,,,,,,,abuse of trust,,,,,,,location,,,presence of others,,timing of the offence,under influence drugs/alcohol,,,,,,,,,,genuine remorse,,early guilty plea,,,,grievous bodily harm with intent,,immediate custody
NA,,,,,,,use of weapon,serious injury,,personally vulnerable,,,,,,,,,,,,,,,,ongoing effect,,,,,,,,,,,,,,,,early guilty plea,,,,grievous bodily harm with intent,,immediate custody
NA,,intent more harm,,,,,use of weapon,,,,,,,,,,,,,,,,,,,,,,,,,,,,,,,,,,,,,,grievous bodily harm,,,immediate custody
NA,,,,,,,,serious injury,repeated assault,,,mental disorder (related to the offence),,,,,,,,,,,,location,,,presence of others,,timing of the offence,,,,,,,,mental disability (general),,,,,,,,grievous bodily harm,,,immediate custody
NA,,,,,,,,serious injury,,,lack of premeditation,,,,,,,,,,,,,,,,,,,,,,,isolated incident,,,,no previous convictions,,,,,,,grievous bodily harm,,,
NA,,,,,,,use of weapon,serious injury,repeated assault,,,,,selfdefence,,,,,,,,,,,,,,,,,,,,,,,mental disability (general),,,genuine remorse,,,,,,grievous bodily harm with intent,,immediate custody
NA,,intent more harm,leading role gang,,,,use of weapon,serious injury,repeated assault,,,,,,,,,,,,,,gratuitous degradation,,,,presence of others,previous violence,,under influence drugs/alcohol,,,,,,,,,,,,,,,,grievous bodily harm with intent,,immediate custody
NA,,,,premeditation,,,use of weapon,serious injury,,personally vulnerable,,,,,,,,,,,,,,,,,,,,,,,,,,,,,,,,,,,,grievous bodily harm with intent,,immediate custody
NA,,,,premeditation,,vulnerable victim,use of weapon,,repeated assault,,,,,,,,,,,,,,,,,ongoing effect,,,,under influence drugs/alcohol,,lack of maturity,,,,,,,,genuine remorse,,,,,,grievous bodily harm with intent,,immediate custody
NA,,intent more harm,,,,,use of weapon,serious injury,repeated assault,,,,,,subordinate role gang,,,,,,,,,,,,presence of others,,,under influence drugs/alcohol,,,,,,,,,primary carer,,,,,,,grievous bodily harm with intent,,immediate custody
NA,,,,,,,use of weapon,,,,,,,,,less serious injury,,,,,,,,,on licence,ongoing effect,,,,under influence drugs/alcohol,,,,,,,,,,genuine remorse,single blow,early guilty plea,,,,grievous bodily harm with intent,,immediate custody
NA,,intent more harm,leading role gang,,,,use of weapon,serious injury,repeated assault,,,,,,,,,,,,,,gratuitous degradation,,,,presence of others,previous violence,,under influence drugs/alcohol,,,,,,,,,,,,,,,,grievous bodily harm with intent,,immediate custody
NA,,,,,,,use of weapon,,repeated assault,,,,,,,less serious injury,,,,,,,,,,,,,,,,,,,,,,,primary carer,,,,,,,grievous bodily harm with intent,,immediate custody
NA,,,,,,,use of weapon,,,,,,,selfdefence,,less serious injury,,,,,,,,location,,,,,,,,lack of maturity,,,,,,,,genuine remorse,single blow,early guilty plea,,,,grievous bodily harm with intent,,immediate custody
NA,,,,,,,,serious injury,,,,,,,,,,,,,,,,location,,,presence of others,,,under influence drugs/alcohol,,,,,,,,,,genuine remorse,,early guilty plea,,,grievous bodily harm,,,immediate custody
NA,,,,,,,,,,,,,,,,,,,,,,,,,,,,,,,,,,,,,,,,,,,,,grievous bodily harm,,,immediate custody
NA,,intent more harm,,,,,use of weapon,,,,,,,,,less serious injury,,,,,,,,,,ongoing effect,,,,,,,,,,,,,,,,,,,grievous bodily harm,,,immediate custody
NA,,,,premeditation,,vulnerable victim,use of weapon,,,personally vulnerable,,,,,,,,,,,,,,location,,,,,timing of the offence,,,,,,,,,,,,,,,,grievous bodily harm,,,immediate custody
NA,,,,,,,,serious injury,,,,,,,,,,,,,,,,,,ongoing effect,,,,under influence drugs/alcohol,,,,,,,,,,,single blow,,,,grievous bodily harm,,,immediate custody
NA,,,,,,,,serious injury,,,,,,,,,,,,,,,,location,,,presence of others,,timing of the offence,under influence drugs/alcohol,,,,,,,mental disability (general),,,genuine remorse,single blow,,,,grievous bodily harm,,,immediate custody
NA,,,,,,,,,,,lack of premeditation,,provocation,selfdefence,,less serious injury,,,,,,,,,,,presence of others,,,,,,good character,,lapse of time,,,,,genuine remorse,single blow,early guilty plea,,,grievous bodily harm,,,
NA,,,,,,,use of weapon,,repeated assault,,,,provocation,,,,,,,,,,,location,,,presence of others,,timing of the offence,under influence drugs/alcohol,,,good character,,,,,no previous convictions,,genuine remorse,,early guilty plea,,,grievous bodily harm,,,immediate custody
NA,,,,,,,use of weapon,,,,lack of premeditation,,,,,less serious injury,,,,,,,,,,,,,,under influence drugs/alcohol,,,,,,,,,primary carer,genuine remorse,single blow,early guilty plea,,,grievous bodily harm,,,
NA,,,,,,,,,repeated assault,,,,,,,,,,,,,,,location,,,,,,,,,,,,,,no previous convictions,,genuine remorse,,,,,grievous bodily harm,,,
NA,,,,,,,use of weapon,,,,,,,,,,,,,,,,,,on licence,,presence of others,,,,,,,,,,,,,,,,,,grievous bodily harm,,,immediate custody
NA,,,,,,,use of weapon,,,,,,,,,,,,,,,,,,,ongoing effect,,,,,,,,,,,,,,,,,,,grievous bodily harm,,,immediate custody
NA,,,leading role gang,,,,use of weapon,,,,,,,,,,,,,,,,,location,,,presence of others,,,under influence drugs/alcohol,,,good character,isolated incident,,,,,primary carer,,,early guilty plea,,,grievous bodily harm,,,
NA,,,,,,,,serious injury,,,lack of premeditation,,,,,,,,,,,,,,,,,previous violence,,under influence drugs/alcohol,,,,,,,,,,,,,,,grievous bodily harm,,,immediate custody
NA,,,,,,,,serious injury,,,,,,,,,,,,,,,,,,ongoing effect,,,,under influence drugs/alcohol,,,,,,,,,,,,early guilty plea,,,grievous bodily harm,,,immediate custody
NA,,,,,,,,serious injury,,,lack of premeditation,,,selfdefence,,,,,,,,,,,,,,,,,,,,,,,,no previous convictions,,genuine remorse,single blow,,,,grievous bodily harm,,,
NA,,,,,,,,serious injury,,,,,,selfdefence,,,,,,,,,,,,,,,,under influence drugs/alcohol,,,,,,,,,,,single blow,,,,grievous bodily harm,,,immediate custody
NA,,,,,,,,,,,,,,,subordinate role gang,,,,,,,,,location,,,presence of others,,,under influence drugs/alcohol,,,good character,isolated incident,,,,,primary carer,,,,,,grievous bodily harm,,,
NA,,,,,,,use of weapon,serious injury,,,,,,,,,,,,,,,,,,,,,,,,,,,,,,,primary carer,genuine remorse,,early guilty plea,,,grievous bodily harm,,,
NA,,,,,,,,,,,,,,,,,,,,,,,,,,ongoing effect,,,,,,,,isolated incident,,,,no previous convictions,,,single blow,,,,grievous bodily harm,,,
NA,,,,,,,use of weapon,,repeated assault,,,,,,,,,,,,,,,location,,,,previous violence,,under influence drugs/alcohol,,,,,,,,,,,,early guilty plea,,,grievous bodily harm,,,immediate custody
NA,,,,,,,use of weapon,serious injury,,,,,,selfdefence,,,,,,,,,,,,,,,,,,,,,,,,,,,,early guilty plea,,,grievous bodily harm,,,
NA,,,,,,,,,,,,,,,,,,,,,,,,,,,,,,under influence drugs/alcohol,,,,,,,,no previous convictions,,,single blow,early guilty plea,,,grievous bodily harm,,,
NA,,intent more harm,,,,,use of weapon,,repeated assault,personally vulnerable,,,,,,,,,,,,,,location,,,,,,under influence drugs/alcohol,addressing addiction,,,,,,,,,genuine remorse,,early guilty plea,,,grievous bodily harm,,,immediate custody
NA,,,,,,vulnerable victim,,serious injury,,personally vulnerable,,,,,,,,,,,,,,,,,,,,,,,,,,,,,,,,early guilty plea,,,grievous bodily harm,,,immediate custody
NA,,,,,,,use of weapon,,,,,,,,,,,,,,,,,,,,presence of others,,,under influence drugs/alcohol,addressing addiction,,,,,,,,,,,,,,grievous bodily harm,,,immediate custody
NA,,,,,,,,serious injury,repeated assault,,lack of premeditation,,,,,,,,,,,,,location,,ongoing effect,,,,under influence drugs/alcohol,,,,isolated incident,,,,no previous convictions,,genuine remorse,,,,,grievous bodily harm,,,immediate custody
NA,,,,,,,use of weapon,serious injury,,,,mental disorder (related to the offence),,,,,,,,,,,,,,,,,,,,,good character,isolated incident,,medical condition,,no previous convictions,,genuine remorse,,,,,grievous bodily harm,,,
NA,,,,,,,use of weapon,,,,,,,,,less serious injury,,,,,,,,location,,,presence of others,previous violence,timing of the offence,,,,,,,,,,,,,,,,grievous bodily harm,,,immediate custody
NA,,,,,,,use of weapon,,,,,,,,,less serious injury,,,,,,,,,,,,,,under influence drugs/alcohol,,,,isolated incident,,,,no previous convictions,,genuine remorse,,,,,grievous bodily harm,,,immediate custody
NA,,,,,,,use of weapon,,,,,,,,,less serious injury,,,,,,,,location,,,presence of others,,,,,,,,,,,,,,,,,,grievous bodily harm,,,immediate custody
NA,,,,,,vulnerable victim,use of weapon,serious injury,,,,,,,,,,,,,,,,,,,,,timing of the offence,under influence drugs/alcohol,,,,,,,,,,genuine remorse,,,,,grievous bodily harm,,,immediate custody
NA,,,,,,,use of weapon,,,personally vulnerable,lack of premeditation,,,selfdefence,,,,,,,,failure to comply with court orders,,location,,,presence of others,,,,addressing addiction,,,,,,,,,genuine remorse,single blow,,,,grievous bodily harm,,,immediate custody
NA,,,,,,,,serious injury,,,,,,,,,,,,victim forced to leave home,failure to respond to warnings,failure to comply with court orders,,,,ongoing effect,,,,under influence drugs/alcohol,,,,,,,,,,genuine remorse,,,,,grievous bodily harm,,,immediate custody
NA,,,,,,,use of weapon,serious injury,,,,,,,,,,,,,,,,,on licence,ongoing effect,,,,,,,,,,,,,,genuine remorse,,early guilty plea,,,grievous bodily harm,,,immediate custody
NA,,,,,,,use of weapon,,repeated assault,,,,,,,,,,,,,,,,,ongoing effect,,,,under influence drugs/alcohol,,,,,,,,,,,,early guilty plea,,,grievous bodily harm,,,immediate custody
NA,,,,,,,use of weapon,serious injury,repeated assault,,lack of premeditation,,,,,,,,,,,,,,,,presence of others,,,under influence drugs/alcohol,,,,,,,,,,genuine remorse,,,,,grievous bodily harm,,,immediate custody
NA,,,,,,,,serious injury,repeated assault,,lack of premeditation,,,,,,,,,,,,,location,,ongoing effect,,,,under influence drugs/alcohol,,,,isolated incident,,,,no previous convictions,,genuine remorse,,,,,grievous bodily harm,,,immediate custody
NA,,,,,,,use of weapon,serious injury,,,lack of premeditation,,,,,,,against public worker,,,,,,location,,,presence of others,,timing of the offence,,,lack of maturity,good character,,,,,no previous convictions,,genuine remorse,,,violent disorder,,,,,immediate custody
NA,,,,,,,,,,,,,,,,,,against public worker,,,,,,,,,presence of others,,,under influence drugs/alcohol,,,,,,,,,,,,,violent disorder,,,,,immediate custody
NA,,,,,,,use of weapon,serious injury,,,lack of premeditation,,,,,,,against public worker,,,,,,,,,,,,,,lack of maturity,good character,,,,,no previous convictions,,genuine remorse,,early guilty plea,violent disorder,,,,,immediate custody
NA,,,leading role gang,premeditation,,,use of weapon,,,,,,,,,,,,,,,,,location,,,presence of others,,timing of the offence,,,,,,,,,,,,,early guilty plea,violent disorder,,,,,immediate custody
NA,,,,,,vulnerable victim,use of weapon,serious injury,,personally vulnerable,lack of premeditation,,,,,,,against public worker,,,,,,location,,,,,timing of the offence,,,,,,,,,,,genuine remorse,,early guilty plea,violent disorder,,,,,immediate custody
NA,,intent more harm,,,,,use of weapon,,,,,mental disorder (related to the offence),,,subordinate role gang,,,against public worker,,,,failure to comply with court orders,,location,,,presence of others,,timing of the offence,,,,,,,,mental disability (general),,,genuine remorse,,early guilty plea,violent disorder,,,,,immediate custody
NA,,,,premeditation,,,use of weapon,serious injury,,,,,,,,,,,,,,,,location,,,presence of others,,timing of the offence,,,,,,,,,,,,,early guilty plea,violent disorder,,,,,immediate custody
38,,,,,,,,,,,lack of premeditation,,,,,less serious injury,,,,,,,,location,,ongoing effect,,,,,,,,,,,,no previous convictions,,,,,,affray,,,,
38,,,,,,,,serious injury,,,,,,,,,,against public worker,,,,failure to comply with court orders,,,,,,,,under influence drugs/alcohol,,,,,,,,,,,,early guilty plea,,affray,,,,immediate custody
38,,,,,,,use of weapon,,,,,,provocation,,,less serious injury,,,,,,,,location,,,presence of others,,timing of the offence,,,,good character,,,,,,,,,,,affray,,,,
38,,,leading role gang,,,,,,,,,,provocation,,,less serious injury,,,,,,,,,,,,,,under influence drugs/alcohol,,,,,,,,no previous convictions,,genuine remorse,,early guilty plea,,affray,,,,
38,,,leading role gang,,,,use of weapon,,,,,,provocation,,,less serious injury,,,,,,,,location,,,presence of others,,timing of the offence,,,,good character,,,,,,,,,,,affray,,,,
38,,,,,,,use of weapon,,,,,,,,,,,,,,,,,,,,,,,under influence drugs/alcohol,,,good character,isolated incident,,,,no previous convictions,,genuine remorse,single blow,early guilty plea,,,,,,
38,,,,,,,use of weapon,,,,,,,,,less serious injury,,,,,,,,,,,,,,,,,,,,,,no previous convictions,,,,,,,,,,
38,,,leading role gang,,,,use of weapon,serious injury,,,,,,,,,,,,,,failure to comply with court orders,,,,,,,,,,,,,,,,,,,,,,,,,,immediate custody
38,,,,,,,use of weapon,,,,,,,,,,,,,,,,,location,,,,,,under influence drugs/alcohol,,,,isolated incident,,,,,,,single blow,early guilty plea,,,,,,
38,,,,,,,use of weapon,serious injury,,,,,,,,,,,,,,,,,,,,,,under influence drugs/alcohol,,,good character,,,,,,,,,,,,,,,immediate custody
38,,intent more harm,leading role gang,,,,use of weapon,serious injury,repeated assault,,,,,,,,,,,,,,,location,,,,,timing of the offence,,,,,isolated incident,,,,no previous convictions,,,,,,,,,,immediate custody
38,,,,,,,use of weapon,,repeated assault,,lack of premeditation,,,,,,,,,,,,gratuitous degradation,location,,ongoing effect,,previous violence,,under influence drugs/alcohol,,,,,,,,,,genuine remorse,,early guilty plea,,,,,,immediate custody
38,,,,,,,use of weapon,,,personally vulnerable,,,,,,,,,,,,failure to comply with court orders,gratuitous degradation,location,on licence,,presence of others,,timing of the offence,under influence drugs/alcohol,,,,,,,,,,,single blow,,,,,,,immediate custody
38,,,,,,,,serious injury,,,lack of premeditation,,,,,,,,,,,,,,,,,,,,,,,,,,mental disability (general),,,,,,,,,,,
38,,,,,,,,serious injury,,,lack of premeditation,,,,,,,,,,,failure to comply with court orders,,location,,ongoing effect,,previous violence,,under influence drugs/alcohol,,,,,,,,,,,,,,,,,,immediate custody
38,,,,premeditation,,vulnerable victim,,,,,,,,,,less serious injury,,,,,,,,,,ongoing effect,presence of others,previous violence,,,,,,,,,,,,,,,,,,,,
38,,,leading role gang,,,,,,,,,,,,,less serious injury,,,,,,,,location,,,,,timing of the offence,,,,,,,,,,,genuine remorse,single blow,early guilty plea,,,,,,immediate custody
38,,,,premeditation,,vulnerable victim,use of weapon,,,,,,,,,less serious injury,,against public worker,,,,,,location,,ongoing effect,,previous violence,timing of the offence,,,,,,,,,,,,,,,,,,,immediate custody
38,,,,,,,,,,,,,provocation,,,less serious injury,,,,,,,,,,,,,,,,,good character,isolated incident,,medical condition,,no previous convictions,primary carer,genuine remorse,,early guilty plea,,,,,,
38,,,,,,,,,,,,,provocation,,subordinate role gang,less serious injury,,,,,,,,,,,,,,,addressing addiction,lack of maturity,good character,,,,,no previous convictions,,genuine remorse,,early guilty plea,,,,,,
38,,,,,,,,,,,,,provocation,,,,,,,,,,,,,,,,,,,,good character,isolated incident,,,,no previous convictions,,genuine remorse,,early guilty plea,,,,,,
38,,,,premeditation,,,use of weapon,,,,,,,,,less serious injury,,,,,,,,location,,ongoing effect,presence of others,,timing of the offence,,,,,,,,,no previous convictions,,,,,,,,,,immediate custody
38,,intent more harm,,,,,,serious injury,,,,,,,,,,,,,,,,,,,,,,under influence drugs/alcohol,,lack of maturity,,,,,,no previous convictions,,genuine remorse,,early guilty plea,,,,,,
38,deliberate harm,,leading role gang,,,,,,,,,,,,,,,against public worker,,,,,,location,,,,,,,addressing addiction,lack of maturity,,,,,,,,genuine remorse,,,,,,,,
38,,intent more harm,leading role gang,,,,,serious injury,,,,,,,,,,,,,,,,,,,,,,under influence drugs/alcohol,,,,,lapse of time,,,,,genuine remorse,,early guilty plea,,,,,,
38,,,,,,,,,repeated assault,,,,,,,,,,,,,failure to comply with court orders,,location,,,,,,under influence drugs/alcohol,addressing addiction,,,,,,,,,,,early guilty plea,,,,,,
38,,,,,,,,,,,,,,,,,,,,,,,,,,,,,,under influence drugs/alcohol,,,,,,,,,,,,,,,,,,
38,,intent more harm,,,,,,serious injury,,,,,,,,,,,,,,,,,,,,,,under influence drugs/alcohol,,lack of maturity,,,,,,no previous convictions,,genuine remorse,,early guilty plea,,,,,,
38,,,,,,,,,,,,,,,,,,,,,,,,location,,ongoing effect,,,timing of the offence,,,,,,,,,no previous convictions,primary carer,genuine remorse,,,,,,,,
38,,,,,,,,,repeated assault,personally vulnerable,lack of premeditation,,provocation,selfdefence,,,,,,,,,,location,,ongoing effect,presence of others,,,under influence drugs/alcohol,,,,,,,,,,,,,,,,,,immediate custody
38,,intent more harm,,premeditation,,,use of weapon,,repeated assault,,,,,,,,,,,,,,,,,,presence of others,,,,,lack of maturity,,,,,,,,,,early guilty plea,,,,,,immediate custody
38,,,,,,,use of weapon,,,,,,,,,less serious injury,,,,,,,,location,,,,,,,,,good character,isolated incident,lapse of time,,,no previous convictions,,genuine remorse,,,,,,,,
38,,,,,,,,,,,,,,,,less serious injury,,,,,,,,location,,ongoing effect,,,timing of the offence,under influence drugs/alcohol,,lack of maturity,,,,,,no previous convictions,,,,,,,,,,immediate custody
38,,,,premeditation,,,use of weapon,,repeated assault,personally vulnerable,,,,,,,,,,,,,,,,,,,,,,,good character,,,,,,,,,,,,,,,immediate custody
38,,,,,,,use of weapon,,repeated assault,personally vulnerable,,,,,,,abuse of trust,,,,,,,,,ongoing effect,,,timing of the offence,under influence drugs/alcohol,,,,,,,,,,,,,,,,,,immediate custody
38,,,,,,,,,,,,,,,,,,,,,,,,,,,,,,,,,,,,,,,,,,,,,,,,immediate custody
38,,,,,against race/religion,,,,,personally vulnerable,lack of premeditation,,,,,less serious injury,,against public worker,,,,,,,,,,,,,,,,,,,,,,,,,,,,,common assault,immediate custody
38,,,,,,,use of weapon,,,,,,,,,,,,on bail,,,,,,,,,,,,,,,,,,,,,,single blow,early guilty plea,,,grievous bodily harm,,,immediate custody
38,,,,,,,,,repeated assault,,lack of premeditation,,,,,,,,,,,failure to comply with court orders,,,,ongoing effect,,,,,,,,isolated incident,,,,no previous convictions,,genuine remorse,,early guilty plea,,,grievous bodily harm,,,immediate custody
38,,,,,,,use of weapon,serious injury,,,,,,,,,,,,,,,,,,ongoing effect,presence of others,,,under influence drugs/alcohol,,,,,,,,,primary carer,,single blow,,,,grievous bodily harm,,,immediate custody
38,,,,,,,,serious injury,,,lack of premeditation,,,,,,,,,,,,,location,,ongoing effect,,,timing of the offence,under influence drugs/alcohol,,,good character,,lapse of time,,,no previous convictions,,genuine remorse,single blow,early guilty plea,,,grievous bodily harm,,,
38,,intent more harm,,,,,use of weapon,,,,lack of premeditation,,,,,less serious injury,,,,,,,,,,,,,,under influence drugs/alcohol,addressing addiction,,,,,,,,,genuine remorse,,early guilty plea,,,grievous bodily harm,,,immediate custody
38,deliberate harm,,,,,,,serious injury,,,,,,,,,,,,,,,,,,ongoing effect,,,,,,,,,,,,no previous convictions,,,single blow,,,,grievous bodily harm,,,immediate custody
38,deliberate harm,,,,,,,,repeated assault,,,mental disorder (related to the offence),,,,,,,,,,,,location,,ongoing effect,,,,under influence drugs/alcohol,addressing addiction,,good character,,,,mental disability (general),no previous convictions,,genuine remorse,,early guilty plea,,,grievous bodily harm,,,immediate custody
38,,,,,,,,serious injury,,,,,,selfdefence,,,,,,,,,,,,,,,,,,,,,,,,,,genuine remorse,single blow,early guilty plea,,,grievous bodily harm,,,immediate custody
38,,,,,,,use of weapon,serious injury,,,lack of premeditation,,provocation,selfdefence,,,,,,,,,,location,,ongoing effect,presence of others,,timing of the offence,,,,,isolated incident,,,,no previous convictions,primary carer,genuine remorse,single blow,,,,grievous bodily harm,,,immediate custody
38,,,,,,,,serious injury,,,,,,,,,,,,,,,,,,ongoing effect,,,,under influence drugs/alcohol,,,,,,,,no previous convictions,,genuine remorse,,,,,grievous bodily harm,,,immediate custody
38,,,leading role gang,,,,,,,,,,,,,,,,,,,,,location,,ongoing effect,presence of others,,,under influence drugs/alcohol,,lack of maturity,,,,,,,,,single blow,,,,grievous bodily harm,,,immediate custody
38,,,,,,,,,,personally vulnerable,lack of premeditation,,,,,,,,,,,,,location,,,presence of others,,,under influence drugs/alcohol,,,,,lapse of time,,,,,genuine remorse,,,,,grievous bodily harm,,,immediate custody
38,,,,,,,,,,,lack of premeditation,,,,,,,,,,,,,location,,ongoing effect,,,,,,,good character,,lapse of time,,mental disability (general),no previous convictions,,genuine remorse,,early guilty plea,,,grievous bodily harm,,,
38,,,,,,,,serious injury,repeated assault,,,,,,,,,,,,,,,,on licence,,,,,under influence drugs/alcohol,,,,,,,,,,,,,,,grievous bodily harm,,,immediate custody
38,,,,premeditation,,,use of weapon,serious injury,,,,,,,,,,,,,,,,,,,,,,,,,,,,,,,,,,,,,grievous bodily harm,,,immediate custody
38,,,,,,,use of weapon,,,,lack of premeditation,,provocation,,,,,,,,,,,,,,presence of others,,,,addressing addiction,,good character,isolated incident,,,,no previous convictions,,genuine remorse,single blow,,,,grievous bodily harm,,,
38,,,,,,,use of weapon,,,,lack of premeditation,,,,,less serious injury,,,,,,,,,,ongoing effect,,,,,,,,,,,,,,genuine remorse,,,,,grievous bodily harm,,,immediate custody
38,,,,,,,,serious injury,repeated assault,,,,,,,,,,,,,failure to comply with court orders,,,,ongoing effect,,,,under influence drugs/alcohol,,,,,,,,,,,,,,,grievous bodily harm,,,immediate custody
38,,,,,,,use of weapon,serious injury,,,lack of premeditation,,,,,,,,,,,,,location,,ongoing effect,,,timing of the offence,under influence drugs/alcohol,,,,isolated incident,,,,,,genuine remorse,,,,,grievous bodily harm,,,immediate custody
38,,,,,,,,serious injury,repeated assault,,lack of premeditation,,,,,,,,,,,,,,,,,,,,addressing addiction,,,,,,,,,,,,,,grievous bodily harm,,,immediate custody
38,,,,,,,,serious injury,,,,,,,,,,,,,,,gratuitous degradation,location,,,presence of others,,,,,,,isolated incident,,,,,,genuine remorse,single blow,,,,grievous bodily harm,,,
38,,,,,,,use of weapon,serious injury,,,lack of premeditation,,,,,,,,,,,,,location,,ongoing effect,,,timing of the offence,under influence drugs/alcohol,,,,isolated incident,,,,,,genuine remorse,,,,,grievous bodily harm,,,immediate custody
38,,,,,,,use of weapon,,repeated assault,,,,,,,,,,,,,,,,,,,,,,,,,isolated incident,,,,,,,,,,,grievous bodily harm,,,immediate custody
38,,,,,,,,serious injury,,,lack of premeditation,,,,,,,,,,,,,,,ongoing effect,,,,,,lack of maturity,good character,isolated incident,,,,no previous convictions,,genuine remorse,single blow,early guilty plea,,,grievous bodily harm,,,
38,,,,,,,,,,,,,,,,,,,,,,,,location,,ongoing effect,presence of others,,,,,lack of maturity,,,,,,,,genuine remorse,single blow,,,,grievous bodily harm,,,immediate custody
38,,,,,,,use of weapon,serious injury,repeated assault,,,,,,,,,,on bail,,,,,,,,,,,under influence drugs/alcohol,,,,,,,,,,,,,,,,grievous bodily harm with intent,,immediate custody
38,,,,premeditation,,,use of weapon,,,,,,,,,less serious injury,,,,,,failure to comply with court orders,,,,,,,,,,lack of maturity,,,,,mental disability (general),,,,,early guilty plea,,,,grievous bodily harm with intent,,immediate custody
38,,,,,,,use of weapon,,,,lack of premeditation,,,,,,,,,,,,,,,,,,,under influence drugs/alcohol,,,,,,,,,,genuine remorse,,early guilty plea,,,,grievous bodily harm with intent,,immediate custody
38,,,,,,,use of weapon,serious injury,,,,,,,,,,,,,,,,,,ongoing effect,,,,under influence drugs/alcohol,,,,isolated incident,,,,,,genuine remorse,,,,,,grievous bodily harm with intent,,immediate custody
38,,intent more harm,,,,,use of weapon,,,,lack of premeditation,,,,,less serious injury,,,,,,,,location,,ongoing effect,,,timing of the offence,under influence drugs/alcohol,,,,,,,,no previous convictions,,,,,,,,grievous bodily harm with intent,,immediate custody
38,,,,,,,use of weapon,serious injury,,,,,,,,,,,,,,,,,,ongoing effect,,,,under influence drugs/alcohol,,,,isolated incident,,,,no previous convictions,,genuine remorse,,,,,,grievous bodily harm with intent,,immediate custody
38,,,,premeditation,,,use of weapon,,,,,,,,,less serious injury,,,,,,,,,,ongoing effect,presence of others,previous violence,,,addressing addiction,lack of maturity,,,,,,,,genuine remorse,,,,,,grievous bodily harm with intent,,immediate custody
38,,,,,,,use of weapon,,,,lack of premeditation,,,,,less serious injury,,,,,,,,,,ongoing effect,,,,,addressing addiction,,good character,,,,,,,,single blow,,,,grievous bodily harm,,,
38,,,,,,,,serious injury,,,lack of premeditation,,,,,,,,,,,,,location,,,,,,,,,,,,,,,,genuine remorse,,early guilty plea,,,grievous bodily harm,,,immediate custody
38,,,,premeditation,,vulnerable victim,,,repeated assault,personally vulnerable,,,,,,,,,,,,,gratuitous degradation,location,,ongoing effect,,previous violence,,,,,,,,,,,,,,early guilty plea,,,grievous bodily harm,,,immediate custody
38,,,,,,,use of weapon,,,,,,,,,,,,,,,,,,,,,,,under influence drugs/alcohol,,,,,,,,,,,,,,,,grievous bodily harm with intent,,immediate custody
38,,,,,,,use of weapon,,,,lack of premeditation,,,,,less serious injury,,,,,,,,,,,,,,under influence drugs/alcohol,addressing addiction,lack of maturity,,,,,,,,,,,,,,grievous bodily harm with intent,,immediate custody
38,,,,,against race/religion,,use of weapon,,repeated assault,,lack of premeditation,,,,,,,,,,,failure to comply with court orders,,,,ongoing effect,presence of others,,,,,lack of maturity,,,,,,,,,single blow,,,,,grievous bodily harm with intent,,immediate custody
38,,,leading role gang,,,,use of weapon,,,,,,,,,less serious injury,,,,,,,,location,,,,,timing of the offence,under influence drugs/alcohol,,,,,,,,no previous convictions,,genuine remorse,,early guilty plea,,,,grievous bodily harm with intent,,immediate custody
38,,,,,,,use of weapon,,,,,,,,,,,,,,,,,,on licence,,,,,,,,,,,,,,,,,,,,,grievous bodily harm with intent,,immediate custody
38,,intent more harm,,,,,,serious injury,,personally vulnerable,,,,,,,,,,,,failure to comply with court orders,,,,,,,,,,,,,,,,,,,,,,,,,common assault,
38,,,,,,,,,,,,,,,,,,,,,,,,,,,,,,,,,,,,,,,,,,early guilty plea,,,,,common assault,
38,,,,,,,,,,personally vulnerable,lack of premeditation,,,,,,,,,,,,,location,,,,,,,,,,,,,,,,,,early guilty plea,,,,,common assault,
38,,,,,,,,serious injury,,personally vulnerable,,,,,,,,,,,,,,,,,,,,under influence drugs/alcohol,,,,,,,,,,genuine remorse,,early guilty plea,,,,,common assault,
38,,,,,,,use of weapon,,repeated assault,,,,,,,,,,,,,,,,,,,,,under influence drugs/alcohol,,,,,,,,,,,,early guilty plea,,,,,common assault,immediate custody
39,,,,,,,use of weapon,serious injury,,,,,,,,,,against public worker,,,,,,location,,ongoing effect,,previous violence,,under influence drugs/alcohol,,,,,,,,,,,,,,affray,,,,immediate custody
39,,,,,against race/religion,,use of weapon,,,,lack of premeditation,,,,,,,,,,,,,,,,,,,,,,,,,medical condition,,,,genuine remorse,single blow,,,,,,common assault,
39,,,,,,,,serious injury,,,,,,,,,,,,,,,,,,,,,timing of the offence,under influence drugs/alcohol,,,,,,,,,,genuine remorse,,early guilty plea,,,,,,
39,,,,,,,,,repeated assault,,,mental disorder (related to the offence),,,,,,,,,,,,location,,,,,,,,,,,,,mental disability (general),,,,,,,,,,,
39,,,,,,,,,,,lack of premeditation,,provocation,,,less serious injury,,,,,,,,,,,,,,,,,,,,,,,,,,,,,,,,
39,,,,,,,,,,,,,,,,,,,,,,,,,,,,,,,,,,isolated incident,lapse of time,,,,,,,,,,,,,
39,,,,,,,,,,,,,,,,,,,,,,,,,,,,,,,,,,,,,,,,,,,,,,,,immediate custody
39,,,,,,,,,repeated assault,,lack of premeditation,,,,,,,,,,,,,,,,,,,,,,,,,,,,,,,,,,,,,
39,,,,,,,,,,,,mental disorder (related to the offence),,,,less serious injury,,,,,,,,,,,,,,,,,,,,,mental disability (general),,,,,,,,,,,
39,,,,,,,use of weapon,,,,,,,,,less serious injury,,,,,,,,,,,,,,,,,,,,,,,,,,,,,,,,
39,,,,,,,,,,,,,,,,less serious injury,,,,,,,,,,ongoing effect,,,,under influence drugs/alcohol,addressing addiction,,,,,,,,,,,,,,,,,
39,,,,,,,,,,,,,,,,less serious injury,,,on bail,,,,,,,,,,,under influence drugs/alcohol,,,,,,,,,,,,,,,,,,immediate custody
39,,,,,,,,,,,,,,,,less serious injury,,,,,failure to respond to warnings,,,,,,,,,under influence drugs/alcohol,,,,,,,,,,,,,,,,,,
39,deliberate harm,,,,,vulnerable victim,,,,personally vulnerable,,,,,,,,,,,,,,,,ongoing effect,,,,,,,,,,,,,,,,early guilty plea,,,,,,immediate custody
39,,,,,,,,,,,,,,,,,,,,,,,,,,,,,,,,,,,,,,,,,,,,,,,,
39,,,,,,,,,,,lack of premeditation,,provocation,,,less serious injury,,,,,,,,,,,,,,,,,,,,,,,primary carer,genuine remorse,,early guilty plea,,,,,,
39,,,,,,,,serious injury,,,lack of premeditation,,,,,,,,,,,,,,,,,,,,,,,,,,,,,,,early guilty plea,,,,,,immediate custody
39,,,,,,,,,repeated assault,,lack of premeditation,,,,,,,,on bail,,,,,,,,,,,,,,,,,,,,,,,,,,,,,
39,,,,,,,,,,,lack of premeditation,,,,,,,,,,,,,,,,,,,,,,,,,,,,,genuine remorse,,,,,,,,
39,,,,,,,,,,,,,,,,,,,,,,,,,,,,,,,,,,,,medical condition,,,,,,,,,,,,
39,,,,,,,,,,,lack of premeditation,,,,,,,,,,,,,,,,,,,,,,good character,isolated incident,,,,no previous convictions,,genuine remorse,single blow,early guilty plea,,,,,,
39,,,,,,,,serious injury,,,lack of premeditation,,,,,,,,,,,,,,,,,,,,,,good character,isolated incident,,,,no previous convictions,,genuine remorse,single blow,,,,,,,
39,,,,,,,,,repeated assault,,,,,,,,,,,,,,,,,,,,,,,,,,,,,,,,,early guilty plea,,,,,,immediate custody
39,,,,,,,,,,,,,,,,,,,,,,,,,,,,,,,,,,,,,,no previous convictions,,,single blow,,,,,,,
39,,,leading role gang,,,,,,repeated assault,,,,,,,,,,,,,,,,on licence,,,,,,,,,,,,,,,,,,,affray,,,,immediate custody
39,,,,,,vulnerable victim,,,,personally vulnerable,lack of premeditation,,,,subordinate role gang,,,,,,,,,,,,,,,under influence drugs/alcohol,,lack of maturity,,,,,,,,genuine remorse,,early guilty plea,,,,,,
39,,,,,,,,,,,,,,,,,,,,,,,,,,,,,,under influence drugs/alcohol,,,,,,medical condition,,,,genuine remorse,,early guilty plea,,affray,,,,
39,,,,,,,,,,,,,provocation,,,,,,,,failure to respond to warnings,,,,,,,,,,,,,,,,,,,,,,,affray,,,,
39,,,,,,,,,,,,,provocation,selfdefence,,,,,,,,,,,,,,,,,,,,,,,,,,,,,,affray,,,,
39,,,,,,,,,,,,,,,,,,,,,,,,,,,,,,,,,,,,,,,,,,,,affray,,,,
39,,,,,,,,,,,,,,,,,,,,,,,,,,,,,,,,,,,,,,,,,,early guilty plea,,affray,,,,
39,,,,,,,,,,,,,,,,,,,,,,,,,,,presence of others,previous violence,,,,lack of maturity,,,,,,no previous convictions,,,,,,affray,,,,
39,,,,,,,,,,personally vulnerable,,,,,,,,,,,,,,,,,,,,,,,,,,,,,,genuine remorse,,early guilty plea,,affray,,,,immediate custody
39,,,,,,,,,,,,,,,,,,,,,,,,,,,,,,,,,,,,,,,,,,early guilty plea,,affray,,,,immediate custody
39,,,,,,,,,,,,,,,,,,,,,,,,,,,,,,,,,,,,,,,,,,,,affray,,,,
39,,,,,,,,,,,lack of premeditation,,,,,less serious injury,,,,,,,,,,,presence of others,,,,,,,,,,,no previous convictions,,,,early guilty plea,,affray,,,,
39,,,,,,,,,,,,,,,,,,,,,,,,,,,,,,,,,,,,,,,,,,early guilty plea,,affray,,,,
39,,,,,,,,,,,lack of premeditation,,,,subordinate role gang,less serious injury,,,,,,,,location,,,presence of others,,,,,,,,,,,no previous convictions,,genuine remorse,,,,affray,,,,
39,,,,,,,,,,,,,,,,,,,,,,,,,,,,,,,,,,,,,,,,,,early guilty plea,,affray,,,,
39,,,,,,,,,,,lack of premeditation,,,,,,,,,,,,,location,,,,,,,,,,,,,,no previous convictions,,,,early guilty plea,,affray,,,,
39,,,,,,,,,,,,,,,subordinate role gang,,,,,,,,,,,,,,,,,,,,,,,,,,,,,affray,,,,
39,,,,,,,,,,,lack of premeditation,,,,,less serious injury,,,,,,,,location,on licence,,presence of others,,,,,,,,,,,,,,,early guilty plea,,affray,,,,
39,,,,,,,,,,,lack of premeditation,,,,,,,,,,,,,,,,,,,,,,,,,,,,,,,early guilty plea,,affray,,,,
39,,,,,,,,,,,,,,selfdefence,,,,,,,,,,,,,,,,,,lack of maturity,good character,,,,,,,genuine remorse,,,,affray,,,,
39,,,,,,,,,,,,,,,,,,,,,,,,,,,,,,,,,,,,,,,,,,,,affray,,,,
39,,,,,,,,,,,,,,,,,,,,,,,,,,,,,,,,,,,,,,,,,,early guilty plea,,affray,,,,immediate custody
39,,,,,,,,,,,,,,,,,,,on bail,,,,,,,,,,,under influence drugs/alcohol,,,,,,,,,,,,early guilty plea,,affray,,,,immediate custody
39,,,,,,,use of weapon,,,,lack of premeditation,,,,,,,,,,,,,,,,,,,under influence drugs/alcohol,,lack of maturity,,isolated incident,,,,no previous convictions,,genuine remorse,,early guilty plea,,,,,common assault,
39,,,,,,,,,,,lack of premeditation,,,,,less serious injury,,,,,,,,,,,,,,,addressing addiction,,good character,isolated incident,,,,no previous convictions,,genuine remorse,,,,,,,common assault,
39,,,,,,,use of weapon,,,,,,,,,less serious injury,abuse of trust,,,,,,,,,,presence of others,previous violence,,,,,good character,,,,,no previous convictions,,genuine remorse,,,,,,,common assault,
39,,,,,,,,,repeated assault,,,,,,,,,against public worker,,,,,,,,,,,,,,,,,,,,,,,,,,,,,common assault,
39,,,,,,,,,,,lack of premeditation,,,,,less serious injury,abuse of trust,,,,,,,,,,,,,under influence drugs/alcohol,,,,,,,,,,,,,,,,,common assault,
39,,,,,,,,,,,,,,,,,,,,,,,,,,,,,,,addressing addiction,lack of maturity,good character,isolated incident,,,,no previous convictions,,,,,,,,,common assault,
39,,,,,,,,,,,,,,,,,,,,,,,,,,,,,,,,,,,,,,,,,,,,,,,common assault,
39,,,,,,,,,,,,,,,,,,,,,,,,,,,,,,,,,,,,,,,,,,,,,,,common assault,
39,,,,,,,,,repeated assault,,lack of premeditation,,,,,less serious injury,,,,,failure to respond to warnings,,,,,,,,,,,,,,,,,,,,,early guilty plea,,,,,common assault,
39,,,,,,,,,,,lack of premeditation,,,,,,,,,,,,,,,,,,,,,,,,,,,,,,,early guilty plea,,,,,common assault,
39,,,,,,,,,,,,,provocation,,,less serious injury,,,,,,,,,,,,,,,,,,,,,,,,,,early guilty plea,,,,,common assault,
39,,,,,,,,,,,,,,,,,,,,,,,,,,,presence of others,,,,,,,,,,,,,,,,,,,,common assault,
39,,,,,,,,,,personally vulnerable,,,provocation,,,,,,,,,,,,,,,,,,,,good character,,,,,,,,single blow,early guilty plea,,,,,common assault,
39,,,,,,,,serious injury,repeated assault,personally vulnerable,,mental disorder (related to the offence),,,,,,,,victim forced to leave home,,,,location,,ongoing effect,,,timing of the offence,,,,,,,,mental disability (general),,,,,early guilty plea,,,,grievous bodily harm with intent,,immediate custody
39,deliberate harm,intent more harm,,premeditation,,,use of weapon,,,,,,,,,less serious injury,,,,,,,,,,,,,,,,lack of maturity,,,,,,no previous convictions,,genuine remorse,,,,,,grievous bodily harm with intent,,immediate custody
39,deliberate harm,,,,,,use of weapon,serious injury,,,lack of premeditation,,,,,,,,,,,,,,,,,,,,,,,,,,,,,genuine remorse,single blow,,,,,grievous bodily harm with intent,,immediate custody
39,,,,,,,,,,,,,,,,,,,,,,,,,,,,,,,,,,,,,,,,genuine remorse,single blow,,,,grievous bodily harm,,,immediate custody
39,,,,,,,,serious injury,,,lack of premeditation,,,,,,,,,,,,,location,,,,,,,,,,,,,,,,,,early guilty plea,,,grievous bodily harm,,,
39,,,,,,,use of weapon,,,,,,,,,less serious injury,,,,,,,,,,,,,,,,,,,,,,,,,,,,,,grievous bodily harm with intent,,immediate custody
39,,intent more harm,,,,,use of weapon,,,,,,,,,less serious injury,,,,,,,,location,,,presence of others,,,under influence drugs/alcohol,,,,,,,,no previous convictions,,,,,,,,grievous bodily harm with intent,,immediate custody
39,,intent more harm,leading role gang,premeditation,,,use of weapon,serious injury,repeated assault,,,,,,,,,,,,,,,location,,ongoing effect,,,timing of the offence,under influence drugs/alcohol,,,,,,,,,,,,,,,,grievous bodily harm with intent,,immediate custody
39,,,,,,,,serious injury,,personally vulnerable,lack of premeditation,,,,,,abuse of trust,,,,,,,,,ongoing effect,,,,under influence drugs/alcohol,,,,,,,,no previous convictions,,genuine remorse,,,,,,grievous bodily harm with intent,,immediate custody
39,,,,,,,,,,,lack of premeditation,,,,,less serious injury,,,,,,,,,,,,previous violence,,,,,,,,,,,,genuine remorse,single blow,,,,grievous bodily harm,,,immediate custody
39,,,,,,,,,,,,,,,,,,,,,,,,,,,,previous violence,,,,,,,,,,,,genuine remorse,single blow,,,,grievous bodily harm,,,
39,,,,,,,,serious injury,,,lack of premeditation,,,,,,,,,,,,,,,,,,,under influence drugs/alcohol,,,,,,,,,,,,,,,grievous bodily harm,,,immediate custody
39,,,,,,,use of weapon,,,,,,,,,,,,,,,,,,,,,previous violence,,,,,,,,,,,,,single blow,early guilty plea,,,grievous bodily harm,,,immediate custody
39,,,,,,,use of weapon,serious injury,,,,,,,,,,,,,,,,,,,,,timing of the offence,under influence drugs/alcohol,,,,,,,,,,,single blow,,,,grievous bodily harm,,,immediate custody
39,,,,,,,,serious injury,,,,,,,,,,,,,,,,location,,ongoing effect,,,timing of the offence,under influence drugs/alcohol,,,,,,,,,,,,,,,grievous bodily harm,,,
39,deliberate harm,,,,,,use of weapon,serious injury,,,,,provocation,,,,,,on bail,,,,,,,,,,,,,,good character,,,,,,,genuine remorse,,,,,grievous bodily harm,,,immediate custody
39,,,,,,,,,,,lack of premeditation,,,selfdefence,,less serious injury,,,,,,,,,,,,,,,,,,,,,,,,,single blow,,,,grievous bodily harm,,,
39,,,,,,,,serious injury,repeated assault,,,,,,,,,,on bail,,,,,,,,,,,,,,,,,,,,,,,,,,grievous bodily harm,,,immediate custody
39,,,,,,,,serious injury,,,lack of premeditation,,,,,,,,,,,,,,,ongoing effect,,,,,,,,,,,,no previous convictions,,genuine remorse,single blow,,,,grievous bodily harm,,,immediate custody
39,,,,,,,,serious injury,,,,,provocation,,,,,,,,,,,,,,,,,under influence drugs/alcohol,,,,,,,,,,genuine remorse,,,,,grievous bodily harm,,,immediate custody
39,,,,,,,use of weapon,,,,lack of premeditation,,,,subordinate role gang,less serious injury,,,,,,,,,,,presence of others,,,under influence drugs/alcohol,,,good character,isolated incident,,,,,primary carer,genuine remorse,single blow,early guilty plea,violent disorder,,,,,
39,,,,,,,use of weapon,,repeated assault,,,,,,,less serious injury,,,,,,,,,,,presence of others,,,under influence drugs/alcohol,,,,,,,,,,genuine remorse,,early guilty plea,violent disorder,,,,,immediate custody
40,,,,,,,,,,,,,,,,,,,,,,,,,,,,,,,,,,,,,,,,,,,,affray,,,,
40,,,,,,,,,,,,,,,,,,,,,,,,,,,,,,,,,,,,,,no previous convictions,,,single blow,early guilty plea,,affray,,,,
40,,,,,,,,,,,,,,,,,,,,,,,,,,,,,,,,,good character,isolated incident,,,,no previous convictions,,genuine remorse,,early guilty plea,,affray,,,,
40,,,,,,,use of weapon,,,,,,,,,,,,,,,,,,,,,,,,,,good character,,,,,,,,,early guilty plea,,affray,,,,
40,,,,,,,,,,,,,,,,,,,,,,,,,,,,,,,,,,,,,,,,,,early guilty plea,,affray,,,,
40,,,,,,,,,,,,,,,,,,,,,,,,,,,,,,,addressing addiction,,,,,,,,,,,,,affray,,,,
40,,,,,,,use of weapon,,,,,mental disorder (related to the offence),,,,,,,on bail,,,,,,,,,,,under influence drugs/alcohol,addressing addiction,,,isolated incident,lapse of time,,mental disability (general),no previous convictions,,genuine remorse,,early guilty plea,,affray,,,,
40,,,,,,,,,,,,,,,,,,,,,,,,,,,,,,,,,,,,,,,,,,early guilty plea,,affray,,,,immediate custody
40,,,,,,,,,,,,,,,,,,,,,,,,,,,,,,,,,,,,,,,,,,early guilty plea,,affray,,,,
40,,,,,,,,,,,,,,,,,,,,,,,,,,,,,,,,,,,,,,,,,,early guilty plea,,affray,,,,
40,,,,,,,,,,,,mental disorder (related to the offence),,,,less serious injury,,,,,,,,,,,,,,,addressing addiction,,,isolated incident,,,mental disability (general),,,,,early guilty plea,,affray,,,,
40,,,,,,,,,,,,,,,,,,,,,,,,,,,,,,,,,,,,,,,,,,,,affray,,,,immediate custody
40,,,,,,,,,,,,,,,,,,,,,,,,,,,,,,,,,,,,,,no previous convictions,,,,,,affray,,,,
40,,,,,,,,,,,lack of premeditation,,,,,less serious injury,,,,,,,,,,,presence of others,,,,,,good character,isolated incident,,,,no previous convictions,,,,early guilty plea,,affray,,,,
40,,,,,,,,,,,,,,,,,,,,,,,,,,,,,,,,,good character,isolated incident,,,,no previous convictions,,genuine remorse,,,,affray,,,,
40,,,,,,,,,,,,,,,,,,,,,,,,,,,,,,,,,,,,,,,,,,,,affray,,,,immediate custody
40,,,,,,,,,,,,,,,,,,,,,,,,,,,,,,,,,,,,,,,,,,,,affray,,,,immediate custody
40,,,,,,,,,,,,,,,,,,against public worker,on bail,,,,,,,,,,,,,,,,,,,,,,,early guilty plea,,affray,,,,immediate custody
40,,,,,,,,,,,,,,,,,,,,,,,,,,,,,,,,,,isolated incident,,,,,,,,early guilty plea,,affray,,,,
40,,,,,,,,,,,,,,,,,,,,,,,,,,,,,,,,,,,,,,,,,,,,affray,,,,
40,,,,,,,,,,,,,,,,,,against public worker,,,,,,,,,,,,,,lack of maturity,,,,,,no previous convictions,,,,early guilty plea,,affray,,,,immediate custody
40,,,,,,,,,,,,,,,,,,against public worker,,,,,,,,,,,,,,,,,,,,,,,,early guilty plea,,affray,,,,immediate custody
40,,,,,,,,,,,,,,,,,,,,,,,,,,,,,,,,,,,,,,,,,,,,affray,,,,
40,,,,,,,,,,,,,,,,,,,,,,,,,,,,,,,,,,,,,,,,,,early guilty plea,,affray,,,,
40,,,,,,,,serious injury,,,,,,,subordinate role gang,,,,,,,,,,,,,,,,,,,,,,,no previous convictions,,,,early guilty plea,,affray,,,,
40,,,,,,,,,,,,,,,,,,,,,,,,,,,,,,,,,,,,,,,,,,early guilty plea,,affray,,,,
40,,,,,,,,,,,,,,,,,,,,,,,,,,,,,,,,,,,,,,,,,,,,,,,,
40,,,,premeditation,,,use of weapon,serious injury,repeated assault,,,,,,,,,,,,,failure to comply with court orders,gratuitous degradation,,,ongoing effect,,,,,,,,,,,,,,,,,,,,,,immediate custody
40,,,,,,,use of weapon,,,,,,provocation,,,less serious injury,,,,,,,,,,,,,,,,,good character,,,,,no previous convictions,,,,,,,,,,
40,,,,,,,,,,,lack of premeditation,,,,,,,,,,,,,,,,,,,,,,,,,,,,,,,,,,,,,
40,,,,,,,,,,,,,,selfdefence,,,,,,,,,,,,,,,,,,,good character,,,,,,primary carer,,,,,,,,,
40,,,,,,,,,repeated assault,personally vulnerable,,,,,,,,,,,,,,,,,,,,,,,,,,,,,,,,early guilty plea,,,,,,immediate custody
40,,,,,,,,,,,,,,,,,,,,,,,,,,,,,,,,,,,,,,,,,,early guilty plea,,,,,,
40,,,,,,,,,,,,mental disorder (related to the offence),,,,less serious injury,,,,,,,,,,,,,,,,,,isolated incident,,medical condition,,,,,,,,,,,,
40,,,,,,,,serious injury,,,lack of premeditation,,,,,,,,,,,,,,,,,,,,,,,,,,,,,,single blow,early guilty plea,,,,,,immediate custody
40,,,,,,,,,,,,,,,,,,,,,,,,,on licence,,,,,under influence drugs/alcohol,,,,,,,,,,,,,,,,,,immediate custody
40,,,,,,,,serious injury,,,,,,,,,,,on bail,,,failure to comply with court orders,,,,,,previous violence,,under influence drugs/alcohol,,,,,,,,,,genuine remorse,,,,,,,,immediate custody
40,,,,,,,,,,,,,,,,less serious injury,,,,,,,,location,,,,,,under influence drugs/alcohol,,,,,,,,,,,single blow,,,,,,,immediate custody
40,,,,,,,use of weapon,,,,,,,,,,,,,,,,,,,,,,,under influence drugs/alcohol,,,,,,,,,,,,,,,,,,
40,,,,,,,,,repeated assault,,,,,,,,,,,,,,,,,,,,,,,,,,,,,,,,,early guilty plea,,,,,,
40,,,,,,,,,,,,,,selfdefence,,less serious injury,,,,,,,,,,,,,,under influence drugs/alcohol,addressing addiction,,,,,,,,,,,,,,,,,
40,,,,,,,,,,,,,,,,,,,,,,,,,,,,,,,,,,,,,,,,,,,,,,,,
40,,,,,,,,,,personally vulnerable,,,,,,,,,,,,,,location,,,,,,under influence drugs/alcohol,,,,,,medical condition,,,,,single blow,,,,,,,
40,,,,,,,use of weapon,,,,,,,,,less serious injury,,,,,,,,,,,,,,,,lack of maturity,,,,,,,,,,,,,,,,
40,,,,,,,use of weapon,,,,,,,selfdefence,,,,,,,,,,location,,ongoing effect,,,,,,,,,,,,no previous convictions,,,,,,,,,,
40,,,,,,,,serious injury,,,,,,,,,,,,,,,,location,on licence,ongoing effect,,previous violence,,under influence drugs/alcohol,,,,,,,,,,,,,,,,,,immediate custody
40,,,,,,,,serious injury,,,,,,selfdefence,,,,,,,,,,,,,,,,under influence drugs/alcohol,,,good character,,,,,,,genuine remorse,,,,,,,,
40,,,,,,,,,,,,,,,,,,,,,,,,,,,,,,,,,,,,,,,,,,early guilty plea,,,,,,immediate custody
40,,,,,,,use of weapon,,,,lack of premeditation,,,selfdefence,,,,,,,,,,,,,,,,,,,,isolated incident,,,,,primary carer,,single blow,,,,,,,
40,,,,premeditation,,,use of weapon,,repeated assault,,,,,,,,,,,,,,,,,,,,,,,,,,,,,,,,,,,,,,,
40,,,,,,,,,,,,,provocation,,,less serious injury,,,,,,,,,,,presence of others,,,,addressing addiction,,,,,,,,,,,early guilty plea,,,,,,
40,,,,,,,,,,,lack of premeditation,,,,,,,,,,,,,,,,,,,,,,,isolated incident,,,,no previous convictions,,genuine remorse,single blow,,,,,,,
40,,,,,,,use of weapon,,,,,,provocation,,,less serious injury,,,,,,,,,,,,,,,,,good character,,,,,no previous convictions,,,,,,,,,,
40,,,,,,,,serious injury,,,lack of premeditation,,provocation,,,,,,,,,,,location,,,,,,,addressing addiction,,,,,,,,,genuine remorse,,early guilty plea,,,,,,
40,,,,,,,use of weapon,,repeated assault,,,,,,,,,,,,,,,,,,,,,,,,,,,,,,,genuine remorse,,early guilty plea,,,,,,immediate custody
40,,,,,,,use of weapon,,,,,,,,,less serious injury,,,,,,,,location,,,,,,,,,good character,,,,,no previous convictions,,genuine remorse,,,,,,,,
40,,,,,,,,,,,,,,,,,,,,,,,,,,,,,,under influence drugs/alcohol,,,,,,,,,,,,,,,,,,
40,,,,,,,,,,,,,,,,less serious injury,,,,,,,,location,on licence,,,,timing of the offence,,addressing addiction,,,,,,,,,genuine remorse,single blow,,,,,,,
40,,,,premeditation,,vulnerable victim,,,repeated assault,personally vulnerable,,,,,,,,,,,,,,location,,,,,,,,,,,,,,,,genuine remorse,,early guilty plea,,,,,,immediate custody
40,,,,premeditation,,,,serious injury,repeated assault,,,,,,,,,,,,,,,,,ongoing effect,,,,,,,,,,,,,,,,,,,,,,immediate custody
40,,,,,,,,,,,,mental disorder (related to the offence),,,,less serious injury,,,,,,,,,,,,,,,,,,,,,mental disability (general),,,genuine remorse,,early guilty plea,,,,,,
40,,,,,,,use of weapon,,repeated assault,,,,,,,,,,,,,,,,,,,,,,,,,,,,,,,genuine remorse,,early guilty plea,,,,,,immediate custody
40,,,,,,,,,,,,,,,,,,,,,,,,,,ongoing effect,,,,,,,,,,,,no previous convictions,,,,early guilty plea,,,,,,
40,,,,,,,,,,personally vulnerable,,,,,,,,,,,,,,,,,,,,,,,,,,medical condition,,,,genuine remorse,single blow,early guilty plea,,,,,,
40,,,,,,,,serious injury,,,,,,,subordinate role gang,,,,,,,,,,,,,,,,,,,,,,,,,,,,,,grievous bodily harm,,,immediate custody
40,,,,,,,,serious injury,,,,,,,,,,,,,,,,,,,,,,,,,,,,,,,,,,,,,grievous bodily harm,,,immediate custody
40,,,,,,,use of weapon,serious injury,,,,,,,,,,,,,,,,location,,ongoing effect,,,,under influence drugs/alcohol,,lack of maturity,good character,isolated incident,,,,,,genuine remorse,single blow,,,,grievous bodily harm,,,immediate custody
40,,,,,,,use of weapon,,,,,,,,,less serious injury,,,,,,,,location,,ongoing effect,,,timing of the offence,under influence drugs/alcohol,,,,,,,,,,genuine remorse,,,,,grievous bodily harm,,,immediate custody
40,,,,,,,use of weapon,,,,,,,,,less serious injury,,against public worker,,,,,,,,,presence of others,,,,,,good character,,,,,no previous convictions,,genuine remorse,single blow,,,,grievous bodily harm,,,immediate custody
40,,,leading role gang,,,,,serious injury,,,,,,,,,,,,,,,,,,,,,,,,,,,,,,,,,,,,,grievous bodily harm,,,immediate custody
40,,,,,,,use of weapon,,,,,,,,,less serious injury,,,,,,,,,,,,,,under influence drugs/alcohol,,,,,,,,,primary carer,genuine remorse,single blow,,,,grievous bodily harm,,,immediate custody
40,,,,,,,use of weapon,,,,,,,,,less serious injury,,,,,,,,,,,,,,under influence drugs/alcohol,,,,,,,,,,genuine remorse,single blow,early guilty plea,,,grievous bodily harm,,,immediate custody
40,,,,,,,use of weapon,serious injury,,,lack of premeditation,,provocation,selfdefence,,,,,,,,,,,,,,,,under influence drugs/alcohol,,,good character,,,,,,,genuine remorse,single blow,,,,grievous bodily harm,,,immediate custody
40,,,,premeditation,,,use of weapon,serious injury,,,,,,,,,,,,,,,,location,,ongoing effect,,,,,,lack of maturity,good character,isolated incident,lapse of time,,mental disability (general),no previous convictions,,genuine remorse,single blow,,,,grievous bodily harm,,,immediate custody
40,,,,,,,,,,,,,,,,,,,,,,,,,,,,,,,,,,,,,,,,,,early guilty plea,,,grievous bodily harm,,,
40,,,,,,,,,,,,,,,,,,,on bail,,,,,,,ongoing effect,,,,under influence drugs/alcohol,,lack of maturity,,,lapse of time,,,,,genuine remorse,,,,,grievous bodily harm,,,
40,,,,,,,,,,,,,,,,,,,,,,,,,,,,,,,,,,,,,,,,,,,,,grievous bodily harm,,,immediate custody
40,,,,,,,use of weapon,,,,,,provocation,,,less serious injury,,,,,,,,location,,ongoing effect,,,,under influence drugs/alcohol,,,good character,isolated incident,,,,no previous convictions,,genuine remorse,,early guilty plea,,,grievous bodily harm,,,
40,,,,,,,,,,,,,,,,,,,,,,,,,,,,,,,,,,,,,,,,,,,,,grievous bodily harm,,,
40,,,,,,,,,,,,,,,,,,,,,,,,,,,,previous violence,,under influence drugs/alcohol,,,,,,,,,,,,early guilty plea,,,grievous bodily harm,,,immediate custody
40,deliberate harm,,,,,,,,repeated assault,,,,,,,,,,,victim forced to leave home,,,,,on licence,,,,,under influence drugs/alcohol,,,,,,medical condition,,,,genuine remorse,,early guilty plea,,,grievous bodily harm,,,immediate custody
40,,,,,,,,,,,,,,,,,,against public worker,,,,,,,,,,,,under influence drugs/alcohol,,,good character,,,,,,,,,early guilty plea,,,grievous bodily harm,,,
40,,,,,,,use of weapon,,,,,,,,,less serious injury,,,,,,,,,,,,previous violence,,under influence drugs/alcohol,,,,,,,,,,,,,,,grievous bodily harm,,,immediate custody
40,,,,,,,use of weapon,serious injury,,,,mental disorder (related to the offence),,,,,,,,,,,,,,,,previous violence,,under influence drugs/alcohol,,,,,,,mental disability (general),,,,,early guilty plea,,,grievous bodily harm,,,immediate custody
40,,,,,,,,serious injury,,,,,,,,,,,,,,,,,,,,,,under influence drugs/alcohol,,,,,,,,,,,,,,,grievous bodily harm,,,immediate custody
40,,,,,,,use of weapon,,,,,,provocation,,,,,,,,,,,location,,,,,timing of the offence,under influence drugs/alcohol,,,,,,,,,,,,early guilty plea,,,grievous bodily harm,,,immediate custody
40,,,,,,,,serious injury,,,lack of premeditation,,,selfdefence,,,,,,,,,,,,,,,,,,,good character,isolated incident,,,,,,genuine remorse,,,,,grievous bodily harm,,,
40,,,,premeditation,,,use of weapon,,,,,,,,,less serious injury,,,,,,,,,,,,,,under influence drugs/alcohol,,,,,,,,,,,,,,,grievous bodily harm,,,immediate custody
40,,,,,,,,,,,lack of premeditation,,,,,,,,,,,,,,,,,,,,,,good character,isolated incident,,,,,,,single blow,,,,grievous bodily harm,,,
40,,,,,,,use of weapon,,,,,,,,,,,,,,,,,,,,,,,under influence drugs/alcohol,,,,,,,,no previous convictions,,genuine remorse,,,,,grievous bodily harm,,,immediate custody
40,,,leading role gang,,,,use of weapon,,,,,,,,,less serious injury,,,,,,,,location,,ongoing effect,presence of others,,,,,,,,,,,,,,,,,,grievous bodily harm,,,immediate custody
40,,,,,,,,,,,,,,selfdefence,,,,,,,,,,,,,,,,,,,,,,,,no previous convictions,,genuine remorse,single blow,,,,grievous bodily harm,,,
40,,intent more harm,,premeditation,,vulnerable victim,use of weapon,,,,,mental disorder (related to the offence),,,,less serious injury,,against public worker,,,failure to respond to warnings,,,location,on licence,ongoing effect,,,timing of the offence,under influence drugs/alcohol,,,,,,,mental disability (general),,,,,early guilty plea,,,,grievous bodily harm with intent,,immediate custody
40,,,,,,,use of weapon,,,,,,,,,less serious injury,,,,,,,,,,,,,,under influence drugs/alcohol,,,,,,,,,,,,,,,,grievous bodily harm with intent,,immediate custody
40,,,,,,,use of weapon,,,,,mental disorder (related to the offence),,,,less serious injury,,,,,,,,,,,,,,,,,,,,,mental disability (general),no previous convictions,,,,,,,,grievous bodily harm with intent,,
40,,,,,,,use of weapon,,,,,,,,,less serious injury,,,,,,,,,,,,,,,addressing addiction,,good character,,,,,no previous convictions,primary carer,genuine remorse,,,,,,grievous bodily harm with intent,,immediate custody
40,,,,,,,,serious injury,,,,,provocation,,,,,,,,,,,location,,,,,,,,,,,,,,,,,,early guilty plea,,,grievous bodily harm,,,immediate custody
40,,,,,,,,serious injury,repeated assault,,,,,,,,,,,,,,,,,ongoing effect,presence of others,,,under influence drugs/alcohol,,,,,,,,,,genuine remorse,,,,,grievous bodily harm,,,immediate custody
40,,,,,,,,serious injury,,,lack of premeditation,,,,,,,,,,,,gratuitous degradation,,,ongoing effect,,,,,,,,,,,,,,,single blow,,,,grievous bodily harm,,,immediate custody
40,,,leading role gang,,,,use of weapon,,,,,,,,,less serious injury,,,,,,,,,,,,,,,,,,,,,,,,,,,,,grievous bodily harm,,,immediate custody
40,,,,,,,,,,,,,,,,,,,,,,,,,,,,,,,,,,,,,,,,,,,,,,grievous bodily harm with intent,,immediate custody
40,,,,,,,use of weapon,,,,,,,,,,,,,,,,,location,on licence,ongoing effect,,,,under influence drugs/alcohol,,lack of maturity,,,,,,,,genuine remorse,,,,,,grievous bodily harm with intent,,immediate custody
40,,,,,,,use of weapon,,,,,,provocation,,,less serious injury,,,,,,,,,,,,,,,,,,,,,,no previous convictions,,genuine remorse,,early guilty plea,,,,grievous bodily harm with intent,,immediate custody
40,,,,,,,use of weapon,serious injury,,,lack of premeditation,,,,,less serious injury,,against public worker,,,,,,,,,,,,,addressing addiction,,,,,,,,,genuine remorse,,,,,,grievous bodily harm with intent,,immediate custody
40,,,,,,,use of weapon,,,,,,provocation,,,,,,,,,,,,,,,,,,,,good character,isolated incident,,,,no previous convictions,,genuine remorse,,early guilty plea,,,,grievous bodily harm with intent,,immediate custody
40,,,leading role gang,premeditation,,vulnerable victim,,,,,,,,,,less serious injury,,,,,,,,,,ongoing effect,,,,,,,,,,,,,,,,,,,,grievous bodily harm with intent,,immediate custody
40,,,,premeditation,,vulnerable victim,,,,,,,,,subordinate role gang,less serious injury,,,,,,,,,,ongoing effect,,,,,,,,,,,,no previous convictions,,,,,,,,grievous bodily harm with intent,,immediate custody
40,,,,,,,,,,,,,,,,,,,,,,,,,,,,,,,,,,,,,,,,,,,,,,,common assault,immediate custody
40,,,,,,vulnerable victim,,,,,,,,,,less serious injury,,,,,,failure to comply with court orders,,,,,,,,,,,,,,,,,,,,,,,,,common assault,
40,,,,,,,,serious injury,,,lack of premeditation,,,,,,,,,,,,,,,,presence of others,,,,,,,isolated incident,,,,no previous convictions,,genuine remorse,single blow,early guilty plea,,,,,common assault,
40,,,,,,,,,,,,,,,,less serious injury,,,,,,,,location,,ongoing effect,,previous violence,,under influence drugs/alcohol,,,,,,,,,,,,,,,,,common assault,
40,,,,,,,,,,,,,,selfdefence,,,,,,,,,,,,,,,,under influence drugs/alcohol,,,,,,,,,,,,,,,,,common assault,
40,,,,,,,,,,,lack of premeditation,,,,,less serious injury,,,,,,,,,,,,,,,,,,,,,,,,,,,,,,,common assault,
41,,,,,,,,,,,,,,,,less serious injury,,,,,,,,,,,,,,,,,good character,isolated incident,,,,no previous convictions,,genuine remorse,single blow,early guilty plea,,,,,,
41,,,,,,vulnerable victim,use of weapon,,,personally vulnerable,,,,,,,,,,,,,,,,,presence of others,,,,,,,,,,,,,,,,,,,,,immediate custody
41,,,,,,,,,,,,,,,,,,,,,,,,,,,,,,,,,,,,,,,,,,,,,,,,immediate custody
41,,,,,,,use of weapon,serious injury,,,,,,,,,,,,,,,,,,,,,,,,,good character,isolated incident,,,,no previous convictions,,genuine remorse,single blow,,,,,,,immediate custody
41,,,leading role gang,,,,use of weapon,,repeated assault,,,,,,,,,,,,failure to respond to warnings,,,,,,presence of others,,,under influence drugs/alcohol,,,good character,,,,,,,,,,,,,,,immediate custody
41,,,,,,,,serious injury,,personally vulnerable,,,,,,,,,,,,,,,,,presence of others,,,under influence drugs/alcohol,,,,,,,,,,,,,,,,,,
41,,,,,,,use of weapon,serious injury,repeated assault,,,,,,,,,,,,,,,location,on licence,ongoing effect,presence of others,,,under influence drugs/alcohol,,,,,,,,,,,,,,,,,,immediate custody
41,,,,,,vulnerable victim,,serious injury,,,,,,,,,,,,,,,,,,,,,,,,,,,,,,,,,,,,,,,,immediate custody
41,,,,,,,use of weapon,serious injury,,,,,,,,,,,,,,,,location,,,presence of others,,,,,,,,,,,,,,,early guilty plea,,,,,,immediate custody
41,,,,,,,use of weapon,,repeated assault,,,,,,,,,,,,,,,,,,,,,,,,,,,,,,,,,,,,,,,immediate custody
41,,,,,,,use of weapon,,repeated assault,,,,,,,,,,,,failure to respond to warnings,,,,,,presence of others,,,under influence drugs/alcohol,,,,,,,,,,,,,,,,,,immediate custody
41,,,,,,,,serious injury,,,,,,,,,,,,,,,,,,ongoing effect,,,,,,,,isolated incident,,,,no previous convictions,,genuine remorse,,,,,,,,immediate custody
41,,,,,,,use of weapon,,,,,,,,,less serious injury,,,,,,,,location,,,presence of others,,,,,,good character,,,,,no previous convictions,primary carer,,,,,,,,,
41,,,,,,,,,,,,,,,,,,,,,,,,,,,presence of others,,,,,,good character,,,medical condition,,no previous convictions,primary carer,,,,,,,,,
41,,,,,,,use of weapon,,repeated assault,,,,,,,,,,,,,,,,on licence,,,,,,,,,,,,,,,,,,,,,,,immediate custody
41,,,,,,,use of weapon,,,personally vulnerable,,,,,,,,,,,,,,location,,,presence of others,,,under influence drugs/alcohol,,,good character,,,,,no previous convictions,,genuine remorse,single blow,,,,,,,immediate custody
41,,,,,,,,,repeated assault,personally vulnerable,,,,,,,,,,,,,,,,,,,,under influence drugs/alcohol,,,,,,,,,,genuine remorse,,,,,,,,immediate custody
41,,,,,,,use of weapon,,repeated assault,,,,,,,,,,,,,,,location,,,presence of others,,,,,,,,,,,,,,,,,,,,,immediate custody
41,,,,,,,use of weapon,,,,,,,,,less serious injury,,,,,,,,location,,,,,,,,,,,,,,,,,,,,,,,,immediate custody
41,,,,,,,use of weapon,,,,lack of premeditation,,,,,less serious injury,,,,,,,,,,ongoing effect,,,,,addressing addiction,,,,,,,,,genuine remorse,single blow,,,,,,,
41,deliberate harm,,,premeditation,,,,,repeated assault,personally vulnerable,,,,,,,,,,,,,gratuitous degradation,location,,,,,,under influence drugs/alcohol,,,,,,,,,,genuine remorse,,,,,,,,immediate custody
41,deliberate harm,,,,,vulnerable victim,,serious injury,repeated assault,personally vulnerable,,,,,,,,,,,,,,,,,,,,under influence drugs/alcohol,,,,,,,,,,,,,,,,,,immediate custody
41,,,,,,,use of weapon,,repeated assault,,,,,,,,,,,,,,,,,,presence of others,,,under influence drugs/alcohol,,,,,,,,no previous convictions,,,,,,,,,,immediate custody
41,,,,,,,,,repeated assault,,,,,,subordinate role gang,less serious injury,,,,,,,,,,ongoing effect,,,,,,,,,,,,,,,,,,,,,,immediate custody
41,,,,,,vulnerable victim,,,repeated assault,,,,,,,,,,,,,,,location,,,presence of others,,,under influence drugs/alcohol,,,,,,,,,,,,early guilty plea,,,,,,immediate custody
41,,,,premeditation,,,use of weapon,,,,,,,,,less serious injury,,,,,,,,,,,presence of others,previous violence,,under influence drugs/alcohol,,,,,,,,,,,,,,,,,,immediate custody
41,,,,,,,use of weapon,,repeated assault,,,,,,,less serious injury,,,,,,,,,,,,,,,,,,,,,,no previous convictions,,genuine remorse,,,,,,,,
41,,,,,,,use of weapon,,,,,,,,,,,,,,,,,location,,ongoing effect,presence of others,,,under influence drugs/alcohol,,,,,,,,,,,,,,,,,,immediate custody
41,,,,,,,use of weapon,serious injury,,personally vulnerable,,,,,,,,,,,,,,,on licence,,,,,under influence drugs/alcohol,,,,,,,,,,,,,,,,,,immediate custody
41,,,,,,,,serious injury,repeated assault,,,,,,,,,,,,,,,location,,ongoing effect,,,,,,,,,,,,,,,,early guilty plea,,,,,,immediate custody
41,,,leading role gang,,,,use of weapon,,repeated assault,personally vulnerable,,,,,,,,against public worker,,,,,,location,,,,,timing of the offence,under influence drugs/alcohol,,,,,,,,,,,,,,,,,,immediate custody
41,,,,,,,use of weapon,serious injury,,,,,,,,,,,,,,,,location,,ongoing effect,presence of others,,,under influence drugs/alcohol,,,,,,,,,,genuine remorse,,,,,,,,immediate custody
41,,,,premeditation,,,,,,personally vulnerable,,,,,,,,,,,,,,,,,,,,under influence drugs/alcohol,addressing addiction,,good character,isolated incident,,,,no previous convictions,,genuine remorse,,early guilty plea,,,,,,
41,,,,,,vulnerable victim,use of weapon,,,,,,,,,less serious injury,,,,,,,,,,,,,,,,,,,,,,,,genuine remorse,,early guilty plea,,,,,,immediate custody
41,,,,,,,use of weapon,,repeated assault,,lack of premeditation,,,,,less serious injury,,,,,,,,,,,,,,,,lack of maturity,,,,,,,,,,,,,,,,
41,,,,,,,,,repeated assault,,,,,,,,,,,,,,,,,,,,,under influence drugs/alcohol,,,,,,,,,,,,,,,,,,immediate custody
41,,,,,,,use of weapon,,repeated assault,,lack of premeditation,,,selfdefence,,,,,,,,,,location,,,presence of others,,,under influence drugs/alcohol,,,,,,,,,,,,,,,,,,immediate custody
41,,,,,,,,,,,,,,,,less serious injury,,,,,,,,,,,,,,under influence drugs/alcohol,,,,,,,,,,,,,,,,,,immediate custody
41,,,,,,,use of weapon,serious injury,,,,,,,,,,,,,,,,location,,ongoing effect,presence of others,,,under influence drugs/alcohol,,,,,,,,,,genuine remorse,,,,,,,,immediate custody
41,,,,,,,use of weapon,,,,,,,,,,,,,,,,,,,,,,,,,,good character,,,,,no previous convictions,primary carer,genuine remorse,,early guilty plea,,affray,,,,immediate custody
41,,,,,,,,serious injury,repeated assault,,,,,,,,,,,,,,,location,,,,,,under influence drugs/alcohol,,,,,,,,,,,,,,,,,,immediate custody
41,,,,,,,use of weapon,,,,,,,,,,,,,,,,,location,,,presence of others,,timing of the offence,,,,,,,,,,,,,early guilty plea,,affray,,,,immediate custody
41,,,,,,,use of weapon,,,personally vulnerable,,,,,,,,,,,,,,,,,,,,,,,,,,,,no previous convictions,,,,,,affray,,,,
41,,,,,,,use of weapon,,,,,,,,,,,,,,,,,location,,,presence of others,,,,,,,,,,,,,,,early guilty plea,,affray,,,,immediate custody
41,,,leading role gang,,,,use of weapon,,repeated assault,,,,,,,,,,,,,,,,,,presence of others,,,,,,,,,,,,,,,,,affray,,,,
41,,,,,,,,,,,,,,,,,,,,,,,,location,,,presence of others,,timing of the offence,,,,good character,isolated incident,lapse of time,,,no previous convictions,,genuine remorse,,,,affray,,,,
41,,,,,,,,,,,,,,,,,,,,,,,,location,,,presence of others,,timing of the offence,,,,good character,isolated incident,lapse of time,,,no previous convictions,,genuine remorse,,,,affray,,,,
41,,,,,,,use of weapon,,,,,,,,,,,,,,failure to respond to warnings,,,location,,ongoing effect,presence of others,previous violence,,under influence drugs/alcohol,,,,,,,,,,,,early guilty plea,,affray,,,,immediate custody
41,,,,,,,,,,,,,,,,,,,,,,,,,,,,,,,,,,,,,,,,,,,,affray,,,,immediate custody
41,,,,,,,,,repeated assault,,lack of premeditation,,,,,,,,,,,,,location,,,presence of others,,,,,,good character,isolated incident,,,,no previous convictions,,genuine remorse,,early guilty plea,,affray,,,,
41,,,,,,,,,,,,,,,,,,,,,,,,,,,,,,,,,,,,,,,,,,,,affray,,,,
41,,,leading role gang,,,,use of weapon,,repeated assault,,,,,,,,,,,,,,,location,,,presence of others,,,under influence drugs/alcohol,,,,,,,,,,,,,,affray,,,,immediate custody
41,,,,,,,use of weapon,,,,,,,,,,,,,,,,,location,,,presence of others,,timing of the offence,,,,,,,,,,,,,early guilty plea,,affray,,,,immediate custody
41,,,,,,,use of weapon,,,,lack of premeditation,,provocation,,,,,,,,,,,,,,,,,,,,,,,,,no previous convictions,,,,,,affray,,,,
41,,,,,,,,,,personally vulnerable,,,,,,,,,,,,,,,,,presence of others,,,under influence drugs/alcohol,,,,,,,,,,,,,,affray,,,,
41,,,,,,,,,,,,,,,,,,,,,,,,,,,,,,,,,,,,,,,,,,,,affray,,,,
41,,,,,,,use of weapon,,,,,,,,,,,against public worker,,,,,,,,,,,,,addressing addiction,,,,,,,,,genuine remorse,,,,affray,,,,
41,,,,,,,,,,,,,,,,,,against public worker,,,failure to respond to warnings,,,,,,presence of others,previous violence,,under influence drugs/alcohol,,,,,,,mental disability (general),,,,,,,affray,,,,immediate custody
41,,,,,,,use of weapon,,,,,,,,,,,,,,,,,,,,presence of others,previous violence,,under influence drugs/alcohol,,,,,,,,,,genuine remorse,,,,affray,,,,
41,,,,,,,use of weapon,,,personally vulnerable,,,,,,,,,on bail,,,,,,,,presence of others,,,under influence drugs/alcohol,,,,,,,,,,,,early guilty plea,,affray,,,,immediate custody
41,,,,,,,,,repeated assault,personally vulnerable,,,,,,,,,,,,,,,,,,,,under influence drugs/alcohol,,,,,,,,,,,,,,,,,common assault,immediate custody
41,,,,,,,,,,,,,,,,,,,,,,,,,,,,,,,,,,,,,,,,,,early guilty plea,,,,,common assault,
41,,,,,,,,,,personally vulnerable,,,,,,,,against public worker,,,,,,,,,,,,under influence drugs/alcohol,,,,,,,,,,,,,,,,,common assault,immediate custody
41,,,,,,,,,,,,,,,,,,,,,,failure to comply with court orders,,,,,,previous violence,,,,,,,,,,,,,,early guilty plea,,,,,common assault,immediate custody
41,,,,,,,,,,,,,,,,,,,,,,,,,,,,,,,,,,,,,,,,,single blow,,,,,,common assault,immediate custody
41,,,,,,,,,,,,,provocation,,,,,,,,,,,,,,,,,under influence drugs/alcohol,,,,,,,,,,,,,,,,,common assault,
41,,,,,,,use of weapon,,repeated assault,,,,,,,,,,,,,,,,,,,,,under influence drugs/alcohol,,,,,,,,,,,,,,,,grievous bodily harm with intent,,immediate custody
41,,,,,,,use of weapon,,,,,,,,,less serious injury,,,,,,,,,,,,,,,,,,isolated incident,,,,,,genuine remorse,,early guilty plea,,,,grievous bodily harm with intent,,immediate custody
41,,,,,,,use of weapon,,,,,,,,,,,,,,,,,location,,,presence of others,,,under influence drugs/alcohol,,,,,,,,,,,,,,,grievous bodily harm,,,immediate custody
41,,,,,,,use of weapon,,repeated assault,,,,,,,,,,,,,,,,,,,,,under influence drugs/alcohol,,,,,,,,,,,,,,,grievous bodily harm,,,
41,,,,,,,,serious injury,,,,,,,,,,,,,,,,,,,,,,,,lack of maturity,,,,,,,,,,early guilty plea,,,grievous bodily harm,,,immediate custody
41,,,,,,,use of weapon,serious injury,,,,,,,,,,,,,,,,,,,,,,,,,,,,,,no previous convictions,,,single blow,early guilty plea,,,grievous bodily harm,,,
41,,,,,,,,,,,,,,,,less serious injury,,,,,,,,,,,,,,,,,good character,,,,,no previous convictions,,genuine remorse,,early guilty plea,,,grievous bodily harm,,,
41,,,,,,,use of weapon,serious injury,,,,,,,,,,,,,,,,location,,ongoing effect,,,timing of the offence,,addressing addiction,,,,,,,,,genuine remorse,,,,,,grievous bodily harm with intent,,immediate custody
41,,,,,,,use of weapon,serious injury,,,lack of premeditation,,,,,,,,,,,,,,,,,,,under influence drugs/alcohol,,,,,,,,,,,,,,,,grievous bodily harm with intent,,immediate custody
41,,,,,,,use of weapon,,,,,,,,,less serious injury,,,on bail,,,,,location,,,,,,under influence drugs/alcohol,,,,,,,,,,,,,,,grievous bodily harm,,,immediate custody
41,,,,premeditation,,,use of weapon,,repeated assault,,,,,,,less serious injury,,,,,,,,location,,,presence of others,,,under influence drugs/alcohol,addressing addiction,,,,,,,,,genuine remorse,,early guilty plea,,,,grievous bodily harm with intent,,immediate custody
41,,,,,,,use of weapon,serious injury,,,,,,,,,,,,,,,,,,,,,,,,lack of maturity,,,,,,no previous convictions,,,single blow,,,,grievous bodily harm,,,immediate custody
41,,,,,,,use of weapon,,,,lack of premeditation,,,,,less serious injury,,,,,,,,,,,,,,under influence drugs/alcohol,addressing addiction,,,,,,,,,genuine remorse,single blow,early guilty plea,,,grievous bodily harm,,,
41,,,,,,,,serious injury,,,,,,,,,,,,,,,,,,,presence of others,,,,,,,,,,,,,,single blow,early guilty plea,,,grievous bodily harm,,,immediate custody
41,,,,,,,use of weapon,,repeated assault,personally vulnerable,,mental disorder (related to the offence),,,,,,,,,,,,,,,,,,under influence drugs/alcohol,,,,,,,,,,genuine remorse,,,,,grievous bodily harm,,,immediate custody
41,,,,premeditation,,,use of weapon,,,,,,,,,less serious injury,,,,,,,,,,,,,,,,,,isolated incident,,,,no previous convictions,,genuine remorse,,early guilty plea,,,grievous bodily harm,,,immediate custody
41,,,,,,,use of weapon,,,personally vulnerable,,,,,,,,,,,,,,,,,presence of others,,,,,,,,,,,no previous convictions,,,,,,,grievous bodily harm,,,
41,,,,,,,use of weapon,,repeated assault,,lack of premeditation,,,,,,,,,,,,,location,,ongoing effect,presence of others,,,under influence drugs/alcohol,,,,,,medical condition,,,,,,early guilty plea,,,grievous bodily harm,,,immediate custody
41,,,,,,,,serious injury,,,lack of premeditation,,,,,,,,,,,,,,,,,,,,,,,,,,,,,,single blow,,,,grievous bodily harm,,,
41,,,,,,,,,,,lack of premeditation,,provocation,,,less serious injury,,,,,,,,location,,ongoing effect,,,,,,,,isolated incident,lapse of time,,,,,genuine remorse,,,,,grievous bodily harm,,,
41,,,,,,,,,,,lack of premeditation,,,,,,,,,,,,,,,,,,,,,,,,lapse of time,,,,,genuine remorse,,,,,grievous bodily harm,,,
41,,,,,,,use of weapon,,,,,,,,,less serious injury,,,,,,,,,,,,,,under influence drugs/alcohol,,,,,,,,,,,single blow,,,,grievous bodily harm,,,
41,,,,,,,,serious injury,,,,,,,,,,,,,,,,,,,,,,,,,,,,,,,,,single blow,early guilty plea,,,grievous bodily harm,,,immediate custody
41,,,,,,,,,,,,,,selfdefence,,,,,,,,,,,,,presence of others,,,,,,,isolated incident,,,,,,,single blow,,,,grievous bodily harm,,,
41,,,,,,,use of weapon,,,personally vulnerable,,,,,,,,,,,,,,location,,,presence of others,,,under influence drugs/alcohol,,,,,,,,,,,single blow,,,,grievous bodily harm,,,immediate custody
41,,,,,,,,,,,lack of premeditation,,,,,,,,,,,,,,,,,,,,,,,,,,,,,genuine remorse,single blow,,,,grievous bodily harm,,,
41,,,,,,,use of weapon,,repeated assault,,,,,,,,,,,,,,,,,,,,,,,,,,,,,,,,,,,,grievous bodily harm,,,immediate custody
41,,,,,,,use of weapon,serious injury,,,lack of premeditation,,provocation,,,,,,,,,,,,,,presence of others,,,,,,good character,isolated incident,,,,no previous convictions,primary carer,genuine remorse,,,,,grievous bodily harm,,,
41,,,,,,,use of weapon,,,,,,,,,less serious injury,,,,,,,,,,,,,,,addressing addiction,,,,,,mental disability (general),no previous convictions,,genuine remorse,,,,,grievous bodily harm,,,
41,,,,,,,,,,,,,,,,,,,,,,,,,,,,,,,,,,,,,,no previous convictions,,,,,violent disorder,,,,,
41,,,,,,,,,,,,,,,,,,,,,,,,,,,,,,,,,,,,,,no previous convictions,,,,early guilty plea,violent disorder,,,,,
41,,,,,,,,,,,,,,,,,,,,,,,,,,,,,,,,,,,,,,no previous convictions,,,,,violent disorder,,,,,
41,,,,,,,,,,,,,,,,,,,,,,,,,,,,,,,,,,,,,,no previous convictions,,,,,violent disorder,,,,,
42,,,,,,,,,,,,,,,,,,,,,,,,,,,,,,,,,,,,,,,,,,,,affray,,,,
42,,,,,,,,,,,,,,,,,,,,,,,,,,,,,,,,,,,,,,,,,,,,affray,,,,
42,,,,premeditation,,,use of weapon,,,,,,provocation,,subordinate role gang,,,,,,,,,,,,,,,,,,,,,,,,,,,,,affray,,,,
42,,,,,against race/religion,,,,repeated assault,,,,,,,less serious injury,,against public worker,,,,,gratuitous degradation,location,,,,,,,,,good character,,,,,no previous convictions,,,,,,affray,,,,
42,,,,,,,,,,,,,,,,,,,,,,,,,,,,,,,,,,,,,,,,,,,,affray,,,,
42,,,,,,,use of weapon,serious injury,repeated assault,,,,,,subordinate role gang,,,against public worker,,,,,,,,,,,,under influence drugs/alcohol,,,,,,,,,,,,,,affray,,,,immediate custody
42,,,,,,,use of weapon,,,,,,,,,,,against public worker,,,,,,,,,,,,,,,,,,,,,,,,,,affray,,,,immediate custody
42,,,,,,,use of weapon,,,,,,,,,,,,,,,,,,,,presence of others,,,,,,,,,,,,,,,early guilty plea,,affray,,,,
42,,,,,,,use of weapon,,,,,,provocation,,,,,,,,,,,,,,presence of others,,,under influence drugs/alcohol,,,,,,,,,,,,early guilty plea,,affray,,,,
42,,,leading role gang,premeditation,,,use of weapon,,,,,,provocation,,,,,,,,,,,,,,,,,under influence drugs/alcohol,,,,,,,mental disability (general),,,,,,,affray,,,,
42,,,,,,,use of weapon,,,,,,,,,,,against public worker,,,failure to respond to warnings,,,location,,,presence of others,,,,addressing addiction,,,,,,,,,,,,,affray,,,,
42,,,,,,,,,repeated assault,,lack of premeditation,,,,,,,,,,,,,,,,presence of others,previous violence,,under influence drugs/alcohol,,,,,,,,,,genuine remorse,,,,affray,,,,immediate custody
42,,,,,,,,,,,lack of premeditation,,,,,,,,,,,,,,,,,previous violence,timing of the offence,under influence drugs/alcohol,,,,,,,,,,,,,,affray,,,,immediate custody
42,,,,premeditation,,,use of weapon,,,,,,,,subordinate role gang,,,,,,,,,,,,,,,under influence drugs/alcohol,,,,,,,,,,,,,,affray,,,,immediate custody
42,,,leading role gang,,,,use of weapon,,,,,,,,,,,,,,,,,location,,,,,timing of the offence,,,lack of maturity,,,,,,,,,,,,affray,,,,
42,,,,,,,use of weapon,,,,,,,,subordinate role gang,less serious injury,,,,,,,,,,,,,,,,,,isolated incident,,,,no previous convictions,,genuine remorse,,early guilty plea,,affray,,,,
42,,,,,,,use of weapon,,,,,,,,,,,against public worker,,,failure to respond to warnings,,,,,,presence of others,,,under influence drugs/alcohol,,,good character,,,,,no previous convictions,,genuine remorse,,,,affray,,,,immediate custody
42,,,,,,,use of weapon,serious injury,,,,,,,,,,,,victim forced to leave home,,failure to comply with court orders,,,,,,,,,,,,,,,,,,,,,,affray,,,,immediate custody
42,,,leading role gang,,,,use of weapon,,,,,,,,,,,,,,,,,,,,,,,,addressing addiction,,,,,,,,,,,early guilty plea,,affray,,,,immediate custody
42,,,,,,,,,,,,,,,,,,,,,,,,,,,,,,,,,,,,,,,,,,,,affray,,,,
42,,,leading role gang,premeditation,,,use of weapon,,,,,,,,,,,,,,,,,,,,presence of others,,,under influence drugs/alcohol,,,,,,,,,,,,,,affray,,,,immediate custody
42,,,,,,,,,,,,,,,,,,,,,,,,location,,,presence of others,,timing of the offence,,,,good character,,,,,,,genuine remorse,,,,affray,,,,
42,,,,,,,,,,,,,,,,,,,,,,,,,,,,,,,,,,,,,,,,,,,,affray,,,,
42,,,,,,,,serious injury,,,,,,,,,,,,,,,,,,,,,,,,,good character,isolated incident,,,,no previous convictions,,genuine remorse,single blow,early guilty plea,,,,,,
42,,,,,,,,,,,,,provocation,,,,,,,,,,,,,,,,,under influence drugs/alcohol,,,good character,isolated incident,,,,no previous convictions,,genuine remorse,single blow,early guilty plea,,,,,,
42,,,leading role gang,,,,,,,,,,,,,,,,,,,,,,,,,,,,,,,,,,,,,,,early guilty plea,,affray,,,,
42,,,,,,,use of weapon,,repeated assault,,,,,,,,,,,,,,,,,ongoing effect,,,,,addressing addiction,,,,lapse of time,,,,,,,,,,,,,
42,,intent more harm,,premeditation,,,use of weapon,serious injury,,,,,,,,,,,,,,,,location,,,,,,,,,,,,,,,,,single blow,,,,,,,immediate custody
42,,,,,,,use of weapon,,repeated assault,,lack of premeditation,,,,subordinate role gang,,,,,,,,,location,,,presence of others,,timing of the offence,under influence drugs/alcohol,,,,,,,,,,,,early guilty plea,,,,,,immediate custody
42,,,,,,,,,repeated assault,personally vulnerable,,,,,,,,,on bail,,,,,,,,,,,,,,,,,,,,,,,early guilty plea,,,,,,immediate custody
42,,,leading role gang,,against race/religion,,use of weapon,,repeated assault,,,,,,,,,,,,,,,location,,,presence of others,,,under influence drugs/alcohol,,,,,,,,,,genuine remorse,,early guilty plea,,,,,,immediate custody
42,,,,,,,use of weapon,,,,,,,selfdefence,,,,,,,,,,,,,,,,,,,good character,,,,,no previous convictions,,,,early guilty plea,,,,,,
42,,,,premeditation,,,,serious injury,,,,,,,,,,,,,,,,location,,,presence of others,,,under influence drugs/alcohol,,,,,,,,,,,single blow,,,,,,,immediate custody
42,,,,,,,use of weapon,,repeated assault,personally vulnerable,,,,,,,,,,,,,,,,,,,,,,,,,,,,,,,,,,,,,,immediate custody
42,,,,,,,use of weapon,,repeated assault,,,,,,,,,against public worker,,,,,,,,,presence of others,,,,,,,,,,,,,,,early guilty plea,,,,,,immediate custody
42,,,,,,,use of weapon,,,,,,,,,,,,,,,,,,,,,previous violence,,under influence drugs/alcohol,,,,,,,,,,,,early guilty plea,,,,,,
42,,,,,,vulnerable victim,use of weapon,,,,,,,,,,,,,,,,,,,,,,,,,lack of maturity,,,,,,no previous convictions,,,,,,,,,,
42,,,,,,vulnerable victim,,serious injury,,personally vulnerable,,,,,,,,,,,,,,,,,,,,under influence drugs/alcohol,,,,,,,,no previous convictions,,,single blow,early guilty plea,,,,,,immediate custody
42,,,,,,,use of weapon,,,,,,,,,less serious injury,,,,,,,,,,,,,,,,,,,,,,,,genuine remorse,,,,,,,,
42,,intent more harm,,,,,use of weapon,,repeated assault,,,,,,,,,,,,,,,,,,,,,,,,,,,,,,,,,early guilty plea,,,,,,immediate custody
42,,,leading role gang,,,,use of weapon,,,,,,,,,less serious injury,,,,,,,,,,,,,,,,,,,,,,,,,,early guilty plea,,,,,,immediate custody
42,,,leading role gang,,,,,,,,,,,,,,,,,,,,,location,,ongoing effect,presence of others,,timing of the offence,under influence drugs/alcohol,,,,,,,,,,,,,,,,,,immediate custody
42,,,,,,,use of weapon,serious injury,,,,,,,,,,against public worker,,,,,,,,,presence of others,,,under influence drugs/alcohol,,lack of maturity,,isolated incident,,,,no previous convictions,,genuine remorse,,,,,,,,immediate custody
42,,,,,,,,,repeated assault,personally vulnerable,,,,,,,,,,,,,,location,,,,previous violence,,,,,,,,,,,,,,early guilty plea,,,,,,immediate custody
42,,,,,,,,,,,lack of premeditation,,provocation,selfdefence,,less serious injury,,,,,,,,,,,,,,under influence drugs/alcohol,,,,isolated incident,,,,,,genuine remorse,,,,,,,,
42,,,,,,,use of weapon,,,,lack of premeditation,,,,,,,,,,,,,location,,ongoing effect,,,timing of the offence,under influence drugs/alcohol,,,,,,,,,,genuine remorse,single blow,early guilty plea,,,,,,
42,,intent more harm,,,,,use of weapon,,,,,,,,,less serious injury,,,,,,,,location,,,presence of others,,timing of the offence,,,,,,,,,,,,,early guilty plea,,,,,,immediate custody
42,,,,premeditation,,,use of weapon,,,,,,,,,less serious injury,,,,,,,gratuitous degradation,,,,,,,,,,,,,,,,primary carer,,,early guilty plea,,,,,,
42,,,,,,,use of weapon,serious injury,,,lack of premeditation,,,,,,,,,,,,,,,,,,,under influence drugs/alcohol,,,,,,,,no previous convictions,,,,early guilty plea,,,,,,
42,,,,,,,use of weapon,,,,,,,,,,,,,,,,,location,,ongoing effect,,,,under influence drugs/alcohol,,,good character,isolated incident,,,,,,genuine remorse,,,,,,,,
42,,,,,,,use of weapon,,repeated assault,,,,,,,,,,,,,,,location,,,presence of others,,timing of the offence,under influence drugs/alcohol,,,good character,,,,,,,genuine remorse,,early guilty plea,,,,,,immediate custody
42,,,,,,,,,,,,,,,,,,,,,,,,,,,,,,,,,good character,,,,,no previous convictions,,,,,,,,,,
42,,,,premeditation,,,,,,,,,,,,,,,,,,,,location,,,,,,,,,,,,,,,,,single blow,,,,,,,immediate custody
42,,,,,,,,,,,,,,,,,,,,,,,,,,,,,,,,,,,,,,,,,,early guilty plea,,,,,,immediate custody
42,,,,,,,use of weapon,serious injury,repeated assault,,,,,,,,,,,,,,,location,,ongoing effect,,,,,,,good character,,,,,,,genuine remorse,,early guilty plea,,,,,,
42,,,,,,vulnerable victim,,,repeated assault,personally vulnerable,,,,,,,,,,,,,,,,,,,,under influence drugs/alcohol,,,,,,,,,,,,,,,,,,immediate custody
42,,,,,,,,,repeated assault,,,,,,,,,against public worker,,,,,,,,ongoing effect,presence of others,,,under influence drugs/alcohol,,,,,,,,,,genuine remorse,,,,,,,,immediate custody
42,,,,,,,use of weapon,,repeated assault,,lack of premeditation,,,,subordinate role gang,,,,,,,,,location,,,,,,,addressing addiction,lack of maturity,good character,isolated incident,,,,no previous convictions,,genuine remorse,,early guilty plea,,,,,,
42,,,,premeditation,,,use of weapon,serious injury,repeated assault,personally vulnerable,,,,,,,,,,,,,,,,,,,,,,,,,,,,,,,,,,,,,,immediate custody
42,,,,,,,,serious injury,,,,,,,,,,,,,,,,,,,,,,,,,,,,,,,,,,early guilty plea,,,,,,
42,,,leading role gang,,,,,,repeated assault,,,,,,,,,,,,,,,location,,,presence of others,,timing of the offence,under influence drugs/alcohol,,,,,,,,,,,,early guilty plea,,,,,,immediate custody
42,,,leading role gang,,,,use of weapon,serious injury,,,,,,,,,,,,,,,,,on licence,ongoing effect,,,,under influence drugs/alcohol,,,,,,,,,,,,early guilty plea,,,grievous bodily harm,,,immediate custody
42,,intent more harm,,,,,use of weapon,serious injury,,,,,,,,,,,,,,,,,,,,,,under influence drugs/alcohol,,,,,,,,,,,single blow,,,,grievous bodily harm,,,immediate custody
42,,,,premeditation,,,,,,,,,,,subordinate role gang,,,,,,,failure to comply with court orders,,,,,presence of others,,,,,,,,,,,,,,,,,,grievous bodily harm,,,immediate custody
42,,,,,,,use of weapon,serious injury,,,,,,,,,,,,,,,,location,,ongoing effect,presence of others,,timing of the offence,,,,,,,,,,,genuine remorse,single blow,,,,grievous bodily harm,,,immediate custody
42,,intent more harm,,premeditation,,,use of weapon,,,,,,,,,less serious injury,,,,,,failure to comply with court orders,,,,,,,,under influence drugs/alcohol,,,,,,,,,,,single blow,,,,grievous bodily harm,,,immediate custody
42,,,,premeditation,,,use of weapon,,repeated assault,,,,,,,,,,,,,,,,,,,,,,,,,,,,mental disability (general),,,,,,,,grievous bodily harm,,,immediate custody
42,,,,,,,use of weapon,serious injury,,,,,,,,,,,,,,,,,,,presence of others,,,under influence drugs/alcohol,,,,isolated incident,,,,,,,single blow,,,,grievous bodily harm,,,immediate custody
42,,,leading role gang,,,,use of weapon,,repeated assault,,,,,,,,,,,,,failure to comply with court orders,,,,,presence of others,,,under influence drugs/alcohol,,,,,,,,,,,,early guilty plea,,,grievous bodily harm,,,immediate custody
42,,,,,,,use of weapon,serious injury,repeated assault,,,,,,,,,,on bail,,,,,,,,,previous violence,,under influence drugs/alcohol,,,,,,,,,,,,,,,grievous bodily harm,,,immediate custody
42,,,,,,,use of weapon,serious injury,,,,,,,,,,,,,,,,,,,presence of others,,,under influence drugs/alcohol,,,,,,,,,,genuine remorse,,,,,grievous bodily harm,,,immediate custody
42,,,,,,,,,,,lack of premeditation,,,,,,,,,,,,,location,,,,previous violence,,,,,,,,,,,,,single blow,,,,grievous bodily harm,,,
42,,,,,,,use of weapon,,,,lack of premeditation,,,,,,,,,,,,,location,,ongoing effect,,,timing of the offence,under influence drugs/alcohol,,,,,,,,,primary carer,,,early guilty plea,,,grievous bodily harm,,,
42,,,leading role gang,,,,use of weapon,serious injury,,,,,,,,,,,,,,failure to comply with court orders,,,,,,,,,,,,,,,,,,,,early guilty plea,,,grievous bodily harm,,,immediate custody
42,,,,,,,use of weapon,serious injury,,,,,,,,,,,,,,failure to comply with court orders,,,,,,,,,,,,,,,,,,genuine remorse,,early guilty plea,,,grievous bodily harm,,,immediate custody
42,,,leading role gang,,,,,,repeated assault,,lack of premeditation,,,,,,,,,,,,,,,,presence of others,,,under influence drugs/alcohol,,,good character,,,,,,,,,,,,grievous bodily harm,,,
42,,,,,,,,serious injury,,,lack of premeditation,,,,,,,,,,,,,,,ongoing effect,,,,,,,good character,,,,,no previous convictions,,,single blow,,,,grievous bodily harm,,,
42,,,,,,,,,,,,mental disorder (related to the offence),,,,,,,,,,,,,,,,,,,,,,,,medical condition,mental disability (general),,,,,early guilty plea,,,grievous bodily harm,,,
42,,,,,,,,,,,lack of premeditation,,,,,,,,,,,,,location,,,,,,,,,,isolated incident,,,,,,,single blow,,,,grievous bodily harm,,,
42,,,,,,,,,,,lack of premeditation,,,,,,,,,,,,,,on licence,,,,,,,,,,,,,,,,single blow,early guilty plea,,,grievous bodily harm,,,immediate custody
42,,,,,,,,serious injury,,personally vulnerable,,,,,,,,,,,,,,,,,,,,under influence drugs/alcohol,,,,,,,,,,,,early guilty plea,,,grievous bodily harm,,,immediate custody
42,deliberate harm,intent more harm,,premeditation,,,use of weapon,serious injury,,,,,,,,,,,,,,,,location,,,presence of others,previous violence,,under influence drugs/alcohol,addressing addiction,,,,,,,no previous convictions,,,,,,,,grievous bodily harm with intent,,immediate custody
42,,,,,,,,serious injury,,,,,,selfdefence,,,,,,,,,,,,ongoing effect,,,,,,lack of maturity,good character,isolated incident,,,,no previous convictions,,genuine remorse,single blow,early guilty plea,,,grievous bodily harm,,,
42,,,,premeditation,,,,,,personally vulnerable,,,,,,,,,,,,,,,,ongoing effect,,,,,,,,,,medical condition,,no previous convictions,,,,,,,grievous bodily harm,,,
42,,,,,,,use of weapon,,repeated assault,,,,,,,,,,on bail,,,,,,,,presence of others,,,under influence drugs/alcohol,,,,,,,,no previous convictions,,,,early guilty plea,,,grievous bodily harm,,,immediate custody
42,,,,,,,use of weapon,serious injury,,,,,,,,,,,,,,failure to comply with court orders,,,,,,,,under influence drugs/alcohol,,,,,,,,,,,single blow,early guilty plea,,,grievous bodily harm,,,immediate custody
42,,,,,,,,,,,,,,,,,,,,,,,,,,,,,,,,,,,,,,,,,,,,,,,common assault,
42,,,,,,,,,,,,,,,,,,against public worker,,,,failure to comply with court orders,,,,,,,,,,,,,,,,,,,,early guilty plea,,,,,common assault,immediate custody
42,,,,,,,,,,,,,,,subordinate role gang,,,,,,,,,,,,presence of others,,,,,lack of maturity,good character,isolated incident,,,,no previous convictions,,genuine remorse,single blow,early guilty plea,,,,,common assault,
42,,,,,,vulnerable victim,,,repeated assault,personally vulnerable,,,,,,,,,,victim forced to leave home,,failure to comply with court orders,,location,,ongoing effect,presence of others,,timing of the offence,under influence drugs/alcohol,,,,,,,,,,,,,,,,,common assault,immediate custody
43,,,,,,,,,repeated assault,,,,,,subordinate role gang,,,,,,,,,,,,,,,,,lack of maturity,good character,,,,,no previous convictions,,,,,,,,,,
43,,,,,,,,serious injury,,,,,,,,,,against public worker,,,,,,location,,ongoing effect,,previous violence,timing of the offence,under influence drugs/alcohol,,,,,,,,,,,,,,,,,,immediate custody
43,,,,,,,,,,,,,,,,,,,,,,,,,,,,,,,,,,,,,,,,,,,,,,,,
43,,,,,,,,,,,,,,,,,,,,,,,,,,,,,,,,,,,,,,,,genuine remorse,single blow,,,,,,,
43,,,,,,,,,,,lack of premeditation,,,,,,,,,,,,,,,,,,,,,,good character,isolated incident,,medical condition,,no previous convictions,,genuine remorse,single blow,,,,,,,
43,,,leading role gang,,,,use of weapon,serious injury,,personally vulnerable,,,,,,,,,,,,,,,,,,,,,,,good character,,,,,no previous convictions,,genuine remorse,,,,,,,,immediate custody
43,,,,premeditation,,,,,,,,,,,,,,,,,,,,,,,,,,,,,,,,,,,,,,,,,,,,
43,,,,,,,,,,,lack of premeditation,,,,subordinate role gang,,,,,,,,,,,,,,,,addressing addiction,lack of maturity,good character,isolated incident,,,,no previous convictions,,genuine remorse,,early guilty plea,,,,,,
43,,,,premeditation,,,use of weapon,,,,,,,,,,,,,,,,,,,,,,,,,,,,,,,,,,,,,,,,,immediate custody
43,,,,,,,,,,,,,,,,,,,,,,,,,,,,,,,,,,,,,,no previous convictions,,,single blow,,,,,,,
43,,,,,,,,,,,,,,,,,,,,,,,,,,,,,,,,,,,,,,,,,,,,,,,,
43,,,,,,,,,repeated assault,,lack of premeditation,,,,,,abuse of trust,,on bail,,failure to respond to warnings,,,,,,,,,under influence drugs/alcohol,,,,,,,,,,genuine remorse,,,,,,,,immediate custody
43,,,,,,,,,,,,,,,subordinate role gang,less serious injury,,against public worker,,,,,,,,,presence of others,,,,,,good character,,,,,no previous convictions,,,single blow,,,,,,,
43,,,,,,,,,,,,,,,subordinate role gang,,,,,,,,,location,,,presence of others,,,,,,,,,,,,,genuine remorse,,,,,,,,
43,,,,,,,,serious injury,repeated assault,,,,,,,,,,,,,,,location,,ongoing effect,presence of others,,,,,,,,,,,,,,,,,,,,,immediate custody
43,,,,,,,use of weapon,,,,,,,,,,,,,,,,,,,,,,,,,,,,,,,,,,,,,,,,,immediate custody
43,,,,,,,use of weapon,,,,,,,,,less serious injury,,against public worker,,,,,,location,,,presence of others,,,under influence drugs/alcohol,,,,,,,,,,,single blow,early guilty plea,,,,,,
43,,,,,,,,,,,lack of premeditation,,provocation,,,less serious injury,,,,,,,,location,,,,,timing of the offence,under influence drugs/alcohol,,,,,,,,no previous convictions,,genuine remorse,single blow,early guilty plea,,,,,,
43,,,,,,,use of weapon,,,,,,,,,,,,,,,,,,,,,,,,,,,,,,,,,,,,,,,,,immediate custody
43,,,,,,,use of weapon,,,,,,,,,less serious injury,,,,,,,,,,ongoing effect,,,,,,lack of maturity,,,,,,,,,,early guilty plea,,,,,,immediate custody
43,,,,,,,use of weapon,,,,,,,,,,,,,,,,,location,,,,,,under influence drugs/alcohol,,,,,,,,,,,,,,,,,,
43,,,,,,,,,,,,,provocation,,,less serious injury,,,,,,,,,,,,,,under influence drugs/alcohol,,,,,,,,no previous convictions,,,single blow,,,,,,,
43,,,,,,,,,,,,,,,,,,,,,,,,,,,presence of others,,,under influence drugs/alcohol,addressing addiction,,,,,,,,,genuine remorse,,,,,,,,
43,,,leading role gang,,,,,,repeated assault,personally vulnerable,,,,,,,,,,,,,,,,ongoing effect,,,,,,lack of maturity,,,,,,,,,,early guilty plea,,,,,,immediate custody
43,,,,,,,use of weapon,,repeated assault,,,,,,,,,,,,,,,,,,,,,,,,,,,,,,,,,,,,,,,immediate custody
43,,,,,,,use of weapon,,repeated assault,,,,,,,,,,,,,,,,,,,,,,,,,,,,,,,,,,,,,,,immediate custody
43,deliberate harm,,,,,,,serious injury,,,,,,,,,,,,,,,,,,,,,,under influence drugs/alcohol,,,,,lapse of time,,,,,,,early guilty plea,,,,,,
43,,,,,,,,,,,lack of premeditation,,,,,less serious injury,,,,,,,,,,,,,,,,,,,,,,,,,,,,,,,,
43,,,,,,,,,,,lack of premeditation,,provocation,,,less serious injury,,,,,,,,,,,,,,,,,,,,,,no previous convictions,,,single blow,,,,,,,
43,,,,,,,use of weapon,,,,,,,,,,,,,,,,,,,,,,,under influence drugs/alcohol,,,good character,isolated incident,,,,,,genuine remorse,single blow,,,,,,,
43,,,,,,,,,,,,,,,,less serious injury,,,,,,,,,,,,,,,,,,,,,,,,genuine remorse,,,,,,,,
43,,,,,,,,,,,lack of premeditation,,,,,,,,,,,,,,,,,,,,,,,,,,,no previous convictions,,,single blow,early guilty plea,,,,,,
43,,,,premeditation,,,,,,,,,,,,less serious injury,,,,,,,,,,,,,,,,,good character,,,,,,,,single blow,,,,,,,
43,,,,,,,,,,,,,provocation,,,less serious injury,,,,,,,,,,,,,,,,,good character,,,,,no previous convictions,,,single blow,,,,,,,
43,,,leading role gang,,,,,,,,,,,,,,,,,,,,,,,,,,,,,,,,,,,,,,,,,,,,,
43,,,,,,,use of weapon,serious injury,,,lack of premeditation,,,,,,,,,,,,,,,,,,,under influence drugs/alcohol,,lack of maturity,,,,,,,,genuine remorse,,,,,,,,
43,,,,,,,,,,,,,,selfdefence,,,,,,,,,,,,,,,,,,lack of maturity,,isolated incident,,,mental disability (general),no previous convictions,,genuine remorse,single blow,,,,,,,
43,,,,,,vulnerable victim,,,repeated assault,personally vulnerable,,,,,,,,,,,,,gratuitous degradation,location,,ongoing effect,presence of others,,timing of the offence,under influence drugs/alcohol,,,,,,,,,,,,,,,,,,immediate custody
43,,,,,,,,,,,lack of premeditation,,,,,,,,,,,,,,,,,,,,,,,isolated incident,,,,no previous convictions,,genuine remorse,single blow,early guilty plea,,,,,,
43,,,,,,,,,,,,,,,subordinate role gang,,,,,,,,,,,,,,,,,,good character,isolated incident,,,,no previous convictions,,genuine remorse,,early guilty plea,,,,,,
43,,,,,,,use of weapon,,repeated assault,,,,,,,,,,,,,,,location,,,,,,under influence drugs/alcohol,,,,,,,,,,genuine remorse,,early guilty plea,,,,,,immediate custody
43,,,,,,,use of weapon,serious injury,repeated assault,,,,,,,,,,,,,,,location,,ongoing effect,,,timing of the offence,,,lack of maturity,,,,,mental disability (general),no previous convictions,,,,,,,,,,immediate custody
43,,,,,,,,,,,,,,,,less serious injury,,,,,,,,,,,,,,,,,,,,,,no previous convictions,,genuine remorse,single blow,early guilty plea,,,,,,
43,,,,,,,use of weapon,,repeated assault,,,,,,,,,,,,,failure to comply with court orders,,,,,,previous violence,,,,,,,,,,,,,,,,,,,,immediate custody
43,,,,,,,,,repeated assault,,lack of premeditation,,,,,,,,,,,,,,,ongoing effect,,,,,,,,,,,,no previous convictions,,genuine remorse,,,,,,,,
43,,,,,,,,serious injury,,,,,,,,,,,,,,,,,,,,,,under influence drugs/alcohol,,,,isolated incident,,,,,,,single blow,,,,,,,
43,,,,,,,use of weapon,,,,lack of premeditation,,,,,less serious injury,,,,,,,,,,,presence of others,,,,addressing addiction,lack of maturity,,,,,,no previous convictions,,genuine remorse,,,,,,,,
43,,,,,,,use of weapon,,,,,,provocation,selfdefence,,,,,,,,,,,,,,,,,addressing addiction,,,,,,,,,genuine remorse,,,,,,,,
43,,,,,,,,,,,lack of premeditation,,provocation,,,less serious injury,,,,,,,,,,,,,,,addressing addiction,,,,,,,no previous convictions,,,single blow,early guilty plea,,,,,,
43,,,,,,,,,,,,,,,,,,,,,,,,,,,presence of others,,,,addressing addiction,,,,,medical condition,,,,genuine remorse,,,,,,,,
43,,intent more harm,,premeditation,,,,,,personally vulnerable,,,,,,,,,,,,,,,,,,,,,,lack of maturity,,,,,,,,,single blow,,,,,,,
43,,,,,,,use of weapon,serious injury,repeated assault,,,,,,,,,,,,,,,location,,ongoing effect,,,timing of the offence,,,lack of maturity,,,,,,no previous convictions,,,,,,,,,,immediate custody
43,,,,,,,,,,,lack of premeditation,,,selfdefence,subordinate role gang,,,,,,,,,location,,ongoing effect,presence of others,,,,,lack of maturity,good character,isolated incident,,,,no previous convictions,,genuine remorse,single blow,early guilty plea,,,,,,
43,,,leading role gang,premeditation,,,use of weapon,,repeated assault,,,,,,,,,,on bail,,,,,,,,presence of others,previous violence,,under influence drugs/alcohol,,,,,,,,,,,,,,,,,,immediate custody
43,,,,,,,use of weapon,serious injury,,,lack of premeditation,,,,,,,,,,,,,,,,,,,,,,,,,,,,,,,,,,,,,immediate custody
43,,,,premeditation,,,use of weapon,,,personally vulnerable,,,,,,,,,,,,,,,,,,previous violence,,under influence drugs/alcohol,,lack of maturity,,,,,,,,,,,,,,,,immediate custody
43,,,,,,,use of weapon,,repeated assault,,,,,,,,,,,,,failure to comply with court orders,,,,,,previous violence,,,,,,,,,,,,,,,,,,,,immediate custody
43,,,,,,,,,,,,,,,,,,,,,,,,location,,,,,,,,,,isolated incident,,,,,,,,,,,,,,
43,,,,,,,,,,,lack of premeditation,,,,,less serious injury,,,,,,,,,,,,,,,,,,,,,,,,,,,,,,,,
43,,,,,,,,,,,lack of premeditation,,,,,less serious injury,,,,,,,,,,,,,,,,,,,,,,,,genuine remorse,,early guilty plea,,,,,,
43,,,,,,,,serious injury,,,,,,,,,,,,,,,,,,ongoing effect,,,,,,,,,,,,,,,,,,,,,,immediate custody
43,,,,,,,,,,personally vulnerable,,,,,,,,,,,,,,,,,,,,,,,,,,,,,,,,early guilty plea,,,,,,
43,,,,,,,,,,personally vulnerable,,mental disorder (related to the offence),,,,,,,,,,,gratuitous degradation,,,,presence of others,previous violence,,under influence drugs/alcohol,,,,,,medical condition,mental disability (general),,,,,,,,,,,
43,,,,,,,,,,personally vulnerable,,mental disorder (related to the offence),,,,,,,,,,,gratuitous degradation,,,,presence of others,previous violence,,under influence drugs/alcohol,,,,,,medical condition,mental disability (general),,,,,,,,,,,
43,,,,,,,use of weapon,serious injury,,,,,,,,,,against public worker,,,,,,,,ongoing effect,,,,under influence drugs/alcohol,,,,,,,,,,genuine remorse,,,,,,,,immediate custody
43,,,,,,,use of weapon,,,,,,,,subordinate role gang,less serious injury,,,,,,,,,,,,,,,,,good character,isolated incident,,,,no previous convictions,,genuine remorse,,,,,,,,
43,,,,,,,,serious injury,repeated assault,personally vulnerable,,,,,,,,,,,,,,,,ongoing effect,presence of others,previous violence,,under influence drugs/alcohol,,,,,,,,,,genuine remorse,,,,,,,,immediate custody
43,,,,,,,,serious injury,repeated assault,personally vulnerable,,,,,,,,against public worker,,,,,,,,,presence of others,,,,,,,,,,,,,,,,,,,,,immediate custody
43,,,,,,,,,,,lack of premeditation,,,,,less serious injury,,,,,,,,,,,,,,,,lack of maturity,,,,,,no previous convictions,,,,,,,,,,
43,,,,,,,,serious injury,,,lack of premeditation,,,,,,,,,,,,,location,,,,,,under influence drugs/alcohol,,,,,,,,,,genuine remorse,,early guilty plea,,,,,,
43,,,,,,,use of weapon,,,,lack of premeditation,,,,,,,,,,,,,location,,ongoing effect,presence of others,previous violence,,under influence drugs/alcohol,,lack of maturity,,,,,,,,genuine remorse,single blow,early guilty plea,,,,,,
43,,,,,,,use of weapon,,,,lack of premeditation,,provocation,,,,,,,,,,,,,,,,,,,,,isolated incident,,,,no previous convictions,,genuine remorse,single blow,early guilty plea,,,,,,
43,,,,,,,use of weapon,serious injury,,,lack of premeditation,mental disorder (related to the offence),,,,,,,,,,,,,,,,,,,,lack of maturity,good character,isolated incident,,,mental disability (general),no previous convictions,,genuine remorse,single blow,early guilty plea,,,,,,
43,,,,,,,,,,,lack of premeditation,,,,,less serious injury,,,,,,,,,,,,,,,,,,,,,,,,,single blow,early guilty plea,,,,,,
43,,,,,,,,,,personally vulnerable,lack of premeditation,,,,,less serious injury,,,,,,,,,,,,,,,addressing addiction,,,,,,,,,genuine remorse,,,,,,,,
43,,,,,,,use of weapon,,,,,,,,,,,,,,,,,,,,,,,,addressing addiction,lack of maturity,good character,,,,,no previous convictions,,genuine remorse,,,,,,,,
43,,,,,,,,serious injury,,,lack of premeditation,,,,,,,,,,,,,location,,,,,,,addressing addiction,,,,,,,,,genuine remorse,,,,,,,,immediate custody
43,,,,,,,,serious injury,,,,,provocation,,,,,,,,,,,,,,,,,,,,,,,,,,,genuine remorse,,,,,,,,
43,,,,,,,,,repeated assault,,,,,,,,,,,,,failure to comply with court orders,,,,ongoing effect,,,,,addressing addiction,,,,,,,,,,,early guilty plea,,,,,,
43,,,leading role gang,,,,,serious injury,repeated assault,,,,,,,,,,,,,,,,,,presence of others,,,under influence drugs/alcohol,,,,,,,,no previous convictions,,,,,,,,,,
43,,,,premeditation,,,use of weapon,,,,,,,,,less serious injury,,,,,,,,,,,,,,,,,,,,,,,,genuine remorse,,,,,,,,
43,,,,,,,,,,,,,,,,,,,,,,failure to comply with court orders,,,,,,previous violence,,,,,,,,,,,,genuine remorse,,,,,,,,immediate custody
43,,,,,,,,serious injury,repeated assault,,,,,,,,,,,,,,,,,,presence of others,,,under influence drugs/alcohol,,,good character,isolated incident,,,,no previous convictions,,,,,,,,,,
43,,,,,,,use of weapon,,,personally vulnerable,lack of premeditation,,,,,less serious injury,,,,,,,,,,ongoing effect,,,,,,,,isolated incident,,,,,,genuine remorse,,,,,,,,
43,,,,,,,,,,,,,,,,less serious injury,,,,,,,,location,,,,,,,,,good character,isolated incident,,,,no previous convictions,,genuine remorse,,,,,,,,
43,,,,premeditation,,,,serious injury,,,,,,,,,,,,,,,,location,,ongoing effect,,previous violence,,,,,,,,,,,,,,early guilty plea,,,,,,immediate custody
43,,,,,,,,serious injury,,,,,,,,,,,,,,,,,,,,previous violence,,,addressing addiction,,,,,,,,,,,,,,,,,
43,,,,,,,use of weapon,,,,lack of premeditation,,,,,,,,,,,,,,,,,,,,,,good character,isolated incident,,,,,,,,,,,,,,
43,,,,,,,use of weapon,,,,,,,selfdefence,,,,,,,,,,,,ongoing effect,,,,under influence drugs/alcohol,,lack of maturity,good character,isolated incident,,,,no previous convictions,,genuine remorse,,,,,,,,
43,,,,,,,use of weapon,,,,lack of premeditation,,,,,less serious injury,,,,,,,,,,,,,,,,,,,,,,,,,,,,,,,,
43,,,,,,,,serious injury,,,lack of premeditation,,,,,,,,,,,,,location,,,,,,,,,good character,,,,,no previous convictions,,genuine remorse,,,,,,,,
43,,,,,,,,,repeated assault,,,,,,,less serious injury,,,,,,,,location,,ongoing effect,,,timing of the offence,under influence drugs/alcohol,addressing addiction,,,,,,,,,genuine remorse,single blow,,,,,,,
43,,,,,,,,,,,,,,,,,,,,,,,,,,,,,,,,,,,,,,,,,,,,,,,,
43,,,,,,,use of weapon,,,,,,,,,less serious injury,,against public worker,,,,,,location,,,,,,under influence drugs/alcohol,,,,,,,,,,,,,,,,,,immediate custody
43,,,,,,,,,,,,,,,,less serious injury,,,,,,,,,,,,,,,,,,,,,,,,,,,,,,,,
43,,,,,,,,,,,,,,,,,,,,,,,,,,,,,,,,,,,,,,,,,,,,affray,,,,
43,,,,,,,,,,,,,,selfdefence,,less serious injury,,,,,,,,,,,presence of others,,,,,,,isolated incident,,,,,,,,,,affray,,,,
43,,,,,,,,,,,,,,,,less serious injury,,,,,,failure to comply with court orders,,location,,,,,timing of the offence,,,,,,,,,,,,,,,affray,,,,immediate custody
43,,,,,,,,,,,,,,,,,,,,,,,,,,,,,,,,,,,,,,no previous convictions,,genuine remorse,,,,affray,,,,
43,,,,,,,,serious injury,,,,,,,subordinate role gang,,,,,,,failure to comply with court orders,,location,,,,,timing of the offence,under influence drugs/alcohol,,lack of maturity,,,lapse of time,,,,,genuine remorse,,,,affray,,,,
43,,,,,,,,,,,,,,,,,,,,,,,,,,,,,,,,,,,,,,,,,,,,affray,,,,immediate custody
43,,,,,,,use of weapon,,,,,,,,,,,,,,,,,,,,,,,,,,,,,,,,,,,,,affray,,,,immediate custody
43,,,,,,,,,,,,,,,subordinate role gang,,,,,,,,,,,,,,,,,,,,,,,no previous convictions,,,,,,affray,,,,
43,,,,,,,,serious injury,,,,,provocation,,,,,,,,,,,,,,,,,,addressing addiction,,,isolated incident,,,,,primary carer,genuine remorse,,,,affray,,,,
43,,,,,,,,,repeated assault,,,,,,,less serious injury,,,,,,,,,,,,,,,,,,,,,,,,,,,,affray,,,,immediate custody
43,,,,,,,,,,,,,provocation,,,,,,,,,,,,,,,,,,addressing addiction,,,,,,,,,genuine remorse,,,,affray,,,,
43,,,,,,,use of weapon,,,,,,,,,,,against public worker,,,,,,,,,,,,,,,,,,,,no previous convictions,,,,,,affray,,,,
43,,,,,,,,,,,,,,,,,,,,,,,,,,,,,,,,,,,,,,,,,,,,affray,,,,
43,,,,,against race/religion,,use of weapon,serious injury,,,,,,,subordinate role gang,,,,,,,,,location,,ongoing effect,presence of others,,timing of the offence,under influence drugs/alcohol,,,,,lapse of time,,,,,,,,,affray,,,,immediate custody
43,,,,,,,,,,,,,,,,,,,,,,,,,,,,,,,,,,,,,,,,,,,,affray,,,,
43,,,,,,,,,,,lack of premeditation,,provocation,,,,,,,,,,,,,,,,,,,,,,,,,no previous convictions,,,,,,affray,,,,
43,,,,,,,,,,,lack of premeditation,,provocation,,,,,,,,,,,location,,,,,,,,,,,,,,,,,,,,affray,,,,
43,,,,,,,,,,,,,,,,,,,,,,,,,,,,,,,,lack of maturity,,,,,,,,,,,,affray,,,,
43,,,,,,,,,,,,,,,,,,,,,,,,,,,,,,,,,,,,,,,,,,,,affray,,,,
43,,,,,,,use of weapon,,,,lack of premeditation,,,,,less serious injury,abuse of trust,,,,,,,location,,,presence of others,,,,addressing addiction,,good character,isolated incident,lapse of time,,,no previous convictions,primary carer,genuine remorse,,,,affray,,,,
43,,,,,,,,,,,,,,,subordinate role gang,,,,,,,,,,,,,,,,,,,,,,,,,,,,,affray,,,,
43,,,,,,,,serious injury,,,,,,,,less serious injury,,,,,,,,,,,,,,,,,,,,,,,,,,,,affray,,,,
43,,,,,,,,,,,,,,,,,,,,,,,,,,,,,,,addressing addiction,lack of maturity,,,lapse of time,,,,,,,,,affray,,,,
43,,,,,,,,,,,,,,,subordinate role gang,,,,,,,,,,,,,,,,,lack of maturity,,,,,,,,,,,,affray,,,,immediate custody
43,,,,,,,,,,,lack of premeditation,,,,,,,,,,,,,location,,,,,,under influence drugs/alcohol,addressing addiction,,good character,isolated incident,,,,no previous convictions,,genuine remorse,,,,affray,,,,
43,,,,,,,use of weapon,,,,,,,,,,,,,,,,,,,,,,,,,,good character,,,,,,,,,,,affray,,,,
43,,,,,,,use of weapon,serious injury,,,,,,,,,,,,,,,,,,,,,,under influence drugs/alcohol,addressing addiction,,,,,,,,,,,early guilty plea,,affray,,,,immediate custody
43,,,,,,,,,,,lack of premeditation,mental disorder (related to the offence),,,,,,,,,,,,location,,,,,,under influence drugs/alcohol,addressing addiction,,good character,isolated incident,,,,no previous convictions,,genuine remorse,,,,affray,,,,
43,,,,,,,use of weapon,,,,,,,,,,,,,,,,,,,,,,,,,,,,,,,,,,,,,affray,,,,
43,,,,,,,,,,,,,,,,,,,,,,,,,,,,,,,,,,,,,,,,,,early guilty plea,,affray,,,,immediate custody
43,,,,,,,use of weapon,,repeated assault,,,,,,,,,,,,,,,,,,,,,,,,good character,,,,,,,genuine remorse,,,,affray,,,,
43,,,,,,,,,,,,,,,,,,,,,,,,,,,,,,,,,,,,,,,,,,,,affray,,,,
43,,,,,,,,,,,,,,,subordinate role gang,,,,,,,,,location,,,,,timing of the offence,,,,good character,isolated incident,,,,no previous convictions,,genuine remorse,,,,affray,,,,
43,,,,,,,,,,,,,,,,,,,,,,,,,,,,,,,addressing addiction,,,,,,,no previous convictions,,,,,,affray,,,,
43,,,,,,,,,,,,,,,subordinate role gang,,,,,,,,,location,,,,,,,addressing addiction,,,,,,,no previous convictions,,,,,,affray,,,,
43,,,,,,,,,,,,,,,,,,,,,,,,,,,,,,,,,,,,,,,,,,early guilty plea,,affray,,,,
43,,,,,,,use of weapon,,,,lack of premeditation,,,,subordinate role gang,less serious injury,,,,,,,,location,,,presence of others,,,,addressing addiction,,good character,isolated incident,lapse of time,,,no previous convictions,,genuine remorse,,,,affray,,,,
43,,,,,against race/religion,,,,repeated assault,,,,,,,,,against public worker,,,,,,,,,presence of others,,timing of the offence,,,,,,,,,,,,,,,affray,,,,immediate custody
43,,,,,,,,serious injury,,,,,,,,,,,,,,,,,,,,,,,,lack of maturity,,,,,,,,,,early guilty plea,,affray,,,,immediate custody
43,,,leading role gang,,,,,,repeated assault,,lack of premeditation,,,,,,,,,,,,,,,,,,,under influence drugs/alcohol,,,,,,,,,,,,early guilty plea,,affray,,,,
43,,,,,,,,,,,,,,,,,,,,,,,,,,,,,,,,,,isolated incident,,,,,,genuine remorse,,,,affray,,,,
43,,,,,,,,,,,,,,,,,,,,,,,,,,,,,,,,,good character,,,,,no previous convictions,,genuine remorse,,early guilty plea,,affray,,,,
43,,,,,,,,,,,,,,,,,,,,,,,,,,,,,,,,,,,,,,,,,,early guilty plea,,affray,,,,
43,,,,,,,,,,,lack of premeditation,,,,,,,,,,,,,,,,,,,under influence drugs/alcohol,addressing addiction,,good character,,,,,,,genuine remorse,,early guilty plea,,affray,,,,
43,,,,,,,,,,,lack of premeditation,,,,subordinate role gang,less serious injury,,,,,,,,,,,presence of others,,,under influence drugs/alcohol,addressing addiction,,good character,isolated incident,,,mental disability (general),no previous convictions,,genuine remorse,single blow,,,affray,,,,
43,,,,,,,,,,,,,,,,,,,,,,,,,,,,,,under influence drugs/alcohol,,,,,,,,,,,,,,affray,,,,
43,,,,,,,use of weapon,serious injury,,,lack of premeditation,,provocation,,,,,,,,,,,,,,,,,,,,,isolated incident,,,,no previous convictions,,,,,,affray,,,,immediate custody
43,,,,,,,,,,,,,,,,,,,,,,,,,,,,,,,,,,,,,,,,,,,,affray,,,,
43,,,,,against race/religion,,,,repeated assault,,,,,,,,,against public worker,,,,,,,,,presence of others,,timing of the offence,,,,,,,,,,,,,,,affray,,,,immediate custody
43,,,,,,,,,,,,,,,,,,,,,,,,,,,,,,,,,,,,,,,,,,early guilty plea,,affray,,,,
43,,intent more harm,,premeditation,,,,,repeated assault,,,,,,,,,,on bail,,,,,,,,,,,,,,,,,,,,,,,,,,,,common assault,immediate custody
43,,,,,,,,,,,lack of premeditation,,provocation,,,,,,,,,,,,,,,,,,,,,,,,,,,,single blow,,,,,,common assault,
43,,,,,,,,serious injury,,,lack of premeditation,,,,,,,,,,,,,location,,,,,,,,,good character,isolated incident,,,,no previous convictions,,,,,,,,,common assault,
43,,,,,,,,,,,lack of premeditation,,,selfdefence,,,,,,,,,,,,,,,,,,lack of maturity,,isolated incident,,,,,,,,,,,,,common assault,
43,,,,,,,,,repeated assault,,,,,,subordinate role gang,,,,,,,,,,,,,,,,,,,,,,,,primary carer,,,early guilty plea,,,,,common assault,
43,,,,,,,,,,,lack of premeditation,,,,,,,,on bail,,,,,,,,,,,,,,,,,,,,,genuine remorse,,early guilty plea,,,,,common assault,
43,,,,,,,,,,,,,,,,,,,,,,failure to comply with court orders,,location,,,,,,,,,,,,,,,,,,,,,,,common assault,immediate custody
43,,,,,,,,,,,,,,,,less serious injury,,,,,,,,,,,,previous violence,,,,,,,,,,no previous convictions,,,single blow,,,,,,common assault,
43,,,,,,,,,,,lack of premeditation,,,,,,,,,,,,,,,,,,,,,,,,,,,,,genuine remorse,,early guilty plea,,,,,common assault,immediate custody
43,deliberate harm,,,,,,,serious injury,,,,,,,,,,,,,,,,location,,,presence of others,,timing of the offence,under influence drugs/alcohol,,,,,,,,,,,,,,,,,common assault,immediate custody
43,,,leading role gang,premeditation,,,,,repeated assault,,,,,,,,,,,,,,,,,,,,,,,,good character,isolated incident,,,,no previous convictions,primary carer,genuine remorse,,early guilty plea,,,,,common assault,
43,,,,premeditation,,,use of weapon,serious injury,,,,,,,,,,,,,,,,location,,,presence of others,,,under influence drugs/alcohol,,,,,,,,,,,single blow,early guilty plea,,,,,common assault,immediate custody
43,,,,,,,,,repeated assault,,,,,,,,,,,,,,,location,,,presence of others,,,under influence drugs/alcohol,,,,,,,,,,,,,,,,,common assault,
43,,,,,,,,serious injury,,,lack of premeditation,,,,subordinate role gang,,,,,,,,,,,,presence of others,,,under influence drugs/alcohol,,,,isolated incident,,,,no previous convictions,,,single blow,early guilty plea,,,,,common assault,
43,,intent more harm,,premeditation,,,,,,,,,,,,,,,,,,,,,,,,,,,,,,,,,,,,,,,,,,,common assault,immediate custody
43,,,,,,,,,,,lack of premeditation,,,,subordinate role gang,,,,,,,,,location,,,,,,under influence drugs/alcohol,,,good character,isolated incident,,,,no previous convictions,,genuine remorse,single blow,,,,,,common assault,
43,,,,,,,,,,,,,,,subordinate role gang,,,,,,,,,location,,,,,timing of the offence,,,,good character,isolated incident,,,,no previous convictions,,genuine remorse,,,,,,,common assault,
43,,,,,,,,serious injury,,,lack of premeditation,,,,,,,,,,failure to respond to warnings,,,,,,,,,under influence drugs/alcohol,,,,,,,,no previous convictions,,genuine remorse,,early guilty plea,,,,,common assault,
43,,,,,,,,,,,,,,,,,,,,,,,,location,,,presence of others,,,,,,,,,,,,,,,,,,,,common assault,
43,,,,,,vulnerable victim,,,,personally vulnerable,,,,,,,,against public worker,,,,,,location,,,,,timing of the offence,,,,good character,isolated incident,lapse of time,,,no previous convictions,,genuine remorse,,,,,,,common assault,
43,,,,,,,,,,personally vulnerable,,,,,subordinate role gang,,,,,,,,,,,,,,,,,,,,,,,no previous convictions,,genuine remorse,,,,,,,common assault,
43,,,,,,,,,,,,,,,,less serious injury,,,,,,,,,,,,,,under influence drugs/alcohol,,,,isolated incident,,,,,,,,,,,,grievous bodily harm with intent,,immediate custody
43,,,,,,vulnerable victim,use of weapon,,,,,,,,,less serious injury,,,,,,,,location,,ongoing effect,,,timing of the offence,,,,,,,,,no previous convictions,,genuine remorse,,,,,,grievous bodily harm with intent,,immediate custody
43,,,,premeditation,,,use of weapon,,,,,,,,,less serious injury,,,,,,,,,,,,,,,,,good character,isolated incident,,,,no previous convictions,primary carer,genuine remorse,single blow,,,,,grievous bodily harm with intent,,immediate custody
43,,,,,,,,serious injury,,,lack of premeditation,,,,,,,,,,,,,location,,ongoing effect,,,timing of the offence,,,lack of maturity,good character,,,,,no previous convictions,,genuine remorse,,,,,,grievous bodily harm with intent,,immediate custody
43,,,,,,,use of weapon,,,,,,,,,,,,,,,,,,,,presence of others,,,,,,,,,,,,,,,,,,,grievous bodily harm with intent,,immediate custody
43,,,,,,,use of weapon,,,,,,,,,,,,,,,,,location,,ongoing effect,presence of others,,timing of the offence,under influence drugs/alcohol,addressing addiction,,,,,,,,,genuine remorse,,early guilty plea,,,,grievous bodily harm with intent,,immediate custody
43,,,,,,,use of weapon,,repeated assault,,,,,,,less serious injury,,,,,,,,,,,,,,,,,,,,,,no previous convictions,,,,,,,,grievous bodily harm with intent,,immediate custody
43,,,,,,,,serious injury,,,lack of premeditation,mental disorder (related to the offence),,,,,,,,,,,,,,,,,,under influence drugs/alcohol,addressing addiction,,,,,,mental disability (general),,,,,,,,,grievous bodily harm with intent,,immediate custody
43,,,,,,,,,,,lack of premeditation,,,,,less serious injury,,,,,,,,,,,,,,under influence drugs/alcohol,,,good character,isolated incident,,,,no previous convictions,,genuine remorse,single blow,early guilty plea,,,grievous bodily harm,,,
43,,,,,,,,serious injury,,,lack of premeditation,,,,,,,,,,,,,,,,,,,,,,,,,,,,,,,,,,grievous bodily harm,,,immediate custody
43,,,,,,,,serious injury,,,lack of premeditation,,,selfdefence,,,,against public worker,,,,,,,,ongoing effect,,,,,,,,isolated incident,,,,,,,,,,,grievous bodily harm,,,immediate custody
43,,,,,,,,serious injury,,,,,,,,,,,,,,,,,,,,,,,,,,,,,,,,genuine remorse,single blow,,,,grievous bodily harm,,,immediate custody
43,,,,,,,,,,,lack of premeditation,,,selfdefence,,less serious injury,,,,,,,,,,,,,,,,,good character,,,,,no previous convictions,,genuine remorse,,,,,grievous bodily harm,,,
43,,,,,,,,,,,lack of premeditation,,,,,less serious injury,,,,,,,,,,,,,,,,,,,,,,,,,,early guilty plea,,,grievous bodily harm,,,
43,,,,,,,,serious injury,,,,,provocation,selfdefence,,,,,,,,,,,,,,,,,,,,,,,,,,genuine remorse,,,,,grievous bodily harm,,,immediate custody
43,,,,,against race/religion,,,,repeated assault,,,,,,,,,,,,,,,,,,,,,,,,,,,,,,,,,,,,grievous bodily harm,,,immediate custody
43,,,,,,,,serious injury,,,lack of premeditation,,,,,,,,,,,,,,,,,,,,addressing addiction,,good character,,,,,no previous convictions,,genuine remorse,single blow,early guilty plea,,,grievous bodily harm,,,
43,,,,,,,,,repeated assault,personally vulnerable,,,,,,,,,,,,,,,,ongoing effect,,,,,,,,,,,,,,genuine remorse,,early guilty plea,,,,grievous bodily harm with intent,,immediate custody
43,,,,,,,,serious injury,,,lack of premeditation,,provocation,,,,,,,,,,,,,,,,,,,,good character,,,,mental disability (general),no previous convictions,,genuine remorse,single blow,,,,,grievous bodily harm with intent,,immediate custody
43,,,,,,,,,,,,,,,,,,,,,,,,,,,,,,,,,,,,,,,,,,,,,,grievous bodily harm with intent,,immediate custody
43,,,,,,,,serious injury,,,lack of premeditation,,,,,,,,,,,,,location,,,,,,under influence drugs/alcohol,,,,,,,,,,genuine remorse,,early guilty plea,,,,grievous bodily harm with intent,,immediate custody
43,,,,,,,use of weapon,,repeated assault,personally vulnerable,,,,,,less serious injury,,,,,,,,,,,,,,,,,,,,,,no previous convictions,,,,early guilty plea,,,,grievous bodily harm with intent,,immediate custody
43,,,,,,,,,,,lack of premeditation,mental disorder (related to the offence),provocation,,,,,,,,,,,,,,,,,,,,,,,,mental disability (general),,,genuine remorse,single blow,early guilty plea,,,,grievous bodily harm with intent,,immediate custody
43,,,,,,,use of weapon,,,,lack of premeditation,,provocation,selfdefence,,,,,,,,,,,,ongoing effect,,,,under influence drugs/alcohol,,,,,,,,,,genuine remorse,single blow,,,,,grievous bodily harm with intent,,immediate custody
43,,,,premeditation,,vulnerable victim,use of weapon,serious injury,repeated assault,,,,,,,,abuse of trust,,,,,,,,,ongoing effect,,,,under influence drugs/alcohol,,,,,,,mental disability (general),,,,,early guilty plea,,,,grievous bodily harm with intent,,immediate custody
43,,,,,,,,,,,,,,,,,,,,,,,,location,,ongoing effect,,,timing of the offence,under influence drugs/alcohol,,,good character,,,,,no previous convictions,,genuine remorse,single blow,early guilty plea,,,,grievous bodily harm with intent,,immediate custody
43,,,,,,,,serious injury,,,lack of premeditation,,,selfdefence,,,,against public worker,,,,,,,,,,,,,,,good character,,,,,no previous convictions,,genuine remorse,,early guilty plea,,,,grievous bodily harm with intent,,immediate custody
43,,,,,,,use of weapon,,,,lack of premeditation,,,,,,,,,,,,,,,ongoing effect,,,,,,,good character,,,,,no previous convictions,,,,,,,grievous bodily harm,,,immediate custody
43,,,,,,,use of weapon,,repeated assault,personally vulnerable,,,,,,,,,,,,,,,,,,,,,,,,,,,,,,,,,,,grievous bodily harm,,,immediate custody
43,,,,,,,,,,,lack of premeditation,,,,,,,,,,,,,,,,,,,,,,,,,,,,,,,,,,grievous bodily harm,,,
43,,,,,,,use of weapon,serious injury,,,lack of premeditation,,provocation,selfdefence,,,,,,,,,,,,,,,,under influence drugs/alcohol,,,,,,,,,,genuine remorse,single blow,early guilty plea,,,grievous bodily harm,,,
43,,,,,,,use of weapon,,,,,,,,,,,,,,,,gratuitous degradation,,,,,,,,,,,,,,,,,,single blow,,,,,grievous bodily harm with intent,,immediate custody
43,,,,,,,,,repeated assault,personally vulnerable,,,,,,,,,,,,,,,,,,,,,,,,,,,,,,,,,,,,grievous bodily harm with intent,,immediate custody
43,,,,,,,,serious injury,,personally vulnerable,lack of premeditation,,,,,,,,,victim forced to leave home,,,,,,,,previous violence,,under influence drugs/alcohol,,,,,,,,,,,single blow,,,,grievous bodily harm,,,immediate custody
43,,,,,,,use of weapon,serious injury,,,,,provocation,,,,,,on bail,,,,,,,,presence of others,,,under influence drugs/alcohol,,,,,,,mental disability (general),,,,single blow,early guilty plea,,,grievous bodily harm,,,immediate custody
43,deliberate harm,,leading role gang,premeditation,,,use of weapon,serious injury,repeated assault,,,,,,,,,,,,,,,,,,presence of others,,,under influence drugs/alcohol,,,,,,,,,,,,,,,grievous bodily harm,,,immediate custody
43,,,,,,,,,repeated assault,,,,,,subordinate role gang,,,,,,,,,,,,,,,,,,,,,,,,,,,,,,grievous bodily harm,,,immediate custody
43,,,,,,,,,,,lack of premeditation,,,selfdefence,,less serious injury,,,,,,,,,,,,,,,,,,,,,,no previous convictions,,genuine remorse,single blow,early guilty plea,,,grievous bodily harm,,,
43,,,,,,,,,,,lack of premeditation,,,selfdefence,subordinate role gang,,,,,,,,,location,,,presence of others,,,,,lack of maturity,good character,isolated incident,,,,no previous convictions,,genuine remorse,,early guilty plea,,,grievous bodily harm,,,
43,,,leading role gang,,,,use of weapon,,repeated assault,,lack of premeditation,,,,,,,,,,,,,,,,presence of others,,,under influence drugs/alcohol,,,,,,,,,,,,early guilty plea,,,grievous bodily harm,,,immediate custody
43,,,,,,,,serious injury,,,,,provocation,,,,,,,,,,,location,,ongoing effect,,,timing of the offence,under influence drugs/alcohol,,,good character,,,,,,,genuine remorse,single blow,,,,grievous bodily harm,,,immediate custody
43,,,,,,,,serious injury,,,lack of premeditation,,,,,,,,,,,,,location,,,,,,under influence drugs/alcohol,addressing addiction,,,isolated incident,,,,,,genuine remorse,,early guilty plea,,,grievous bodily harm,,,
43,,,,,,,,,,,,,provocation,selfdefence,,less serious injury,,,,,,,,,,,,,,,,,good character,,,,,no previous convictions,,,,,,,grievous bodily harm,,,
43,,,,,,,,,,,,,,,,,,,,,,,,,,,,,,,,,,,,,,no previous convictions,,,,,,,grievous bodily harm,,,
43,deliberate harm,,,premeditation,,,use of weapon,serious injury,repeated assault,,,,,,,,,,,,,,,,,,presence of others,,,,,,,,,,,,,genuine remorse,,,,,grievous bodily harm,,,immediate custody
43,deliberate harm,,,premeditation,,,use of weapon,serious injury,repeated assault,,,,,,,,,,,,,,,,,,presence of others,,,under influence drugs/alcohol,,,,,,,,,,,,,,,grievous bodily harm,,,immediate custody
43,,,,,,,use of weapon,,,,lack of premeditation,,provocation,,,,,,,,,,,,,,,,,under influence drugs/alcohol,,lack of maturity,good character,,,,,no previous convictions,,,,early guilty plea,,,grievous bodily harm,,,
43,,,,,,,,,,,,,,selfdefence,,less serious injury,,,,,,,,location,,,presence of others,,,,,,,,,,,no previous convictions,,genuine remorse,single blow,early guilty plea,,,grievous bodily harm,,,
43,deliberate harm,,leading role gang,,,,,,repeated assault,,,,,,,,,,,,,,,location,,ongoing effect,,previous violence,timing of the offence,under influence drugs/alcohol,,,,,,,,,,,,,,,grievous bodily harm,,,immediate custody
43,,,,,,,use of weapon,,,,,,,,,,,,,,,,,,,,,,,,,lack of maturity,,,,,,,,,single blow,,,,grievous bodily harm,,,
43,,,,,,,,,repeated assault,,,,,,,,,,,,,,,,,,,,,,,,,,,,,,,,,,,,grievous bodily harm,,,immediate custody
43,,,,,,,,,,,,,,,,,,,,,,,,,,,,,,,,,,,,,,,,,single blow,early guilty plea,,,grievous bodily harm,,,immediate custody
43,,,,,,,,,,,lack of premeditation,,,,,less serious injury,,,,,,,,,,,,,,,,,good character,isolated incident,,,,no previous convictions,,genuine remorse,single blow,early guilty plea,,,grievous bodily harm,,,
43,deliberate harm,,,premeditation,,,use of weapon,serious injury,repeated assault,,,,,,,,,,,,,,,,,,presence of others,,,,,,,,,,,,,,,,,,grievous bodily harm,,,immediate custody
43,,,,,,,use of weapon,,,,,,,,,,,,,,,,,location,,ongoing effect,,,,,,,good character,,,,,no previous convictions,,genuine remorse,,early guilty plea,,,grievous bodily harm,,,
43,,,,,,vulnerable victim,,serious injury,,personally vulnerable,,,,,,,,,,,,,,location,,ongoing effect,,,,under influence drugs/alcohol,,,good character,,,,,no previous convictions,,genuine remorse,single blow,early guilty plea,,,grievous bodily harm,,,immediate custody
43,,,,,,,,,repeated assault,,lack of premeditation,,,,subordinate role gang,,,,,,,,,,,,presence of others,,,under influence drugs/alcohol,addressing addiction,,,isolated incident,,,,no previous convictions,,genuine remorse,,early guilty plea,,,grievous bodily harm,,,
43,deliberate harm,,leading role gang,,,,use of weapon,serious injury,,personally vulnerable,,,,,,,,,,,,,,location,,ongoing effect,,,timing of the offence,under influence drugs/alcohol,,,,,lapse of time,,,,,genuine remorse,,,,,grievous bodily harm,,,immediate custody
43,,,,,,,,serious injury,,,,,,,,,,,,,,,,location,,,,,timing of the offence,under influence drugs/alcohol,,,,,,,,no previous convictions,,,single blow,early guilty plea,,,grievous bodily harm,,,immediate custody
43,,,,,,,,serious injury,,,lack of premeditation,,,,,,,,,,,,,,,,presence of others,,,under influence drugs/alcohol,,,,,,,,,,,single blow,early guilty plea,,,grievous bodily harm,,,immediate custody
43,,,,,,,use of weapon,,,,lack of premeditation,,,,,,,,,,,,,,,,,,,,,lack of maturity,good character,,,,,,primary carer,genuine remorse,,,,,grievous bodily harm,,,
43,,,,,,,use of weapon,,,,,,,selfdefence,,,,,,,,,,,,,,,,,,,,,,,,,primary carer,genuine remorse,single blow,,,,grievous bodily harm,,,
43,,,,premeditation,,,,serious injury,,,,,,,,,,,,,,,,,,,,previous violence,,,,,,,,,,,,,single blow,,,,grievous bodily harm,,,immediate custody
43,,,,,,,,,repeated assault,,lack of premeditation,,,,,,,,,,,,,,,,,,,,,lack of maturity,good character,,,,,no previous convictions,primary carer,genuine remorse,,early guilty plea,,,grievous bodily harm,,,
43,,,,,,,,serious injury,,,,,,selfdefence,,,,,,,,,,,,,,,,,,,,isolated incident,,,,no previous convictions,,,,early guilty plea,,,grievous bodily harm,,,
43,,,,,,,,serious injury,,,,,,,,,,,,,,,,,,,,,,,,,,,,,,,,,,,,,grievous bodily harm,,,immediate custody
43,,,,,,,,,,,,,,,,,,,,,,,,,,,,,,,,,,,lapse of time,,,,,,,,,,grievous bodily harm,,,
43,,,,,,,,,,,,,,,,less serious injury,,,,,,,,,,,,,,,,,,,,medical condition,,no previous convictions,,genuine remorse,,,,,grievous bodily harm,,,
43,deliberate harm,,leading role gang,,,,,,repeated assault,,,,,,,,,,,,,,,location,,ongoing effect,,previous violence,timing of the offence,under influence drugs/alcohol,,,,,,,,,,,,,,,grievous bodily harm,,,immediate custody
43,,,,,,,use of weapon,,,,,,,,,,,,,,,,,,,,presence of others,,,,,,,isolated incident,,,,,,genuine remorse,single blow,,,,grievous bodily harm,,,
43,,,,,,,use of weapon,serious injury,,,lack of premeditation,,provocation,selfdefence,,,,,,,,,,location,,,presence of others,,,,addressing addiction,,,isolated incident,lapse of time,,,,,,,early guilty plea,,,grievous bodily harm,,,
43,deliberate harm,,,,,,,,,,,,,selfdefence,,,,,,,,,,,,,,,,under influence drugs/alcohol,,,,,,,,,,,,,,,grievous bodily harm,,,immediate custody
43,,,,,,,,,,,,,,,,,,,,,,,,,,,,,,under influence drugs/alcohol,,,good character,,,,,,,genuine remorse,,early guilty plea,,,grievous bodily harm,,,
43,,,,,,,,,,,,,,,,,,,,,failure to respond to warnings,,,location,,,,,timing of the offence,under influence drugs/alcohol,,,,,,,,,,,,,,,grievous bodily harm,,,immediate custody
43,,,,,,,,,,,,,,,,,,,,,,,,,,,,,,,,,,,,,,,,,,,,,grievous bodily harm,,,immediate custody
43,,,,,,,,,,,,,,,,,,,,,,,,,,,,,,,,,,isolated incident,lapse of time,,,,,genuine remorse,single blow,,,,grievous bodily harm,,,
43,deliberate harm,,,premeditation,,vulnerable victim,,,,,,,,,,,,,,,,,,,,,presence of others,,,under influence drugs/alcohol,,,,,,,,,,,single blow,early guilty plea,,,grievous bodily harm,,,immediate custody
43,,,,,,,use of weapon,,,,,,,,,,,,,,,,,,,,,,,,,,,,,,,,,,,,,,grievous bodily harm,,,immediate custody
43,,,,,,,,,,,lack of premeditation,,,,,less serious injury,,,,,,,,,on licence,,presence of others,,,,addressing addiction,,,,,,,,,genuine remorse,single blow,early guilty plea,,,grievous bodily harm,,,
43,,,,,,,use of weapon,,repeated assault,,,,,,,,,,,,,,,,,,,,,,addressing addiction,,,,,,,no previous convictions,,,,early guilty plea,,,grievous bodily harm,,,immediate custody
43,,,,,,,use of weapon,,,,,,,,,less serious injury,,,,,,,,location,,,,,,under influence drugs/alcohol,addressing addiction,,good character,,,,,no previous convictions,,genuine remorse,single blow,,,,grievous bodily harm,,,
43,deliberate harm,,leading role gang,,,,,,repeated assault,,,,,,,,,,,,,,,location,,ongoing effect,,previous violence,timing of the offence,under influence drugs/alcohol,,,,,,,,,,,,,,,grievous bodily harm,,,immediate custody
43,,,,,,,use of weapon,,,,,,,,,less serious injury,,,,,,,,,,,,,,,,,good character,,,,,no previous convictions,,,,,,,grievous bodily harm,,,immediate custody
43,,,,,,,,,,,,,,,,,,,,,,failure to comply with court orders,,,,,,,,under influence drugs/alcohol,,,,,,,,,,,single blow,early guilty plea,,,grievous bodily harm,,,immediate custody
43,,,,,,,,,,,,,,,,less serious injury,,,,,,,,,,,,,,,,,,,,,,,,,single blow,,,,grievous bodily harm,,,immediate custody
43,,,,,,,,serious injury,,,,,,,,,,,,,,,,,,,,,,,,,,,,,,,,,,,,,grievous bodily harm,,,immediate custody
43,,,,,,,use of weapon,,,,,,,,,,,,,,,,,,,,,,,,,,,,,,,,,,,,,,grievous bodily harm,,,
43,,,,,,,use of weapon,,,,lack of premeditation,mental disorder (related to the offence),,,,,,,,,,,,,,,,,,,,,,isolated incident,,,,,,genuine remorse,,early guilty plea,,,grievous bodily harm,,,
43,,,leading role gang,,,,use of weapon,,,,,,,,,less serious injury,,,,,,,,location,,,,,,,addressing addiction,,,isolated incident,,,,no previous convictions,,,single blow,,,,grievous bodily harm,,,
43,,,,,,,,serious injury,,,,,,,,,,,,,,,,location,,ongoing effect,,,,,,,,,,,,,,,,,violent disorder,,,,,immediate custody
28,,,,,,,,serious injury,,,lack of premeditation,,,,,,,,,,,,,,,,,previous violence,,under influence drugs/alcohol,addressing addiction,,,isolated incident,,,,no previous convictions,,genuine remorse,,,,affray,,,,
28,,,,,,,,,,,,,,,,,,,,,,,,,,,,,,,,,,,,,,,,,,,,affray,,,,
28,,,,,,,,,,,,,,,,,,,,,,,,,,,,,,,,,,,,,,,,,,,,affray,,,,
28,,,,,,,,serious injury,,,lack of premeditation,,,,,,,against public worker,,,,,,,,,presence of others,,,under influence drugs/alcohol,,,,isolated incident,,,,,primary carer,genuine remorse,,early guilty plea,,,,,,
28,,,,,,,use of weapon,,,,,,,,,less serious injury,,,,,,,,,on licence,,,,,,,,,,,,,,,,,,,,,,,
28,,,,premeditation,,vulnerable victim,,,,personally vulnerable,,,,,subordinate role gang,,,,,,,,,,,,,,,,,lack of maturity,,,,,,,,,,,,,,,,
28,,,,,,,,,,,lack of premeditation,,,,,less serious injury,,,,,,,,,,,,,,under influence drugs/alcohol,addressing addiction,,,,,,,no previous convictions,primary carer,genuine remorse,single blow,early guilty plea,,,,,,
28,,,,,,,,,,,,,,,,less serious injury,,,,,,,,location,,,presence of others,,,,,,,,lapse of time,,,,,genuine remorse,,early guilty plea,,,,,,immediate custody
28,,,leading role gang,,,,use of weapon,serious injury,,personally vulnerable,,,,,,,,,,,,,,,,,presence of others,,,,,,good character,,,,,,,genuine remorse,,,,,,,,
28,,,,,,,use of weapon,,,,lack of premeditation,,provocation,,,less serious injury,,,,,,,,,,,,,,under influence drugs/alcohol,,,,,,,,,,,,,,,,,,
28,,,,,,,use of weapon,serious injury,,personally vulnerable,,,,,,,,,,,,,,,,,presence of others,,,,,lack of maturity,good character,,,,,no previous convictions,,genuine remorse,,,,,,,,
28,,,,premeditation,,,,,,,,,,,,,,,,,,,,,,ongoing effect,,,,,,,,,,,,,,genuine remorse,,early guilty plea,,,,,,immediate custody
28,,,leading role gang,,,,use of weapon,serious injury,,personally vulnerable,,,provocation,,,,,,,,,,,,,,presence of others,,,,,,good character,,,,,no previous convictions,,genuine remorse,,early guilty plea,,,,,,
28,,,,,,,,serious injury,repeated assault,,lack of premeditation,mental disorder (related to the offence),,,,,,,,,,,,,,ongoing effect,,,,,,,,isolated incident,,,mental disability (general),no previous convictions,,genuine remorse,,early guilty plea,,,,,,
28,,,,,,,,,,,,,,,,,,,,,,,,,,,,,,,,,,,,,,,,,,,,,,,,
28,,,,,,,,,,,,,,,,,,,,,,,,,,,,,,,,,,,,,,,,,,,,,,,,immediate custody
28,,,,,,,,,,,,,,,,,,,,,,,,,,,,,,,,,,,,,,,,,,,,,,,,
28,,,,,,,,serious injury,,,lack of premeditation,,,,,,,,,,,,,,,,,,,,,,,,,,,,,genuine remorse,single blow,,,,grievous bodily harm,,,immediate custody
28,,,,,,,use of weapon,,,,lack of premeditation,,,,,,,,,,,,,location,,,presence of others,,,,,lack of maturity,good character,isolated incident,,,,,primary carer,,,early guilty plea,,,grievous bodily harm,,,
28,,,,,,,use of weapon,,,,,,,,,,,,,,,,,,,,,,,,,,,,,,,,,,,,,,,grievous bodily harm with intent,,immediate custody
28,,,,,,,use of weapon,serious injury,repeated assault,,lack of premeditation,,,,subordinate role gang,,,,,,,,,,,ongoing effect,,,,,addressing addiction,,good character,isolated incident,,,,no previous convictions,,genuine remorse,,,,,,grievous bodily harm with intent,,immediate custody
28,,intent more harm,,,,,use of weapon,,,,,,,,,less serious injury,,,,,,,,location,,,,,timing of the offence,,addressing addiction,,,,,,,,,genuine remorse,,early guilty plea,,,,grievous bodily harm with intent,,immediate custody
28,,,,,,,,,repeated assault,personally vulnerable,lack of premeditation,,,,,,,,,,,,,,,,,previous violence,,,,,,,,,,,,,,,,,,grievous bodily harm with intent,,immediate custody
28,,,,,,,use of weapon,serious injury,,,lack of premeditation,,,,,,,,,,,,,,,,,,,,,,,,,,mental disability (general),no previous convictions,,,,,,,,grievous bodily harm with intent,,immediate custody
28,,,,,,,,,,,,,,selfdefence,,less serious injury,,,,,,,,,,,,,,,,,good character,,,,,no previous convictions,,,single blow,,,,,,common assault,
28,,,leading role gang,,,,use of weapon,,,,,,,,,,,against public worker,on bail,,,,,location,,,presence of others,,,,,,,,,,,,,genuine remorse,,early guilty plea,violent disorder,,,,,immediate custody
28,,,leading role gang,premeditation,,,use of weapon,serious injury,,personally vulnerable,,,,,,,,against public worker,on bail,,,,,,,,presence of others,,,,,,,,,,,,,,,,violent disorder,,,,,immediate custody
45,,,,,,,,,,,,,,,,,,,,,,,,,on licence,,,,,,addressing addiction,,,,,,mental disability (general),,,,,early guilty plea,,,,,,
45,,,,,,,,,,,,,,,,,,,,,,,,,,,,,,,,,good character,,,,,no previous convictions,,genuine remorse,,,,,,,,
45,,,,,,,,,,,,,,,,,,,,,,,,,,,,,,,,,,,,,,,,,,,,,,,,
45,,,,,,,use of weapon,serious injury,,,,,,,,,,,,,,,,,,,,,,under influence drugs/alcohol,addressing addiction,,,,,,,,,genuine remorse,single blow,,,,,grievous bodily harm with intent,,immediate custody
46,,,,premeditation,,,,,repeated assault,,,,,,,less serious injury,,,,,,,,location,,,,,timing of the offence,,,,good character,,,,,no previous convictions,,genuine remorse,,,,,,,,immediate custody
46,,,,,,vulnerable victim,,serious injury,,,lack of premeditation,,,,,,,against public worker,,,,,,,,,,,,under influence drugs/alcohol,,,,,,,,,,,,,,,,,,
46,,,,,,,,,,,lack of premeditation,,,,,less serious injury,,,,,,,,,,,,,,under influence drugs/alcohol,,,,,,,,,,genuine remorse,single blow,,,,,,,immediate custody
46,,,,,,,,,,,lack of premeditation,,,,,less serious injury,,,,,,failure to comply with court orders,,,,,,previous violence,,under influence drugs/alcohol,addressing addiction,,,,,,,,,,,,,,,,,
46,,,leading role gang,,,,,,repeated assault,,,,,,,less serious injury,,,,,,,,,,,,,,,,,,isolated incident,,,,,,,,,,,,,,immediate custody
46,,,,,,,,,repeated assault,,,,,,subordinate role gang,less serious injury,,,,,,failure to comply with court orders,,,,,,,,,addressing addiction,,,,,,,,,,,early guilty plea,,,,,,immediate custody
46,,,,,,,,,,,,,,,,less serious injury,,,,,,,,,,,,,,under influence drugs/alcohol,,,,,,,,,,,single blow,,,,,,,
46,,,,,,,,,,,lack of premeditation,,,,,less serious injury,,,,,,,,location,,,,,timing of the offence,under influence drugs/alcohol,,,,,,,,,,,,,,,,,,
46,,,,,,,use of weapon,,repeated assault,,,,,,,less serious injury,,,,,,,,location,,,,,timing of the offence,under influence drugs/alcohol,,,,,,,,,,,,,,,,,,immediate custody
46,,,,,,,,,,,,,,,,less serious injury,,,,,,,,,,,,,,,,,,,,,,,,,,,,,,,,immediate custody
46,,,,,,,,,repeated assault,personally vulnerable,lack of premeditation,mental disorder (related to the offence),provocation,,,,,,,,,,,,,ongoing effect,,,,,,,,,,,mental disability (general),,,genuine remorse,,,,,,,,
46,,,,,,,,,,,,,,,,,,,,,,,,,,,,,,,,,,,,,,,,,,,,,,,,
46,,,,,,,use of weapon,,repeated assault,,,,,,,less serious injury,,,,,,,,location,,,,,timing of the offence,under influence drugs/alcohol,,,,,,,,,,,,,,,,,,immediate custody
46,deliberate harm,,,,,vulnerable victim,use of weapon,serious injury,repeated assault,personally vulnerable,,,,,,,,,,,,,gratuitous degradation,location,,ongoing effect,,,timing of the offence,under influence drugs/alcohol,,,,,,,,,,,,early guilty plea,,,,,,immediate custody
46,,,,,,,use of weapon,,,,,,,,,less serious injury,,,,,,,,location,,,,,timing of the offence,under influence drugs/alcohol,,,,,,,,,,,,,,,,,,immediate custody
46,,,,,,,use of weapon,,repeated assault,,,,,,,,,,,,,,,,,,,,,under influence drugs/alcohol,,,,,,,,,,,,,,,,,,immediate custody
46,,,,,,,,,,,,,,,,,,,,,,,,,,,,,,,,,,,,,,,,,,,,,,,,
46,,,,,,,use of weapon,,repeated assault,,,,,,,,,,,,,,,,,,,,,under influence drugs/alcohol,,,,,,,,,,,,,,,,,,immediate custody
46,,,,,,,,serious injury,,,lack of premeditation,,,,,,,,,,,,,location,,,,previous violence,,under influence drugs/alcohol,,,,isolated incident,,,,,,,single blow,,,,,,,immediate custody
46,,,,,,,,,repeated assault,,,mental disorder (related to the offence),,,,,,,,,,,,,,,,,,under influence drugs/alcohol,,,,,,,,,,,,early guilty plea,,,,,,immediate custody
46,,,,,,,,,,,,,,,,,,,,,,,,,,,,,,,,,,,,,,no previous convictions,,,,,,,,,,immediate custody
46,,,,,,,use of weapon,,,,,,,,,,,,,,,,,location,,,,,timing of the offence,,,,,,,,,,,,,,,affray,,,,immediate custody
46,,,,,against race/religion,,,,,,,,,,,,,,,,,,,,,,presence of others,,,,addressing addiction,lack of maturity,,,,,,,,genuine remorse,,,,affray,,,,immediate custody
46,,,,,against race/religion,,,,,,,,,,,,,,,,,,,location,,,presence of others,,,,addressing addiction,,,,,,,,,genuine remorse,,early guilty plea,,affray,,,,immediate custody
46,,,,,,,,,,,,,,,,,,,,,,failure to comply with court orders,,,,,,previous violence,,,,,,,,,,,,,,,,affray,,,,immediate custody
46,,,,,,,,,,,,,,,,,,,,,,,,,,,,,,,,,,,,,,,,,,,,affray,,,,
46,,,,premeditation,,,,,,,,,,,,,,,,,,,,,,,,,,,,,,,,,,no previous convictions,primary carer,,single blow,,,affray,,,,
46,,,,,,,use of weapon,,,,,,,,,,,,,,,,,location,,,,,timing of the offence,,,,,,,,,,,,,,,affray,,,,immediate custody
46,,,,,,,,,,,lack of premeditation,,provocation,,subordinate role gang,,,,,,,,,,,,,,,,,,,,,,,,,,,,,affray,,,,
46,,,,,,,,,,,lack of premeditation,,,,,,,,,,,,,location,,,,,timing of the offence,under influence drugs/alcohol,,,,,,,,,,,,,,affray,,,,immediate custody
46,,,,,,,,,,,,,,,,,,,,,,,,,,,,,,,,,,,,,,,,,,,,affray,,,,
46,,,,,,,,,,,lack of premeditation,,,,subordinate role gang,,,,,,,,,,,,,,,,,,,,,,,,,,,,,affray,,,,
46,,,,,,,,,,,lack of premeditation,,,,,,,,,,,,,location,,,,,timing of the offence,under influence drugs/alcohol,,,,,,,,,,,,,,affray,,,,immediate custody
46,,,,,,,,,,,lack of premeditation,,,,,,,,,,,,,location,,,,,timing of the offence,under influence drugs/alcohol,,,,,,,,,,,,,,affray,,,,immediate custody
46,,,,,,,,,,,,,,,,,,,,,,,,,,,,,,,,,,,,,,,,,,,,,,,,
46,deliberate harm,,,,,,use of weapon,serious injury,repeated assault,,,,,,,,,,,,,,,location,,ongoing effect,,previous violence,timing of the offence,,addressing addiction,,,,,,,,primary carer,,,,,,,,,immediate custody
46,,,,,,,,,,,,,,,,,,,,,,,,,,,,,,,,,,,,,,,,,,,,,,,,immediate custody
46,,,,,,,,,,personally vulnerable,,,,,,,,,,,,,,,,,,,,,,lack of maturity,,,,,,no previous convictions,primary carer,,,,,,,,,
46,,,,,,,,,,,,,,,,,,,,,,,,,,,,,,,,,,,,,,,,,,early guilty plea,,,,,,
46,,,,,,vulnerable victim,,,,,,,,,,less serious injury,,,,,,,,,on licence,,,,,,,,,,,,,,,genuine remorse,,early guilty plea,,,,,,immediate custody
46,,,,,,vulnerable victim,,serious injury,,personally vulnerable,,,,,,,,,,,,,,location,,,,,,,,,,,,,,,,,,,,,,,,immediate custody
46,,,,,,,,,repeated assault,,,,,,subordinate role gang,,,,,,,,,location,,,,,,under influence drugs/alcohol,,,,,,,,,,,,early guilty plea,,,,,,immediate custody
46,,,,,,,,,,,,,,,,,,,,,,,,,,,,,,,,,,,,,,,,,,,,,,,,immediate custody
46,,,,,,,,,,,,,,,,less serious injury,,against public worker,,,,failure to comply with court orders,,,,,,,,under influence drugs/alcohol,,,,,,,,,,genuine remorse,,early guilty plea,,,,,,immediate custody
46,,,,,,,use of weapon,,repeated assault,,,,,,,,,,,,,,,,,,,,,under influence drugs/alcohol,,,,,,,,,,,,,,,,,,immediate custody
46,deliberate harm,,,,,,use of weapon,,,,,,,,,,,,,,,,,location,,ongoing effect,,,timing of the offence,,addressing addiction,,,,,,,,,genuine remorse,single blow,early guilty plea,,,grievous bodily harm,,,immediate custody
46,,,,,,,,,,,,,,selfdefence,,,,,,,,,,,,,,,,,,,,,,,,,,,,,,,grievous bodily harm,,,immediate custody
46,,,,,,,,,repeated assault,,,,,selfdefence,,,,,,,,,,,,,,,,,,,,,,,,no previous convictions,,,,,,,grievous bodily harm,,,immediate custody
46,,,,,,,,serious injury,,,,,provocation,,,,,,,,,,,location,,,,,,under influence drugs/alcohol,,,,isolated incident,,,,,,,single blow,,,,grievous bodily harm,,,
46,,,leading role gang,,,,,,,personally vulnerable,lack of premeditation,,,,,,,,,,,,,,,ongoing effect,,,,,,,,,,,,,,,single blow,early guilty plea,,,grievous bodily harm,,,immediate custody
46,,,,,,,use of weapon,,,,lack of premeditation,,,selfdefence,,less serious injury,,,,,,failure to comply with court orders,,location,,,,,timing of the offence,,,,,,,,,,,,,,,,grievous bodily harm,,,immediate custody
46,,,,premeditation,,,,,,,,,,,,,,,,,,,,,,,,,,,,,,,,,,,,,,,,,,grievous bodily harm with intent,,immediate custody
46,,,,premeditation,,,use of weapon,,repeated assault,,,,,,,less serious injury,,,,,,,,location,,,,,timing of the offence,under influence drugs/alcohol,,,good character,,,,,no previous convictions,,,,early guilty plea,,,,grievous bodily harm with intent,,immediate custody
46,,,,,,,use of weapon,,,,lack of premeditation,,,,,,,,,,,,,,,,,,,,,,good character,isolated incident,,,,no previous convictions,primary carer,genuine remorse,,early guilty plea,,,,grievous bodily harm with intent,,
46,,,,,,,,,repeated assault,,,,,,,,,,,,,,gratuitous degradation,,,,,previous violence,,,,,,,,,,,,,,,,,,,common assault,immediate custody
46,,,,,,,use of weapon,serious injury,,,,,,,,,,,,,,,,,,,,,,,,,,,,,,,,,,,,,,,common assault,
46,,,,,,,,,,,lack of premeditation,,,,subordinate role gang,less serious injury,,,,,,,,,,,,,,,,,,,,,,,,,,,,,,,common assault,
46,,,,,,,,,,,lack of premeditation,,,,,,,against public worker,,,,,,,,,,,,under influence drugs/alcohol,,,good character,,,,,no previous convictions,,,single blow,early guilty plea,,,,,common assault,
46,,,,,,,,,,,,,,,,,,,,,,,,,,,,,,,,,,,,,,,,,,,,,,,common assault,
46,,,,,,,,,,,lack of premeditation,,,,,,,,,,,,,,,,,,,,,,,isolated incident,,,,,,genuine remorse,single blow,,,,,,common assault,
46,,,,,,,,,,,,,,,,,,,,,,,,,,,,,,,,,,,,,,,,,,,,,,,common assault,
46,,,,,,,use of weapon,,,personally vulnerable,,,,,,,abuse of trust,,,victim forced to leave home,,,,,,ongoing effect,,,,,,lack of maturity,good character,,,,,no previous convictions,,,,,,,,,common assault,
46,,,,,,,,,,,,,,,,,,,,,,,,,,,,,,,,lack of maturity,,isolated incident,,,,no previous convictions,,,,early guilty plea,,,,,common assault,
47,,,,,,,,,,personally vulnerable,,,,,,less serious injury,,,,,,,,,,,,,,under influence drugs/alcohol,,,,,,,,no previous convictions,,,,,,,,,,
47,,intent more harm,,,,,,serious injury,repeated assault,,lack of premeditation,,,,,,,,,,,,,,,,,,,,,,,isolated incident,,,,no previous convictions,,,,,,,,,,immediate custody
47,,,leading role gang,,,,,serious injury,repeated assault,,,,,,,,,,,,,,gratuitous degradation,,,,presence of others,,,under influence drugs/alcohol,,,,,,,,no previous convictions,,genuine remorse,,,,,,,,immediate custody
47,,,,,,vulnerable victim,use of weapon,,,,,,,,,less serious injury,,,,,,,,,,ongoing effect,,,,,,,,isolated incident,,medical condition,,no previous convictions,,,single blow,,,,,,,immediate custody
47,,,,,,,,,,,,,,,,,,,,,,,,,,,,,,,,,,,,,,,,,,,,,,,,immediate custody
47,,,,,,,,,,,lack of premeditation,,provocation,,,less serious injury,,,,,,,,,,,,,,,,,,,,,,,,,,,,,,,,
47,deliberate harm,,,,,,,,,,,,,,,,,,,,,,,location,,,,,timing of the offence,under influence drugs/alcohol,,,,,,,,,,,,early guilty plea,,,,,,immediate custody
47,,,,,,,,,,,,,,,,,,,,,,,,,,,,,,,,,,,,,,,,,,,,,,,,
47,,,,,,,,,,,,,,,,,,,,,,,,,,,,,,,,,,,,,,,,,,,,,,,,immediate custody
47,,,,,,,,,,,,,,,,,,,,,,,,,,,,,,,addressing addiction,,,,,,,,,genuine remorse,,early guilty plea,,,,,,
47,,,,,,,,,,,,,,,,,,,,,,,,,,,,,,,,,,,,,,,,,,,,,,,,immediate custody
47,,,,,,,,,,,lack of premeditation,,,,,less serious injury,,,,,,,,,,,,,,,,,good character,,,,,no previous convictions,,,,,,,,,,
47,,,,,,,use of weapon,,,,,,,,,,,,,,,,,location,,,,,,,,,,,,,,,,,,,,,,,,
47,,,,,,vulnerable victim,,,,,,,provocation,,,less serious injury,,,,,,,,location,,,,,,,,,,isolated incident,,,,no previous convictions,,genuine remorse,,early guilty plea,,,,,,
47,,,,,,,,serious injury,,,,,,,,,,,,,,,,,,,,,,,,lack of maturity,,,,,,no previous convictions,,,,early guilty plea,,,,,,
47,,,,,,,use of weapon,,,,,,,,,less serious injury,,,,,,,,,,,,,,,,,,,,,,no previous convictions,,,,early guilty plea,,,,,,immediate custody
47,,,,,,,,,,,,,,,,,,,,,,,,,,,,,,,,lack of maturity,good character,isolated incident,,,,no previous convictions,,genuine remorse,,early guilty plea,,,,,,
47,,,,,,,,,,,lack of premeditation,,,,,less serious injury,,,,,,,,,,,,,,,,,good character,,,,,no previous convictions,,,,,,,,,,
47,,,,,,,,,,,,,,,,,,,,,,,,,,,,,,,,lack of maturity,good character,isolated incident,,,,no previous convictions,,genuine remorse,,early guilty plea,,,,,,
47,,,,,,,use of weapon,,,,lack of premeditation,,provocation,,,,,,,,,,,,,,,,,,,lack of maturity,good character,isolated incident,,,,no previous convictions,,,,,,affray,,,,
47,,,,,,,,,,,,,,,,,,,,,,,,,,,,,,,,,,,,,,,,,,early guilty plea,,,,,,
47,,,,,,,use of weapon,serious injury,,,,,provocation,,,,,,,,,,,location,,,,,,,,,good character,isolated incident,lapse of time,,,no previous convictions,,,,early guilty plea,,affray,,,,
47,,,,,,,use of weapon,,,,lack of premeditation,,provocation,,,,,,,,,,,,,,,,,,,lack of maturity,good character,isolated incident,,,,no previous convictions,,,,,,affray,,,,
47,,,,,,,,,,,,,,,,,,,,,,,,,,,,,,,,,,,,,,,,,,early guilty plea,,affray,,,,immediate custody
47,,,,,,,use of weapon,,,,lack of premeditation,,provocation,,,,,,,,,,,,,,,,,,,lack of maturity,good character,isolated incident,,,,no previous convictions,,,,,,affray,,,,
47,,,,,,,,,,,lack of premeditation,,provocation,selfdefence,,less serious injury,,,,,,,,,,,,,,under influence drugs/alcohol,addressing addiction,lack of maturity,good character,,,,,no previous convictions,,genuine remorse,,early guilty plea,,affray,,,,
47,,,,,,,,,,,,,,,,,,,,,,,,,,,presence of others,,,,,,,,,,,,,,,,,affray,,,,
47,,,,,,,,,,,,,,,,,,,,,,,,,,,,,,,,,,,,,,,,,,early guilty plea,,affray,,,,
47,,,,,,,,,,,,,,,,,,,,,,,,,,,presence of others,,,,,lack of maturity,,,,,,no previous convictions,,,,,,affray,,,,
47,,,,,,,,,,,,,,,,,,,,,,,,,,,,,,,,,,,,,,,,,,early guilty plea,,affray,,,,immediate custody
47,,,,,,,use of weapon,,,,lack of premeditation,,,,,,,,,,,,,location,,,presence of others,,,,,,,,,,,no previous convictions,,,,,,affray,,,,
47,,,,,,,,,,,,,,,,,,,,,,,,,,,presence of others,,,,,,,,,,,,,,,,,affray,,,,
47,,,,,,,,,,,,,,,,,,,,,,,,,,,,,,,,,,,,,,,,,,,,affray,,,,
47,,,,,,,,,,,,,,,,,,,,,,,,,,,,,,,,,,,,,,,,,,early guilty plea,,affray,,,,
47,,,,,,,,,,,,,,,,,,,,,,,,,,,,,,,,,,,,,,no previous convictions,,,,,,affray,,,,
47,,,,,,,,,,,,,,,,,,,,,,,,,,,,,,,,,,,,,,,,,,,,affray,,,,
47,,,,,,,use of weapon,,,personally vulnerable,lack of premeditation,,,,,,,,,,,,,location,,,,,,,,,,,,,,,,,,early guilty plea,,affray,,,,
47,,,,,,,use of weapon,,,,,,,,,less serious injury,,against public worker,,,failure to respond to warnings,,,location,,,presence of others,,,under influence drugs/alcohol,,,,,,,mental disability (general),,,genuine remorse,,early guilty plea,,affray,,,,immediate custody
47,,,,,,,use of weapon,,,,,,,,,,,,,,,,,,,,,,,,,,,,,,,,,,,,,affray,,,,immediate custody
47,,,,premeditation,,vulnerable victim,,,,,,,,,,,,,,,,,,location,,,presence of others,,,,,,good character,isolated incident,,,,,,,,early guilty plea,,affray,,,,
47,,,,,against race/religion,,,,repeated assault,,,,,,,,,,,,,failure to comply with court orders,,location,,,presence of others,previous violence,,under influence drugs/alcohol,,,,,,,mental disability (general),,,,,,,affray,,,,immediate custody
47,,,,,,,,,,,,,,,,,,,,,,,,,,,,,,,,,,isolated incident,,,,no previous convictions,,genuine remorse,,,,affray,,,,
47,,,,,,,,serious injury,,,,,,,,,,against public worker,,,,,,location,,,presence of others,,,under influence drugs/alcohol,addressing addiction,,good character,isolated incident,,,,no previous convictions,,genuine remorse,,early guilty plea,,affray,,,,immediate custody
47,,,,,,,,,,,,,,,,,,,,,,,,,,,,,,,,,,,,,,,,,,early guilty plea,,affray,,,,
47,,,,,,,use of weapon,,,,lack of premeditation,,,,,,,,,,,,,,,,,,,,,,,,,,,,,,,,,affray,,,,
47,,,,,,,use of weapon,,,,,,,,,,,,on bail,,,,,location,,,presence of others,,,under influence drugs/alcohol,,,,,,,,,,,,,,affray,,,,immediate custody
47,,,,,,,,,,,lack of premeditation,,provocation,,,,,,,,,,,location,,,presence of others,,,under influence drugs/alcohol,,,good character,,,,,no previous convictions,,genuine remorse,,,,affray,,,,
47,,,,,,,,,,,,,,,,,,,,,,,,,,,,,,,,,,,,,,,,,,early guilty plea,,affray,,,,
47,,,,,,,,,,,lack of premeditation,,provocation,,,,,,,,,,,,,,,,,,,,good character,isolated incident,,,,no previous convictions,,genuine remorse,,,,affray,,,,
47,,,,,,,,,,,,,,,,,,,,,,,,,,,,,,,,,,,,,,,,,,early guilty plea,,affray,,,,
47,,,,,,,,,,,,,,,,,,,,,,,,,,,,,,,,,,,,,,,,,,early guilty plea,,affray,,,,
47,,,,,,,,,,,,,,,,,,,,,,,,,,,,,,,,,,,,,,,,,,early guilty plea,,affray,,,,immediate custody
47,,,,,,,,,,,,,,,,,,,,,,,,,,,,,,,,,,,,,,,,,,early guilty plea,,affray,,,,
47,,,,,,,,,,,,,,,,,,,,,,,,,,,,,,,,,,,,,,,,,,,,affray,,,,immediate custody
47,,,,,,,,,,,lack of premeditation,,,,,,,,,,,,,,,,,,,under influence drugs/alcohol,,,,,,,,,,genuine remorse,,early guilty plea,,affray,,,,
47,deliberate harm,,,,,,,,repeated assault,,,,,,,,,against public worker,,,,,,location,,,,,,,,,,,,,,,,,,,,,,,common assault,immediate custody
47,,,,,,,use of weapon,serious injury,,,,,,,,,,,,,,,,location,,ongoing effect,,,,under influence drugs/alcohol,,,,,,,,,,genuine remorse,single blow,,,,,,,immediate custody
47,,,,,,,,,,,,,,,,,,,,,,,,,,,,,,,,,,,,,,no previous convictions,,genuine remorse,,,,,,,,
47,,,,,,,,serious injury,,,,,,,subordinate role gang,,,,,,,,,location,,,,,,,,,good character,,,,,no previous convictions,,genuine remorse,single blow,early guilty plea,,,,,,
47,,,,,,,use of weapon,,repeated assault,,,,,,,less serious injury,abuse of trust,,,,,,,location,,ongoing effect,,,,,,,,,,,,no previous convictions,,,,early guilty plea,,,,,,
47,,,,,,,,,,personally vulnerable,,,,,,,abuse of trust,,,,,,,,,,,,,,,,,,,,,,,,,,,,,,,
47,,,,,,,use of weapon,serious injury,,,,,,,,,,,,,,,,,,ongoing effect,,,,,,,good character,,,,,no previous convictions,primary carer,genuine remorse,single blow,early guilty plea,,,,,,
47,,,,,,,,,repeated assault,,lack of premeditation,,,,,,,against public worker,,,,,,,,,presence of others,,,,,,,,,,,,,,,,,,,,,immediate custody
47,,,,,,,use of weapon,,,,,,,,,less serious injury,,,,,,,,,on licence,,,,,,,,,,,,,,,,,,,,,,,
47,,,,,,,,serious injury,,,lack of premeditation,,provocation,,,,,,,,,,,,,,,,,,,,,,,,,,,genuine remorse,,early guilty plea,,,,,,
47,,,,,,,,,,,,,,,,,,,,,,,,,,,presence of others,,,,,,good character,,,,,no previous convictions,,,,early guilty plea,,,,,,
47,,,,,,,use of weapon,serious injury,repeated assault,,,,,,,,,,,,,,,,,ongoing effect,,previous violence,,,,lack of maturity,,,,,,,,,,early guilty plea,,,,,,immediate custody
47,,,,,,,,,,,,,,,,,,,,,,,,location,,,presence of others,,,,,,,,,,,,,,,,,,,,,
47,,,,,,,,serious injury,,,lack of premeditation,,,selfdefence,,,,,,,,,gratuitous degradation,location,,,,,,,,,,,lapse of time,,,,,genuine remorse,,early guilty plea,,,,,,immediate custody
47,,,,,,,,,repeated assault,,lack of premeditation,,,,,less serious injury,,,,,,,,,,,,,,under influence drugs/alcohol,,,,isolated incident,,,,no previous convictions,,genuine remorse,,,,,,,,
47,,,,,,,,,repeated assault,,,,,,,,,against public worker,,,,,,location,,ongoing effect,,,,under influence drugs/alcohol,,,,,,,,no previous convictions,,,,,,,,,,
47,,,,,,,,,,,,,,,,,,against public worker,,,,,,location,,ongoing effect,,,,under influence drugs/alcohol,,,,,,,,,,,,,,,,,,
47,,,,,,,use of weapon,,,,lack of premeditation,,,,,less serious injury,,,,,,,,,,,,,,,,lack of maturity,good character,,,,,no previous convictions,,genuine remorse,,early guilty plea,,,,,,
47,,,,,,,,,,,,,,,,,,,,,,,,,,,,,,,,lack of maturity,,,,,,no previous convictions,,,,early guilty plea,,,,,,
47,,,,,,vulnerable victim,,,repeated assault,personally vulnerable,,,,,,,,,,,,,,,,,,,,,,,,,,,,,,,,early guilty plea,,,,,,immediate custody
47,,,,,,,,,,,,,,,,,,,,,,,,,,,,,,,,,,,,,,,,,,,,,,,,
47,deliberate harm,,,,,,,,,,,,,,,less serious injury,,,,,,,,,,,presence of others,previous violence,,,,,,,,,,,,,,early guilty plea,,,,,,immediate custody
47,,,,,,,,serious injury,repeated assault,,lack of premeditation,,,,subordinate role gang,,,,,,,,,,,,,,,,,,,,,,,no previous convictions,,,,,,,,,,
47,,,,,,,,serious injury,,,,,,,,,,,,,,,,,,,,,,under influence drugs/alcohol,,,,isolated incident,,,,no previous convictions,,,,early guilty plea,,,,,,
47,,,,,,,,,,,,,,,,less serious injury,,,,,,,,,,,,,,,,,,,,,,no previous convictions,,genuine remorse,single blow,,,,,,,
47,,,,,,,use of weapon,,,,,,,,,,,,,,,failure to comply with court orders,,,,,presence of others,previous violence,,,,,,,,,,,,genuine remorse,,early guilty plea,,,,,,immediate custody
47,,,,,,,,serious injury,,,,,,,,,,,,,,,,location,,,,,,,,lack of maturity,good character,isolated incident,,,,no previous convictions,,genuine remorse,single blow,,,,,,,
47,,intent more harm,,,,,use of weapon,,,,lack of premeditation,,,,,less serious injury,,,,,,,,location,,,,,,,addressing addiction,lack of maturity,,,,,,,,genuine remorse,single blow,,,,,,,
47,,intent more harm,,,,,use of weapon,serious injury,,personally vulnerable,,,,,,,,,,,,,,location,,,,,,,,,good character,isolated incident,,,,no previous convictions,,,,,,,,,,immediate custody
47,,,,,,,,,repeated assault,,lack of premeditation,mental disorder (related to the offence),,,,less serious injury,,,,,,,,,,,,,,,,,good character,isolated incident,,,mental disability (general),no previous convictions,,genuine remorse,,,,,,,,
47,deliberate harm,,,,,,,,,personally vulnerable,,mental disorder (related to the offence),,,,,,against public worker,,,,failure to comply with court orders,,,,,,,,,,lack of maturity,,,,,mental disability (general),,,genuine remorse,,early guilty plea,,,,,,
47,,,,,,,,,,,,,,,,,,,,,,,,location,,ongoing effect,presence of others,,,,,,,,,,,,,,,,,,,,,immediate custody
47,,,,,,,,,,,,,,,,,,,,,,,,,,,,,,,,,,,,,,,,,,,,,,,,immediate custody
47,,,,,,vulnerable victim,use of weapon,,repeated assault,personally vulnerable,,,,,,,,,on bail,,,,,location,,,,previous violence,,,,,,,,,,,,,,,,,,,,immediate custody
47,,,,,,,,,,,,,,,,,,,,,,,,,,,,,,,,,,,,,,,,,,early guilty plea,,,,,,immediate custody
47,,,,,,,,,,,lack of premeditation,,,,,less serious injury,,,,,,failure to comply with court orders,,,,,,,,,,,,,,,,,,,single blow,early guilty plea,,,,,,immediate custody
47,,,,,,,,,repeated assault,personally vulnerable,lack of premeditation,,,,,,abuse of trust,,,,,,,,,,,,,,,,,,,,,,,genuine remorse,,,,,,,,immediate custody
47,,,,,,,,,,,,,provocation,,,,,,,,,,,,,,,,,,,,,,,,,,,,,,,,,,,immediate custody
47,,,,,,,,,,,,,,,,,,,,,,,,,,,,,,,,,,,,,,,,,,,,,,,common assault,immediate custody
47,,,,,,,,,,,,,,,,,,,,,,,,,,,,,,,,,,,,,,,,,,early guilty plea,,,,,common assault,
47,,,,,,,,,,,lack of premeditation,,,,,,,,,,,,,,,,,,,,,,,,,,,,,,,,,,,,common assault,immediate custody
47,,,,,,,,,,,,,,,,,,,,,,,,,,,,,,,,,,,,,,,,,,early guilty plea,,,,,common assault,
47,,,leading role gang,,,,,,,,,,,,,,,,,,,,,location,,,presence of others,,timing of the offence,,,,,,,,,,,,,,,,,,common assault,immediate custody
47,,,leading role gang,,,,,,,,,,,,,,,,,,,,,location,,,,,timing of the offence,under influence drugs/alcohol,,,,,,,,,,genuine remorse,,early guilty plea,,,,,common assault,immediate custody
47,,,,,,,,,,,,mental disorder (related to the offence),,,,,,,,,,,,,,,,,,,,,good character,,lapse of time,,mental disability (general),no previous convictions,,,,,,,,,common assault,
47,,,,,,,,,,,,,,,,less serious injury,,,,,,,,,,,,,,,,,,,,,,,,,,,,,,,common assault,
47,,,,,,,,,,,,,,,,less serious injury,,,,,,failure to comply with court orders,,,,,,,,,,,,,,,,,,,single blow,,,,,,common assault,immediate custody
47,,,,,,,,,repeated assault,,,,,,,less serious injury,,,,,,,,location,,ongoing effect,,,,under influence drugs/alcohol,,,,,,,,no previous convictions,,,,,,,,grievous bodily harm with intent,,immediate custody
47,,,,,,,use of weapon,,,,,,,,,less serious injury,,,on bail,,,,,,,,,,,under influence drugs/alcohol,,,,,,,,no previous convictions,,,,early guilty plea,,,,grievous bodily harm with intent,,immediate custody
47,deliberate harm,,,,,vulnerable victim,,serious injury,repeated assault,personally vulnerable,,,,,,,,,,,failure to respond to warnings,failure to comply with court orders,gratuitous degradation,,,,presence of others,previous violence,,,,,,,,,,,,,,early guilty plea,,,,grievous bodily harm with intent,,immediate custody
47,,intent more harm,,,,,use of weapon,,repeated assault,,,,,,,less serious injury,,,,,,,,,,,,,,under influence drugs/alcohol,,,,,,,,,,genuine remorse,,,,,,grievous bodily harm with intent,,immediate custody
47,deliberate harm,,,,,,use of weapon,,repeated assault,,,,,,,,,,,,,,,,,,,,,,,,,,,,,,,,,early guilty plea,,,,grievous bodily harm with intent,,immediate custody
47,,,,premeditation,,,use of weapon,,,,,,,,,,,,,,,,,,,,,,,,,,,,,,,,,,,,,,,grievous bodily harm with intent,,immediate custody
47,deliberate harm,intent more harm,leading role gang,,,,use of weapon,serious injury,repeated assault,,,,,,,,,,,,,,gratuitous degradation,location,,ongoing effect,,,,under influence drugs/alcohol,,lack of maturity,,,,,,,,genuine remorse,,,,,,grievous bodily harm with intent,,immediate custody
47,,,,,,,use of weapon,,repeated assault,,,,,,,less serious injury,,,,,,,,location,,ongoing effect,,,,under influence drugs/alcohol,,,,,,,,,,,,early guilty plea,,,,grievous bodily harm with intent,,immediate custody
47,,,,,,,use of weapon,serious injury,repeated assault,,lack of premeditation,,,,,,,,,,,,,,,,presence of others,,,,,,,,,,,,,,,,,,,grievous bodily harm with intent,,immediate custody
47,,,,,,,,,,personally vulnerable,lack of premeditation,,provocation,,,,,,,,,,,,,,,,,,,,,,lapse of time,,,,,,,early guilty plea,,,grievous bodily harm,,,immediate custody
47,,,,,,,,,,,,,,,,,,,,,,,,,,ongoing effect,,,,,,,good character,,,,,,,genuine remorse,single blow,early guilty plea,,,grievous bodily harm,,,immediate custody
47,deliberate harm,,,,,,,,,,,,provocation,,,,,,,,,,,,,,presence of others,,,,,lack of maturity,,,,,,,,genuine remorse,,,,,grievous bodily harm,,,immediate custody
47,,,,,,,,,repeated assault,,,,,,,,,,,,,,,,,,,previous violence,,,,,,,,,,,,,,,,,grievous bodily harm,,,immediate custody
47,deliberate harm,,,,,,,serious injury,,,,,,,,,,,,,,,,location,,,,,timing of the offence,,,,,,,,,,,,,,,,grievous bodily harm,,,immediate custody
47,,,,,,,,,,,lack of premeditation,,,,,,,,,,,,,location,,,,,timing of the offence,,,,good character,,,,,no previous convictions,,genuine remorse,single blow,,,,grievous bodily harm,,,
47,,,,,,,,,,,,,,,,,,,,,,,,,,,,,,,,,,,,,,,,,,early guilty plea,,,,grievous bodily harm with intent,,immediate custody
47,,intent more harm,,,,,use of weapon,,repeated assault,,,,,,,less serious injury,,,,,,,,,,ongoing effect,,,,under influence drugs/alcohol,,,,,,,,,,genuine remorse,,,,,,grievous bodily harm with intent,,immediate custody
47,,,leading role gang,,,,use of weapon,,,,,,,,,less serious injury,,,on bail,,,,,,,,,,,under influence drugs/alcohol,,,,isolated incident,,,,,,genuine remorse,,,,,,grievous bodily harm with intent,,immediate custody
47,,,,,,,use of weapon,serious injury,,,,,provocation,,,,,,,,,,,,,,,,,,,lack of maturity,,,,,,,,genuine remorse,single blow,early guilty plea,,,,grievous bodily harm with intent,,immediate custody
47,,,,,,,use of weapon,serious injury,,,,,,,,,,,,,,,,location,,ongoing effect,presence of others,,timing of the offence,under influence drugs/alcohol,,,,,,,,,,,,,,,,grievous bodily harm with intent,,immediate custody
47,deliberate harm,,,,,,,serious injury,repeated assault,,,,,,,,,,,,,,,location,,ongoing effect,presence of others,,,under influence drugs/alcohol,addressing addiction,,,,,,,,,genuine remorse,,early guilty plea,,,,grievous bodily harm with intent,,immediate custody
47,deliberate harm,,,,,,,serious injury,,,,,,,,,,,,,,,,location,,,presence of others,,,under influence drugs/alcohol,,,,,,,,,,,,,,,,grievous bodily harm with intent,,immediate custody
47,,intent more harm,,,,,use of weapon,serious injury,repeated assault,,,,,,subordinate role gang,,,,,,,,gratuitous degradation,location,,ongoing effect,,,,,,lack of maturity,,,,,,,primary carer,genuine remorse,,,,,,grievous bodily harm with intent,,immediate custody
47,,,,,,,use of weapon,serious injury,repeated assault,,,,,,,,,,,,,,,location,,ongoing effect,presence of others,,timing of the offence,under influence drugs/alcohol,,,,,,,,,,genuine remorse,,,,,grievous bodily harm,,,immediate custody
47,,,,,,,,,,personally vulnerable,lack of premeditation,,,,,less serious injury,,,,,,,,,,,,,,,,,good character,isolated incident,,,mental disability (general),no previous convictions,primary carer,genuine remorse,,early guilty plea,,,grievous bodily harm,,,
47,,,,,,,,serious injury,,,lack of premeditation,,,,,less serious injury,,,,,,,,,,,,,,,,,,,,,,,,,,,,,grievous bodily harm,,,immediate custody
47,,,,,,,use of weapon,serious injury,,,,,,,,less serious injury,,,,,,,,location,,,presence of others,,,,addressing addiction,lack of maturity,,isolated incident,,,,no previous convictions,,genuine remorse,single blow,early guilty plea,,,grievous bodily harm,,,immediate custody
47,,,,,,,,,,,,,,,,,,,,,,,,,,,,,,,,,,,,,,,,genuine remorse,,,,,grievous bodily harm,,,immediate custody
47,,,,,,,use of weapon,serious injury,,,,,,selfdefence,,,,,,,,,,location,,ongoing effect,presence of others,,,,,,,,,,,,,,,,,,grievous bodily harm,,,immediate custody
47,deliberate harm,,leading role gang,,,,,,repeated assault,,lack of premeditation,,,,,,,,,,,,,location,,,,,timing of the offence,,addressing addiction,,,isolated incident,,,,no previous convictions,,,,early guilty plea,,,grievous bodily harm,,,
47,,,,,,,,serious injury,,,lack of premeditation,,provocation,selfdefence,,,,,,,,,,,,,,,,,,,good character,,,medical condition,,no previous convictions,,,,,,,grievous bodily harm,,,
47,,,,,,,use of weapon,,repeated assault,,lack of premeditation,,,,,,,,,,,failure to comply with court orders,,,,ongoing effect,,,,under influence drugs/alcohol,,,,isolated incident,,,,,,genuine remorse,,early guilty plea,,,grievous bodily harm,,,immediate custody
47,,,,,,,use of weapon,serious injury,repeated assault,,,,,,,,,,,,,,,,,,,previous violence,,,,,,,,,,,,,,,,,grievous bodily harm,,,immediate custody
47,,,,,,,,serious injury,,personally vulnerable,,,,,,,,,,,,,,,,,,,,,,,good character,isolated incident,,medical condition,,,primary carer,genuine remorse,,,,,grievous bodily harm,,,
47,,,,,,,use of weapon,,,,,,,,,less serious injury,,,on bail,,,,,,,,,,,under influence drugs/alcohol,,,,,,,,,,,,early guilty plea,,,grievous bodily harm,,,immediate custody
47,,,,,,,,serious injury,,,,,,,,,,,,,,,,,,,,,timing of the offence,under influence drugs/alcohol,,,,,,,,,,,single blow,early guilty plea,,,grievous bodily harm,,,immediate custody
47,,,,,,,,serious injury,repeated assault,,,,,,,,,,,,,,,location,,,,,,,,,,,,,,,,,,,,,grievous bodily harm,,,immediate custody
47,,,,,,,,serious injury,,,lack of premeditation,,,,,,,,,,,,,location,,ongoing effect,,,,,,,,isolated incident,,,,,,genuine remorse,single blow,early guilty plea,,,grievous bodily harm,,,
47,,,,,,,use of weapon,serious injury,,,lack of premeditation,,,,,,,,,,,,,location,,ongoing effect,,,,under influence drugs/alcohol,,,good character,isolated incident,,,,no previous convictions,,genuine remorse,single blow,early guilty plea,,,grievous bodily harm,,,immediate custody
48,,,,,,,,,,,lack of premeditation,,,,,less serious injury,,,,,,,,,,,,,,,addressing addiction,lack of maturity,good character,isolated incident,,,,no previous convictions,,genuine remorse,single blow,early guilty plea,,,,,,
48,,,,,,,,serious injury,,,lack of premeditation,,,,,,,,,,,,,,,,,,,,,,,isolated incident,,,,,,,single blow,early guilty plea,,,,,,
48,,,,,,,,,,,,,provocation,selfdefence,,less serious injury,,,,,,,,,,,,,,,,,good character,,,,,no previous convictions,,genuine remorse,,early guilty plea,,,,,,
48,,,,premeditation,,,use of weapon,serious injury,repeated assault,personally vulnerable,,,,,,,,,,,,,,location,,ongoing effect,presence of others,,timing of the offence,under influence drugs/alcohol,,,,,,,,no previous convictions,,,,early guilty plea,,,,,,immediate custody
48,,,,,,,,,,,,,,,,less serious injury,,,,,,,,,,ongoing effect,,previous violence,,,,,,,,,,,,,,,,,,,,immediate custody
48,,,,,,vulnerable victim,,serious injury,repeated assault,personally vulnerable,,,,,,less serious injury,,,,,,,,location,,,,previous violence,,under influence drugs/alcohol,,,,,,,,,,,,,,,,,,immediate custody
48,,,,,,,use of weapon,serious injury,,,,,,selfdefence,,,,,,,,,,,,,,,,,,,,,,,,,,,,early guilty plea,,,,,,
48,,,,,,,use of weapon,,,,lack of premeditation,,,,,less serious injury,,,,,,,,,,,,,,,,,,isolated incident,,,,,,genuine remorse,single blow,,,,,,,immediate custody
48,,,,,,,use of weapon,serious injury,,,lack of premeditation,,provocation,,,,,,,,,,,location,,,presence of others,,,under influence drugs/alcohol,,,,,,,,,,,,early guilty plea,,,,,,
48,,,,,,,,serious injury,,,lack of premeditation,,,,,,,against public worker,,,,,,,,ongoing effect,,,,under influence drugs/alcohol,addressing addiction,,good character,isolated incident,,,,no previous convictions,,genuine remorse,,early guilty plea,,affray,,,,immediate custody
48,,,,,,,,,,,,,,,,less serious injury,,,,,,,,,,,,,,,,,,,,,,,,genuine remorse,,,,affray,,,,
48,,,,,,,,,,,,,,,,,,,,,,,,,,,,,,,,lack of maturity,,,,,,,,,,,,affray,,,,
48,,,,,,,,,,,lack of premeditation,,,,subordinate role gang,,,,,,,,,,,,,,,under influence drugs/alcohol,,,,,,,,,,,,,,affray,,,,
48,,,,,,,,,,,,,,,,,,,,,,,,,,,,,,,,,,,,,,,,,,,,affray,,,,
48,,,,,,vulnerable victim,,,,personally vulnerable,,,,,,,,,,,,,gratuitous degradation,,,,,,,under influence drugs/alcohol,,,,isolated incident,,,,no previous convictions,,,,,,affray,,,,
48,,,,,,,,,,,,,,,,,,,,,,,,,,,,,,,,lack of maturity,,,,,,,,,,,,affray,,,,
48,,,,premeditation,,vulnerable victim,use of weapon,,,personally vulnerable,,,,,,,,,,,,,,location,,,presence of others,,,,,,,,,,,,,,,,,,,,,
48,,,,,,,use of weapon,,,,lack of premeditation,,,selfdefence,,less serious injury,,,,,,,,,,ongoing effect,,,,,addressing addiction,lack of maturity,good character,isolated incident,,medical condition,mental disability (general),no previous convictions,,genuine remorse,single blow,,,,,,,
48,,,leading role gang,,,,,,,,lack of premeditation,,,,,less serious injury,,,,,,,,location,,,,,timing of the offence,,,,good character,isolated incident,,,,,,genuine remorse,,,,,,,,
48,,,,,,vulnerable victim,,,,personally vulnerable,,,,,,,,,,,,,,,,,,,,under influence drugs/alcohol,,,,isolated incident,,,,,,,,,,affray,,,,
48,,,,,,,,,,,lack of premeditation,,,,,less serious injury,,,,,,,,,,,presence of others,,,,,,,,,,,,,,single blow,early guilty plea,,,,,,
48,,,,,,,,,,,,,,,,,,,,,,,,,,,,,,under influence drugs/alcohol,,,,,,,,,,,,,,,,,,
48,,,leading role gang,,,,,,,,lack of premeditation,,,,,less serious injury,,,,,,,,location,,,,,timing of the offence,,,,good character,isolated incident,,,,no previous convictions,,genuine remorse,,,,,,,,
48,,,,,,,,,repeated assault,,,,,,,,,,,,,,,location,,,,previous violence,,under influence drugs/alcohol,,,,,,,,,,,,,,,,,,immediate custody
48,,,,,,,,,,personally vulnerable,lack of premeditation,,,,,less serious injury,,,,,,,,,,,,,,,,lack of maturity,,isolated incident,,,,no previous convictions,,,single blow,,,,,,,
48,,,,,,,,,repeated assault,,lack of premeditation,,,,,,,,,,,,,,,,,,,under influence drugs/alcohol,addressing addiction,,,,,,,no previous convictions,,genuine remorse,,,,,,,,
48,,,,,,,use of weapon,serious injury,,,lack of premeditation,,provocation,,,,,,,,,,,,,,presence of others,,,under influence drugs/alcohol,,,,,,,,,primary carer,,,early guilty plea,,,,,,
48,,,,,,,use of weapon,,,,lack of premeditation,,,,,less serious injury,,,,,,,,,,,,,,,,lack of maturity,,isolated incident,,,,no previous convictions,,,single blow,early guilty plea,,,,,,
48,,,,,,,,serious injury,,personally vulnerable,lack of premeditation,mental disorder (related to the offence),,,,,,,,,,,,,,,,,,,,lack of maturity,good character,,,,mental disability (general),no previous convictions,,,,,,,grievous bodily harm,,,
48,,,,premeditation,,,use of weapon,,,,,,,,,,,,,,,,,,,,,,,,,,,,,,,,,,single blow,,,,grievous bodily harm,,,immediate custody
48,,,,,,,,,,,lack of premeditation,,,,,,,,,,,,,,,,,,,under influence drugs/alcohol,,,good character,,,,,no previous convictions,,genuine remorse,,early guilty plea,,,grievous bodily harm,,,
48,,,,,,,use of weapon,,repeated assault,,,,,,,,,,,,,,,,,,,,,,addressing addiction,,,,,,,,,,,,,,grievous bodily harm,,,immediate custody
48,,,,,,,,,,personally vulnerable,,,,,,,,,,,,,,,,,,previous violence,,under influence drugs/alcohol,,,,,,,,,,,,,,,grievous bodily harm,,,immediate custody
48,,,,,,,,serious injury,,,lack of premeditation,,,,,,,,,,,,,,,,presence of others,,,,,,,isolated incident,,,,,,,,,,,grievous bodily harm,,,immediate custody
48,,,,,,,,serious injury,,,lack of premeditation,,,,,,,,,,,,,location,,,,,timing of the offence,under influence drugs/alcohol,addressing addiction,lack of maturity,,,,,,,,genuine remorse,,early guilty plea,,,grievous bodily harm,,,immediate custody
48,,,,,,,use of weapon,serious injury,,,lack of premeditation,,provocation,,,,,,,,,,,,,,,,,,,,,isolated incident,,,,,,,,,,,,grievous bodily harm with intent,,immediate custody
48,,,,,,,use of weapon,serious injury,repeated assault,,lack of premeditation,,,,,,,,,,,,,,,ongoing effect,,previous violence,,under influence drugs/alcohol,addressing addiction,,,,,,mental disability (general),,,,,,,,,grievous bodily harm with intent,,immediate custody
48,,intent more harm,,premeditation,,,use of weapon,,,,,,,,,less serious injury,,,,,failure to respond to warnings,,,,,,,previous violence,,,,,,,,,,,,,,,,,,grievous bodily harm with intent,,immediate custody
48,,,,,,,,serious injury,,,,,,selfdefence,,,,,,,,,,,,,,previous violence,,,,,,,,,,,,,,,,,grievous bodily harm,,,
48,,,,,,,,,,,,,,,,less serious injury,,,,,,,,,,,,,,,addressing addiction,,,,,,,,,genuine remorse,single blow,early guilty plea,,,,grievous bodily harm with intent,,
48,,,,,,,,,,,,,,,,,,,,,,,,,,,,,,,,,,,,,,,,genuine remorse,,early guilty plea,,,,,common assault,
48,,,,,,,,serious injury,,,,,,,,,,,,,,failure to comply with court orders,,,,,,,,under influence drugs/alcohol,,,,,,,,,,,single blow,early guilty plea,,,,,common assault,immediate custody
48,,,,,,,,serious injury,,,,,,,,,,,,,,,,,,,,,,,,,,,,,,,,,,,,,,,common assault,immediate custody
50,,,,,,,,,,,lack of premeditation,,,,,less serious injury,,,,,,,,,,,,previous violence,,,,,,,,,,,,genuine remorse,,,,,,,,
50,,,,,,,,,,,,,,,,,,,on bail,,,failure to comply with court orders,,,,,,,,,,,,,,,,,,,,,,,,,,immediate custody
50,,,,,,,,,,,lack of premeditation,,,,,less serious injury,,,,,,,,,,,,,,,,,,isolated incident,,,,no previous convictions,,,,,,,,,,
50,,,leading role gang,,,,,,,,,,,,,less serious injury,,,,,,,,,,,,,,,,lack of maturity,,,,,,,,genuine remorse,,,,,,,,
50,,,,,,,,,,,lack of premeditation,,,,,,,against public worker,,,,,,,,,,,,,,lack of maturity,good character,isolated incident,,,,no previous convictions,,genuine remorse,,early guilty plea,,,,,,
50,,,,,,,,,,,lack of premeditation,,,,,less serious injury,,,,,,,,,,,,,,,,,,isolated incident,,,,,,,,,,,,,,
50,deliberate harm,,,,,,,,,,,,,,,less serious injury,,,,,,,,,,,,,timing of the offence,,,,,,,,,,,,,,,,,,,immediate custody
50,,,,,,,,,,,,,,,,,,,,,,,,,,,,,,,,,,,,,,,,,,,,affray,,,,
50,,,,,,,,,,,lack of premeditation,,,,,,,,,,,,,,,,,,,,addressing addiction,,,,,,,,,,,,,affray,,,,
50,,,,,,,,,,,,,,,,,,,,,,,,,,,,previous violence,,,,,,,,,,,,,,,,affray,,,,
50,,,,,,,,,,,,,,,,,,,,,,,,,,,,,,,,,,,,,,,,,,,,affray,,,,
50,,,leading role gang,,,,,,,,,,,,,,,,,,,,,,,,,,,,,,,,,,,,,,,,,affray,,,,
50,,,,premeditation,,,,,,,,,,,,,,,,,,,,,,,,,,,addressing addiction,lack of maturity,,,,,,no previous convictions,,,,,,affray,,,,
50,,,,,,,,,,,lack of premeditation,,,selfdefence,,less serious injury,,,,,,,,,,,,,,,,,good character,,,,,,,genuine remorse,,early guilty plea,,affray,,,,
50,,,,,,,,,,,lack of premeditation,,,selfdefence,,less serious injury,,,,,,,,,,,,,,,addressing addiction,,good character,,,,,no previous convictions,,genuine remorse,,early guilty plea,,affray,,,,
50,,,,,,,,,,,,,,,,,,,,,,,,,,,,,,,addressing addiction,lack of maturity,,,,,,,,,,,,affray,,,,
50,,,,,,,,,,,,,,,,,,,,,,,,,,,,,,,,,,,,,,,,,,early guilty plea,,affray,,,,
50,,,,,,,,serious injury,,,,,,,,,,,,,failure to respond to warnings,,gratuitous degradation,,,ongoing effect,,,,under influence drugs/alcohol,,,,,,,,,,,,,,,,,,immediate custody
50,,,,,,,,,,,,,,,,,,,,,,,,,,,,,,,,,,,,,,,,,,,,,,,,
50,,,,,,,,,,,lack of premeditation,,,,,less serious injury,,,,,,,,location,,,,previous violence,timing of the offence,,,,,,,,,,,,single blow,,,,,,,
50,,,,,,,,,,,,,,,,less serious injury,,,,,,,,location,,,,,timing of the offence,under influence drugs/alcohol,,,,,,,,,,genuine remorse,,,,,,,,
50,,,,,,,,,,,,,provocation,selfdefence,,less serious injury,,,,,,,,,,,,,,,,,,,,,,no previous convictions,,,,,,,,,,
50,,,,,,,,serious injury,repeated assault,,,,,,,,,,,,,,,,,,,,,under influence drugs/alcohol,,,,,,,,,,,,,,,,,,
50,deliberate harm,,,,,,,,repeated assault,,,,,,,,,,,,,,,location,,,,,,,,,,,,,,,,,,early guilty plea,,,,,,immediate custody
50,,,,,,,use of weapon,,,,,,,,,less serious injury,,,,,,,,,,,,,,,,,,,,,,,,,single blow,,,,,,,immediate custody
50,,,,,,,use of weapon,,,,,,,,,less serious injury,,,,,,,,location,,,,,timing of the offence,,,,,,,,mental disability (general),,,,single blow,early guilty plea,,,,,,immediate custody
50,,,,,,,,,repeated assault,,lack of premeditation,,,,,,,,,,,,,,,,,,,under influence drugs/alcohol,,,good character,isolated incident,,,,no previous convictions,,genuine remorse,,,,,,,,
50,,,,,,,use of weapon,serious injury,repeated assault,,lack of premeditation,,,selfdefence,,,,,on bail,,,,,,,,,,,,,,,,,,,,,,,early guilty plea,,,,,,immediate custody
50,,,,,,,,serious injury,repeated assault,,,,,,,,,,,,,,,,,,,,,under influence drugs/alcohol,,,,,,,,,,,,,,,,,,
50,,intent more harm,,,,,,,repeated assault,personally vulnerable,,,,,,,,,,,,,gratuitous degradation,location,,ongoing effect,,,timing of the offence,,,,,,,,,no previous convictions,,,,,,,,,,immediate custody
50,,,,,,,,serious injury,,,lack of premeditation,,,,,,,,,,,,,,,,,,,,,,,,,,,no previous convictions,,,single blow,,,,,,,
50,,,,,,,,,,,,,,,,less serious injury,,,,,,,,,,,,,,under influence drugs/alcohol,,,,,,,,no previous convictions,,,single blow,,,,,,,
50,,,,,,,,,,,,,,,,,,,,,,,,,,,,,,,,,,,,,,,,,,,,,,,common assault,immediate custody
50,,,,,,vulnerable victim,,,,,,,,,,,,,,,,,,,,,,,,,,,,,,,,,,,,,,,,,common assault,immediate custody
50,,intent more harm,,,,,use of weapon,,,,,,,,,less serious injury,,,,,,,,,on licence,,,previous violence,,,,,,,,,,,,,,,,,,grievous bodily harm with intent,,immediate custody
50,,,,,,,use of weapon,,,,,,,,,less serious injury,,,,,,,,,,,,,,,,,,,,,,,,,,,,,,grievous bodily harm with intent,,immediate custody
50,,,,,,,,,,,,,,,,,,,,,,,,,,,,,,,,,,,,,,,,,,,,,,grievous bodily harm with intent,,immediate custody
50,,,,premeditation,,,use of weapon,,,,,,,,,less serious injury,,,,,,,,,,,,,,under influence drugs/alcohol,,,,,,,,,,,,,,,,grievous bodily harm with intent,,immediate custody
50,,,,,,,use of weapon,serious injury,,,,mental disorder (related to the offence),,,,,,,,,,,,,,,,,,under influence drugs/alcohol,,,,,,,,,,genuine remorse,,early guilty plea,,,,grievous bodily harm with intent,,immediate custody
50,,,,,,,,,,,,,,,,,,,,,,,,,,,,,,,,,,,,,,,,,,,,,,grievous bodily harm with intent,,immediate custody
50,,,,,,,,serious injury,,,lack of premeditation,,,,,,,,,,,,,,,,,,,,,,,isolated incident,,,,,,,single blow,,,,,grievous bodily harm with intent,,immediate custody
50,,,,,,,,,,,lack of premeditation,,,,,,,,,,,,,,,,,,,under influence drugs/alcohol,,,,,,,,,,genuine remorse,,,,,grievous bodily harm,,,
50,,,,,,,use of weapon,,,,,,,,,less serious injury,,,,,,,,,,,,,,,,lack of maturity,,,,,,,,,,early guilty plea,,,grievous bodily harm,,,
50,,,,,,,use of weapon,serious injury,repeated assault,,,,,,,,,,,,,,,,,,,,,,,,,,,,,,,,,early guilty plea,,,grievous bodily harm,,,immediate custody
50,,,,,,,use of weapon,,repeated assault,,,,,,,,,,,,,,,,,ongoing effect,,,,,,,,,,,,,,,,,,,,grievous bodily harm with intent,,immediate custody
50,,,,,,,,,,,,,,,,,,,,,,,,,,,,,,,,,,,,,,,,,,,,,,grievous bodily harm with intent,,immediate custody
50,,,,,,,,serious injury,,,lack of premeditation,,,,,,,,,,,,,,,,,,,,addressing addiction,,good character,,,,,,,genuine remorse,single blow,,,,grievous bodily harm,,,immediate custody
50,,,,premeditation,,,use of weapon,,,,,,,,,,,,on bail,,,,,,,,,,,,,lack of maturity,,,,,,,,,,early guilty plea,,,grievous bodily harm,,,immediate custody
50,,,,,,,,,,,,,,,,,,,,,,,,,,,,previous violence,,,,,,,,,,,,,single blow,,,,grievous bodily harm,,,
50,,,,,,,,,,,,,,,,,,,,,,,,,,,,,,under influence drugs/alcohol,,,,,,,,,,,,early guilty plea,,,grievous bodily harm,,,
50,deliberate harm,,,,,,,,repeated assault,,,,,,,,,,,,,,,,,,,,,,,,,,,,,,,,,,,,grievous bodily harm,,,
50,,,,,,,use of weapon,,,,,,,,,less serious injury,,,,,,,,,,,,,,under influence drugs/alcohol,,,,,,,,,,,,,,,grievous bodily harm,,,
50,,,,,,,,,,,,,provocation,,,,,,,,,,,,,,,,,,,,,,,,,,,,,,,,grievous bodily harm,,,
51,,,,,,,use of weapon,,repeated assault,,,,,,,,,,,victim forced to leave home,,,,,,,presence of others,,,,,,,,,,,,,,,,,,,,,immediate custody
51,,,,,,,use of weapon,,,,lack of premeditation,,,,,less serious injury,,,,,,,,,,,,,,,,,good character,isolated incident,lapse of time,,,no previous convictions,,genuine remorse,single blow,early guilty plea,,,,,,
51,,,,,,,,,,,,,,,,,,,,,,,,,,,,,,,,,good character,,,,,,,,,,,,,,,
51,,,,,,,,,,personally vulnerable,lack of premeditation,,,,,,,,,,,,,,,,,,,,,,,,,,,,,,,,,,,,,
51,,,,,,vulnerable victim,,serious injury,,personally vulnerable,,,,,,,,,,,,,,,,,,,,,,,,,,,,,,,,,,,,,,
51,,,,,,,,,,,,,,,,,,,,,,,,,,,presence of others,,,,,,good character,,,,,no previous convictions,,genuine remorse,single blow,,,,,,,
51,,,,,,,,,,,,,,,,,,,,,,,,,,,,,,,,,,,,,,,,,,,,,,,,
51,,,,,,,use of weapon,,repeated assault,,,,,,,less serious injury,,,,,,,,location,,,,,timing of the offence,,,,good character,,,,,,,,,,,,,,,
51,,,,,,,use of weapon,serious injury,,,,,,,,,abuse of trust,,,,,,,,,,presence of others,,,,addressing addiction,,,,,,,,,genuine remorse,,early guilty plea,,,,,,
51,,,,,,,,,,,,,,,,,,,,,,,,,,,presence of others,,,,,,good character,isolated incident,,medical condition,,no previous convictions,,,single blow,,,,,,,
51,,,,,,,,,,personally vulnerable,lack of premeditation,,,,,,,,,,,,,,,,,,,,,,good character,isolated incident,,,,,,genuine remorse,single blow,,,,,,,
51,,,,,,,,,,personally vulnerable,,,,,,,,,,,,,,,,,,,,,,,good character,isolated incident,,,,,,genuine remorse,,early guilty plea,,,,,,immediate custody
51,,,,,,,,,,,,,,,,,,,,,,,,,,,,,,,,,good character,,,,,,,,,,,,,,,
51,,,,,,,,,,,,,,,,,,,,,,,,,,,,,,,,,,,,,,,,,,,,,,,,
51,,,,,,,,,,,,,,,,,,,,,,,,,,,,,,,,,,,,,,,,,,,,,,,,
51,,,,,,,,,,,,,,,,,,,,,,,,,,,,,,,,,,,,,,,,,,,,,,,,
51,,,,,,,,,,,,,,,,,,,,,,,,,,,,,,under influence drugs/alcohol,,,,,,,,,,,,,,affray,,,,
51,,,,,,,,,,,,,,,,,,,,,,,,,,,,,,,,,,,,,,,,,,,,affray,,,,
51,,,,,,,,,,,,,,,,,,,,,,,,,,,,,,,,,,,,medical condition,,,,,,,,affray,,,,
51,,,,,,,,,,,,,,,,,,,,,,,,,,,,,,,,,,,,,,,,,,,,affray,,,,
51,,,,,,,,,,,,,,,,,,,,,,,,,,,,,,,,,,,,,,,,,,,,affray,,,,
51,,,,,,,,,,,,,,,,less serious injury,,,,,,,,,,,,,,,,,good character,isolated incident,,,,no previous convictions,,genuine remorse,single blow,,,affray,,,,
51,,,,,,,use of weapon,,,,lack of premeditation,,,,,less serious injury,,,,,,,,,,,presence of others,,,,,,,,,,,,,genuine remorse,,,,affray,,,,immediate custody
51,,,,,,,,,,,,,,,,,,,,,,,,,,,,,,,,,,,,,,,,,,,,affray,,,,
51,,,,,,,,,,,,,,,,,,,,,,,,,,,,,,,,,,,,,,,,,,,,affray,,,,immediate custody
51,,,,,,,,,,,,,,,,,,,,,,,,,,,,,,,,,,,,,,,,,,,,affray,,,,
51,,,,premeditation,,vulnerable victim,use of weapon,serious injury,repeated assault,personally vulnerable,,,,,,,,,,,,,,,,ongoing effect,,,,,,,,,,,,no previous convictions,,,,,,,,,,immediate custody
51,,,leading role gang,premeditation,,,use of weapon,serious injury,,,,,,,,,,,,,,,,location,,,presence of others,,timing of the offence,,,,,,,,,,,,,,,,,,,immediate custody
51,,,,,,,,serious injury,,,lack of premeditation,,,,subordinate role gang,,,,,,,,,location,,,presence of others,,timing of the offence,,,,,,,,,,,,,,,,,,,
51,,,leading role gang,premeditation,,,use of weapon,serious injury,,,,,,,,,,,,,,,,location,,,presence of others,,timing of the offence,,,,,,,,,,,,,,,,,,,immediate custody
51,,,,,,vulnerable victim,,,,personally vulnerable,,mental disorder (related to the offence),,,,,,,,,,,,,,,,,,,,,,,,medical condition,,,,genuine remorse,single blow,,,,,,,
51,,,,,,,use of weapon,,,,,,,,,less serious injury,,,,,,,,,,,presence of others,,,,,,,,,medical condition,mental disability (general),,primary carer,,,early guilty plea,,,,,,
51,,,,,,,,serious injury,,,,,,,,,,,,,,,,,,,,,,,,,,,lapse of time,,,,,,single blow,,,,,,,
51,,,,,,,use of weapon,,repeated assault,,,,,,,less serious injury,,,,,,,,,,,,,,,,,,,,,,,,,,,,,,,,immediate custody
51,,,,,,,use of weapon,serious injury,repeated assault,,lack of premeditation,,,,,,,,,,,,,,,,,,,,addressing addiction,,,,,,,,,,,,,,,,,immediate custody
51,,,,,,,,,,,lack of premeditation,,,,,,,,,,,,,,,,,,,,,,,,,,,,,,,,,,grievous bodily harm,,,
51,,,,,,,,serious injury,,,,,provocation,,,,,,,,,failure to comply with court orders,,,,,,previous violence,,,,,,,,,,,,,single blow,early guilty plea,,,grievous bodily harm,,,immediate custody
51,,,,,,,use of weapon,serious injury,repeated assault,,lack of premeditation,,,,,,,,on bail,,,,,,,,,,,,,,,,,,,,,,,,,,grievous bodily harm,,,immediate custody
51,,,,,,,use of weapon,,,,,,,,,less serious injury,,,,,,,,location,,ongoing effect,,,timing of the offence,under influence drugs/alcohol,,lack of maturity,good character,,lapse of time,,,no previous convictions,,,,,,,grievous bodily harm,,,
51,,,,,,,,serious injury,,,,,,,,,,,,,,,,,,ongoing effect,presence of others,,,,,,,isolated incident,,,,no previous convictions,primary carer,genuine remorse,single blow,,,,grievous bodily harm,,,
51,,,,,,,use of weapon,,,,,,,,,less serious injury,,,,,,,,location,,ongoing effect,,,timing of the offence,under influence drugs/alcohol,,lack of maturity,good character,,lapse of time,,,no previous convictions,,,,,,,grievous bodily harm,,,
51,,,,,,,use of weapon,,,,lack of premeditation,,,,,less serious injury,,,,,,,,,,,,,,under influence drugs/alcohol,,,,isolated incident,,,,no previous convictions,primary carer,genuine remorse,,,,,grievous bodily harm,,,
51,,,,,,,,serious injury,repeated assault,,,,,,,,,,,,,,,location,,ongoing effect,,,,,,,,,,,,,,,,,,,grievous bodily harm,,,immediate custody
51,,,,,,,,,,,lack of premeditation,,,,,,,,,,,,,,,ongoing effect,,,,,,,,,,,,,,,single blow,,,,grievous bodily harm,,,
51,,,,,,,use of weapon,serious injury,,,,,,,,,,,,,,,,location,,ongoing effect,,,timing of the offence,under influence drugs/alcohol,,,,,,,,,,,single blow,,,,grievous bodily harm,,,immediate custody
51,,,,,,,use of weapon,serious injury,,,,,,selfdefence,,,,,,,,,,,,ongoing effect,,,,,addressing addiction,,,,,,,,,,,early guilty plea,,,,grievous bodily harm with intent,,immediate custody
51,,,,,,,,,,,lack of premeditation,,,,,,,,,,,,,,,ongoing effect,presence of others,,,,,,,,,,,,,,,,,,,grievous bodily harm with intent,,immediate custody
51,,,,,,,,serious injury,repeated assault,,lack of premeditation,,,,subordinate role gang,,,,,,,,,location,,ongoing effect,presence of others,,timing of the offence,under influence drugs/alcohol,,,good character,,,,,,,,,,,,,grievous bodily harm with intent,,immediate custody
51,,,,premeditation,,,use of weapon,serious injury,repeated assault,,,,,,,,,,,,,,,location,,ongoing effect,presence of others,,timing of the offence,under influence drugs/alcohol,,lack of maturity,,,,,,no previous convictions,,,,,,,,grievous bodily harm with intent,,immediate custody
51,,,,,,,use of weapon,,,,lack of premeditation,,provocation,,,,,,,,,,,,,,,,,,,,,,,,,,,,,,,,,grievous bodily harm with intent,,immediate custody
51,,,,,,,,,,,,,,,,,,,,,,,,location,,ongoing effect,,,,under influence drugs/alcohol,,,,,,,,,,,,,,,,grievous bodily harm with intent,,immediate custody
51,,,,premeditation,,,use of weapon,serious injury,repeated assault,,,,,,,,,,,,,,,location,,ongoing effect,presence of others,,timing of the offence,under influence drugs/alcohol,,,,,,,,,,,,early guilty plea,,,,grievous bodily harm with intent,,immediate custody
51,,,,,,,,,,,lack of premeditation,,,,,,,,,,,,,,,,presence of others,,,,,,,,,,,,,,,,,,,grievous bodily harm with intent,,immediate custody
51,,,,,,,,,,,,,,,,,,,,,,failure to comply with court orders,,,,,,,,under influence drugs/alcohol,addressing addiction,,,,lapse of time,,,,,,,,,,,,common assault,
51,,,,,,,,,,,,,,,,less serious injury,,,,,,,,,,,presence of others,,,,,,,isolated incident,,,mental disability (general),,,,,,,,,,common assault,
51,deliberate harm,,,,,vulnerable victim,use of weapon,serious injury,repeated assault,personally vulnerable,,,,,,,abuse of trust,,,victim forced to leave home,,,,,,,,previous violence,,under influence drugs/alcohol,,,,,,,,,,,,,,,,,common assault,immediate custody
51,,,,,,,,,,,,mental disorder (related to the offence),,,,less serious injury,,,,,,,,,,,,,,,,,,,,,mental disability (general),,,,,,,,,,common assault,
51,,,,premeditation,,vulnerable victim,,,repeated assault,personally vulnerable,,,,,,,abuse of trust,,,,,failure to comply with court orders,,,,ongoing effect,,,,,,,,,,,,,,,,,,,,,common assault,immediate custody
51,,,,,,,,,,,,,,,,less serious injury,,,,,,,,,,,presence of others,,,,,,,isolated incident,,,,,,,,,,,,,common assault,
51,,,,,,,,,,,,,provocation,,,less serious injury,,,,,,,,,,,,,,,,,,,,,,,,genuine remorse,single blow,early guilty plea,,,,,common assault,
51,,,,,,,,,,,lack of premeditation,,,,,,,,,,,,,,,,,,,,,,,,,,,no previous convictions,,,,,violent disorder,,,,,
52,,,,,,,,,repeated assault,personally vulnerable,,,,,,,abuse of trust,,on bail,,,,,,,,,,,under influence drugs/alcohol,,,good character,,,,mental disability (general),,,genuine remorse,,early guilty plea,,,,,,
52,,,,,,,,,,personally vulnerable,,,,,,less serious injury,,,,,,,,location,,ongoing effect,presence of others,,timing of the offence,under influence drugs/alcohol,,,,,,,,,,,,,,,,,,
52,deliberate harm,,,,,,,,,,lack of premeditation,,,,,less serious injury,,,,,,,,,,,,,,,,,,,,,,,,genuine remorse,,,,,,,,immediate custody
52,,,,,,,use of weapon,,,,,,,,,less serious injury,,,,,,,,,,,presence of others,,,,,,good character,isolated incident,,,,no previous convictions,,genuine remorse,,,,,,,,
52,,,,,,,,,,,,,,,,less serious injury,,,,,failure to respond to warnings,failure to comply with court orders,,location,,ongoing effect,,,,,,,,,,,,,,,,early guilty plea,,,,,,immediate custody
52,,,,premeditation,,,use of weapon,,,,,,provocation,,,less serious injury,,,,,,,,location,,,,,,,,,,isolated incident,,,,no previous convictions,,genuine remorse,,early guilty plea,,,,,,
52,,,,,,,,,repeated assault,,,,,,subordinate role gang,,,,,,,,,,,,,,,,,,,,,,,no previous convictions,,,,,,,,,,
52,,,,,,,use of weapon,serious injury,,,,,,,,,,,,,,,,,,,,,,,,,,,,,,,,,,early guilty plea,,,,,,
52,,,,,,vulnerable victim,use of weapon,,,personally vulnerable,,,,,,,,,,,,,,,,,,previous violence,,,,,,,,,,,,,,,,,,,,immediate custody
52,,,,,,,,,,,lack of premeditation,,,,,less serious injury,,,,,,,,,,,,,,,,,good character,isolated incident,,,,no previous convictions,,genuine remorse,single blow,,,,,,,
52,,,,,,,,,,,,,,,,,,,,,,,,location,,,,,,,addressing addiction,,,,,,,,,,,,,affray,,,,
52,,,leading role gang,,,,,,,,,,,,,,,,on bail,,,failure to comply with court orders,,location,,,,,timing of the offence,,,,,,,,,,,,,early guilty plea,,affray,,,,immediate custody
52,,,,,,,,,,,,,,,,,,,,,,failure to comply with court orders,,location,on licence,,presence of others,,timing of the offence,under influence drugs/alcohol,,,,,,,,,,,,early guilty plea,,affray,,,,immediate custody
52,,,,,,,,,,,,,,,,,,,,,,,,location,,,,,,,addressing addiction,,,,,,,,,,,,,affray,,,,
52,,,,,,,,,,,,,,,,,,,,,,,,,,,,,,,,,,,,,,,,,,,,affray,,,,
52,,,,,,,,,,,,,,,,,,,,,,,,,,,,,,,,,,,,,,,,,,,,affray,,,,
52,,,,,,,use of weapon,,,,,,,,,,,,,,,,,location,,,,,,,,,,,,,,,,,,,,affray,,,,immediate custody
52,,,,,,,,,,,,,,,,,,,,,,,,,,,,,,,,,,,,,,,,,,,,affray,,,,
52,,,,,,,,,,,,,,selfdefence,,,,,,,,,,,,,,,,,,,,,,,,,,genuine remorse,,,,affray,,,,
52,,,,,,,,,,,,,,,,,,,,,,,,,,,,,,,,,,,,,,,,,,,,affray,,,,
52,,,,,,,,,,,,,,,,,,,,,,,,location,,,,,,,addressing addiction,,,,,,,,,,,,,affray,,,,
52,,,,,,,use of weapon,,repeated assault,,,,,,,,,,,,,,,,,,,,timing of the offence,under influence drugs/alcohol,,lack of maturity,,,,,,,,,,early guilty plea,,affray,,,,immediate custody
52,,,,,,,use of weapon,serious injury,,,,,,,,,,,,,,,,location,,ongoing effect,presence of others,,,under influence drugs/alcohol,,,,,,,,,,,,early guilty plea,,affray,,,,immediate custody
52,,,,,,,,serious injury,,,,mental disorder (related to the offence),,,,,,,,,,,,location,,,,,,,addressing addiction,,,,,,mental disability (general),,,,,,,affray,,,,
52,,,leading role gang,,,,,,,,,,,,,,,,,,,failure to comply with court orders,,location,,,,,timing of the offence,,,,,,,,,,,,,early guilty plea,,,,,,immediate custody
52,,,,,,,,serious injury,,,lack of premeditation,,,,,,,,,,,,,,,,presence of others,previous violence,,,,,,,,medical condition,,,,genuine remorse,,,,,,,,immediate custody
52,,,,,,,,serious injury,repeated assault,,lack of premeditation,,provocation,,,,,,,,,,,,,,,,,,,,good character,,,,,no previous convictions,,genuine remorse,,early guilty plea,,,,,,
52,,,,,,,use of weapon,,,,lack of premeditation,,,,,less serious injury,,,,,,,,,,,presence of others,,,,,,,,,,,,,,,,,,,,,immediate custody
52,,,,,,,,,,,,,,,,,,,,,,,,,,ongoing effect,,,,,,,,,lapse of time,,,,,,,early guilty plea,,,,,,
52,,,,,,vulnerable victim,,,repeated assault,personally vulnerable,lack of premeditation,,,,,less serious injury,,,,,,failure to comply with court orders,,,,,presence of others,,,,,,,,,,,,,genuine remorse,,,,,,,,immediate custody
52,,,,,,,,,,,,,,,,less serious injury,,,,,,,,,,,,,,,,,,,,,,,,,,,,,,,,
52,,,,,,,,,,,,,,,,,,,,,,,,,,ongoing effect,,,,,,,,,lapse of time,,,,,,,early guilty plea,,,,,,
52,,,,,,,use of weapon,,repeated assault,personally vulnerable,,,,,,,,,,,,,,location,,,presence of others,,,under influence drugs/alcohol,,,,,,,,,,,,,,,,,,immediate custody
52,,,,,,,,,,,,,,,,,,,,,,,,,,,,,,,,,,,,,,,,,,,,,,,,immediate custody
52,,,,,,,,,repeated assault,,lack of premeditation,,,,,less serious injury,,,,,,,,,,,,,,,,,,,,,,,,,,,,,,,,immediate custody
52,,,,,,,use of weapon,,repeated assault,,,,,,,,,,,,,,,,,,,,,,,,,,,,,,,,,,,,,,,
52,,,,,,vulnerable victim,,,repeated assault,personally vulnerable,,,,,,,abuse of trust,,,,,,,location,,ongoing effect,,previous violence,,under influence drugs/alcohol,,,,,,,,,,,,,,,,,common assault,immediate custody
52,,,,,,,,,,,,,,,,less serious injury,,,,,,failure to comply with court orders,,,,,,,timing of the offence,under influence drugs/alcohol,,,,,,,,,,,single blow,early guilty plea,,,,,common assault,immediate custody
52,,,,,,,,,,,,,,,,,,,,,,,,,,,,,,,,,good character,,,,,,,,,,,,,,common assault,
52,,,,,,,,,,,,,,,,,,,,,,,,,,,,,,,,,,,,,,,,,,,,,,,common assault,
52,,,,,,vulnerable victim,,,repeated assault,personally vulnerable,,,,,,,,,,,,failure to comply with court orders,,location,,,,previous violence,,under influence drugs/alcohol,,,,,,,,,,,,,,,,,common assault,immediate custody
52,,,,,,,,,,,,,,selfdefence,,,,,,,,,,,,,,,,,,,,isolated incident,,,,no previous convictions,,genuine remorse,,,,,,,common assault,
52,,,,,,,,,repeated assault,,,,,,,,,,,victim forced to leave home,,,,,,,presence of others,,,,,,,isolated incident,,,,no previous convictions,,,,early guilty plea,,,,,common assault,
52,,,,,,,,,,,,,provocation,,,,,,,,,,,,,,,,,,,,good character,,,,,no previous convictions,,genuine remorse,single blow,early guilty plea,,,,,common assault,
52,,,,,,,use of weapon,serious injury,repeated assault,personally vulnerable,,,,,,,,,,,failure to respond to warnings,,,,,,,,,under influence drugs/alcohol,,,,,,,,no previous convictions,,,,,,,grievous bodily harm,,,immediate custody
52,,,,,,,,serious injury,,,lack of premeditation,,,,,,,,,,,,,,,ongoing effect,,,,under influence drugs/alcohol,addressing addiction,,,,lapse of time,,,,,,single blow,,,,grievous bodily harm,,,immediate custody
52,,,,,,,,,,,,,,selfdefence,,less serious injury,,,,,,,,,,,,,,,,,good character,,,,,,,genuine remorse,,,,,,grievous bodily harm with intent,,immediate custody
52,,,,,,,use of weapon,serious injury,,,lack of premeditation,,,,,,,,,,,,,,,ongoing effect,,,,under influence drugs/alcohol,,,,,,,,,,,single blow,,,,,grievous bodily harm with intent,,immediate custody
52,deliberate harm,,,,,,use of weapon,,repeated assault,,,,,,,,,,,,,,,,,ongoing effect,,,,,,,,,,,,no previous convictions,,,,early guilty plea,,,,grievous bodily harm with intent,,immediate custody
52,,,,,,,use of weapon,,,,lack of premeditation,,,,,,,,,,,,,location,,,,,,,,lack of maturity,,,,,,,,,single blow,,,,grievous bodily harm,,,immediate custody
52,,,,,,,,,,,,,,,,less serious injury,,,,,,,,,,,,,,,,,good character,,,medical condition,mental disability (general),no previous convictions,,genuine remorse,,,,,grievous bodily harm,,,
52,,,,,,,,,repeated assault,personally vulnerable,,,,,,,abuse of trust,,,,,,,,,,,,,,,,good character,,,,,no previous convictions,,genuine remorse,,early guilty plea,,,grievous bodily harm,,,immediate custody
52,,,,,,,use of weapon,serious injury,repeated assault,,,,,,,,,,on bail,,,,,location,,ongoing effect,presence of others,,timing of the offence,,,,,,,,,,,,,,,,grievous bodily harm,,,immediate custody
52,,,,,,,use of weapon,serious injury,,,,,,,,,,,on bail,,,,,,,,,,,under influence drugs/alcohol,,,,,,,,,,genuine remorse,single blow,,,,grievous bodily harm,,,immediate custody
52,,,leading role gang,,,,use of weapon,serious injury,repeated assault,personally vulnerable,,,,,,,,,,,,,,,,,,,,under influence drugs/alcohol,,,,,,,,,,,,,,,grievous bodily harm,,,immediate custody
52,,,,,,,,,,,lack of premeditation,,,,,,,,,,,,,,,,,,,,,lack of maturity,good character,isolated incident,,,,no previous convictions,,,single blow,,,,grievous bodily harm,,,
53,,,,,,,,serious injury,,,lack of premeditation,,,,,,abuse of trust,,,,,,,,,,,,,,,,good character,,,medical condition,,no previous convictions,,,single blow,early guilty plea,,,,,,
53,,,,,,,,,,,,,,,subordinate role gang,,,,,,,failure to comply with court orders,,,,,,,,,,,,,,,,,,,,,,,,,,immediate custody
53,,,,,,,use of weapon,,repeated assault,,,,,,,less serious injury,,,,victim forced to leave home,,,,location,on licence,,,,,,,,,,,,,,,genuine remorse,,early guilty plea,,,,,,immediate custody
53,,,,,,,,,,,lack of premeditation,,provocation,selfdefence,,less serious injury,,,,,,,,,,,,,,under influence drugs/alcohol,addressing addiction,,,,,,,,,genuine remorse,,,,,,,,
53,,,,,,vulnerable victim,use of weapon,,,personally vulnerable,,,,,,,,,,,,failure to comply with court orders,,location,,,,previous violence,,,,,,,,,,,,,,,,,,,,immediate custody
53,,,,,,,,,,,lack of premeditation,,provocation,selfdefence,,,,,,,,,,,,ongoing effect,,,,,,,,,lapse of time,,,,,genuine remorse,,,,,,,,
53,,,,,,,,,repeated assault,personally vulnerable,,,,,,less serious injury,,,,victim forced to leave home,,,,,,,,,,,,,,,,,,no previous convictions,,,,,,,,,,
53,,,leading role gang,,,,,,,,,,,,,,,,,,,,,,,,,previous violence,,,,,,,,,,,,,,,,,,,,
53,,,,,,,,,repeated assault,,,,,,,,,,,,failure to respond to warnings,,,location,,,presence of others,,,under influence drugs/alcohol,,,,,,,,,,genuine remorse,,,,affray,,,,immediate custody
53,,,,,,,,,repeated assault,,,,,,,,,,,,failure to respond to warnings,,,location,,,presence of others,,,under influence drugs/alcohol,,,,,,,,no previous convictions,,genuine remorse,,,,affray,,,,immediate custody
53,,,,,,,,,repeated assault,,,,,,,,,,,,failure to respond to warnings,,,location,,,presence of others,,,under influence drugs/alcohol,,,,,,,,no previous convictions,,genuine remorse,,,,affray,,,,immediate custody
53,,,leading role gang,,,,,,,,,,,,,,,,,,,,,location,,,presence of others,,,,,,,,,,,,,,,,,affray,,,,immediate custody
53,,,,,,,,,,,,,,,,,,,,,,,,,,,,,,,,,,,,,,,,,,,,affray,,,,immediate custody
53,,,,,,vulnerable victim,,serious injury,,,,,,,,,,,,,,failure to comply with court orders,,,,,,,,,,,,,,,,,,,,early guilty plea,,affray,,,,immediate custody
53,,,,,,,use of weapon,serious injury,repeated assault,,,,,,,,,,,,,,,,,ongoing effect,,,,under influence drugs/alcohol,,,,,,,,,,,,,,affray,,,,immediate custody
53,,,,,,,use of weapon,,,,,,,,,less serious injury,,,,,,,,,,,,,,under influence drugs/alcohol,addressing addiction,,,,,,,,,genuine remorse,,,,,,,,
53,,,,,,,use of weapon,,repeated assault,personally vulnerable,,,,,,,abuse of trust,,,,,,,,,,,previous violence,,under influence drugs/alcohol,,,,,,,,no previous convictions,,,,early guilty plea,,,,,,
53,,,,,,,,serious injury,,,lack of premeditation,,,selfdefence,,,,,,,,,,,,,presence of others,,,,,,,,,,,no previous convictions,,,,,,,,,,
53,,,,,,,,,repeated assault,personally vulnerable,,,,,,,,,,,,,,location,,,presence of others,,,,,,,,,,,,,,,,,,,,,immediate custody
53,,,,,,,use of weapon,serious injury,,,lack of premeditation,,,,,,,,,,,,,location,,,,,timing of the offence,under influence drugs/alcohol,,,,,,,,no previous convictions,primary carer,genuine remorse,single blow,early guilty plea,,,,,,
53,,,,premeditation,,,,serious injury,repeated assault,,,,,,,less serious injury,,,,,,,,location,,ongoing effect,presence of others,,timing of the offence,,,,,,,,,no previous convictions,,,,,,,,,,immediate custody
53,,,,,,,use of weapon,serious injury,,,,,,,,,,,,,,,gratuitous degradation,,,,,,,,,,,,,,,no previous convictions,,,,,,,grievous bodily harm,,,immediate custody
53,,,,,,,,serious injury,,,,,,,,,,,,,,failure to comply with court orders,,,on licence,ongoing effect,,,,under influence drugs/alcohol,,,,,,,,,,,single blow,early guilty plea,,,grievous bodily harm,,,immediate custody
53,,,,,,,,serious injury,,personally vulnerable,lack of premeditation,,,,,,,,,,,,,location,,ongoing effect,,,,,,,good character,isolated incident,,,,no previous convictions,,genuine remorse,,,,,grievous bodily harm,,,
53,,,,,,,,,,,lack of premeditation,,,,,less serious injury,,,,,,,,,,,,,,,addressing addiction,,,,,,,,,,single blow,,,,grievous bodily harm,,,
53,,,,,,,,,,,,,,,,,,,,,,,,,,,,,,,,,,,,,,no previous convictions,,,,early guilty plea,,,grievous bodily harm,,,
53,,,,,,,,,,,lack of premeditation,,,,,less serious injury,,,,,,,,,,,,,,,,,good character,,,,,no previous convictions,,genuine remorse,,early guilty plea,,,grievous bodily harm,,,
53,,,,,,,,,repeated assault,,,,,,,,,,,,,,,location,,,presence of others,,,,,lack of maturity,good character,,lapse of time,,,no previous convictions,,genuine remorse,,early guilty plea,,,,grievous bodily harm with intent,,immediate custody
53,,,,,,,,serious injury,,,,,,,,,,,,,,,,,,,,,,,,,,isolated incident,,,,,,genuine remorse,single blow,early guilty plea,,,grievous bodily harm,,,
53,,,,,,,use of weapon,,,,,,,,,less serious injury,,,,,,,,,,,,,timing of the offence,,,,,,,,,no previous convictions,,,,,,,,grievous bodily harm with intent,,immediate custody
53,,,,,,,use of weapon,serious injury,,,lack of premeditation,,,,,,,,,,,,,location,,ongoing effect,,,timing of the offence,under influence drugs/alcohol,,lack of maturity,good character,isolated incident,,,,no previous convictions,,genuine remorse,single blow,,,,,grievous bodily harm with intent,,immediate custody
53,,,,premeditation,,,,,,,,,,,,,,,,,,,,,,,,previous violence,,under influence drugs/alcohol,addressing addiction,,,isolated incident,,,,,,,,early guilty plea,,,,,common assault,
53,,,,,,,,,,,,,,,,,,,,,,,,,,,,,,,,,,isolated incident,,,,,,,single blow,,,,,,common assault,
59,,,,,,,,,repeated assault,,lack of premeditation,,,,,,,,,,,,,,,,,,,under influence drugs/alcohol,,lack of maturity,,isolated incident,,,,no previous convictions,,,,,,,,,,immediate custody
59,,,,premeditation,,,,serious injury,,,,,,,,,,,,,,,,,,,,,,,,lack of maturity,,,,,,no previous convictions,,,single blow,early guilty plea,,,,,,immediate custody
59,,,,,,,use of weapon,,repeated assault,,,,,,subordinate role gang,less serious injury,,,,,,,,,,,,,,under influence drugs/alcohol,,,,,,medical condition,,,,,,,,,,,,
59,,,,,,,,,,,lack of premeditation,,provocation,,,less serious injury,,,,,,,,,,,,,,under influence drugs/alcohol,,,,,,,mental disability (general),no previous convictions,,,,,,,,,,
59,,,,,,,use of weapon,,repeated assault,,,,,,,less serious injury,,,,,,,,,,,,,,,,,good character,,,,,,primary carer,genuine remorse,,,,,,,,
59,,,,,,,use of weapon,,,,lack of premeditation,,,,,less serious injury,,,,,,,,location,,,presence of others,,,,,,good character,isolated incident,,,,no previous convictions,,genuine remorse,,early guilty plea,,,,,,
59,,,,,,,,,,,lack of premeditation,,,,,less serious injury,,,,,,,,,,,,,,,,,,,,,,,,,,,,,,,,
59,,,,,,,use of weapon,,,,lack of premeditation,,,,,,,,,,,,,location,,,,,,under influence drugs/alcohol,,,,,,,,,,genuine remorse,,early guilty plea,,,,,,
59,,,,,,,,,,,lack of premeditation,,,,,less serious injury,,,,,,,,,,,,,,,,,,isolated incident,,,,,,genuine remorse,,,,,,,,
59,,,,,,,,,,,,,,,,,,,,,,,,,,,,,,,,,,,,,,,,,,,,affray,,,,
59,,,,,,,,,,,,,,,,,,,,,,,,,,,,,,,,,,,,,,,,,,early guilty plea,,affray,,,,
59,,,,,,,,,,,,,,,,,,,,,,,,,,,,,,,,,good character,,,,,,,,,,,affray,,,,
59,,,,,,,,,,,,,provocation,,,less serious injury,,,,,,,,,,,,,,,,,good character,isolated incident,,,,,,,,early guilty plea,,,,,common assault,
59,,,,,,,use of weapon,,repeated assault,,,,,,subordinate role gang,less serious injury,,,,,,,,,,,,,,under influence drugs/alcohol,,,,,,,,no previous convictions,,genuine remorse,,,,,,,,
59,,,,,,,use of weapon,,repeated assault,,,,,,,less serious injury,,,,,,,,,,,,,,,,,,,,,,,primary carer,,,,,,,,,
59,,,,,,,,,,,,,,,,,,,on bail,,,,,,,,,,,,,,,,,,,,,genuine remorse,,early guilty plea,,,,,,immediate custody
59,,,,,,,use of weapon,,repeated assault,,,,,,,,,,,,,,,,,,,,,,,,,,,,,,,,,,,,,,,immediate custody
59,,,,,,,,serious injury,,,,,,selfdefence,,,,,,,,,,,,ongoing effect,,,,,,,good character,,,,,no previous convictions,,genuine remorse,single blow,,,,,,,immediate custody
59,,,,,,,,,repeated assault,,,,,,,,,,,,,,,,,,,,,,,,good character,,,,,no previous convictions,,,,,,,,,,
59,,,,,,,use of weapon,,,,lack of premeditation,,,,,,,,,,,,,location,,,,,,under influence drugs/alcohol,,,,,,,,,,genuine remorse,,early guilty plea,,,,,,
59,,,,,,vulnerable victim,,,,,,,,,,,abuse of trust,,,,,,,,,,,,,,,,good character,isolated incident,,,,no previous convictions,primary carer,,,,,,,,,immediate custody
59,,,,premeditation,,,use of weapon,,,,,,,,,less serious injury,,,on bail,,,,,,,,,,,,,,,,,,,,,,,,,,,,,immediate custody
59,,,,,,,,,,,,,,,,,,,,,,,,,,,,,,,,lack of maturity,good character,,,,,,primary carer,,single blow,,,,,,,
59,,,,,,,,,,,,,,,,,,,,,,,,,,,,,,,,,,,,,,,,,,,,,,,,
59,,,,,,,,,,,,,,,,,,,,,,,,,,,,,,,,,,,,,,,,,,,,,,,common assault,
59,,,,,,,,,,,,,,,,,,,,,,,,,,,,,,,,,,,,,,,,,single blow,,,,,,common assault,
59,,,,,,,,,,,,,,,,,,,,,,,,,,,,,,,,,,,,,,,,,,,,,,,common assault,
59,,,,,,,,,,,,,,,,,,,,,,,,,,,,,,,,,,,,,,,,,single blow,,,,,,common assault,
59,,,,,,,use of weapon,,,,,,,,,,,,,,,,,,,,,previous violence,,,,,,,,,,,,,,,,,,,common assault,
59,,,,,,,,,,,,,,,,,,,,,,,,,,,,,,,,,,,,,,,,,,,,,,grievous bodily harm with intent,,immediate custody
59,,,,,,,use of weapon,serious injury,,,,,,,,,,,,,,,,,,ongoing effect,,,,,,,,,,,,no previous convictions,,,single blow,,,,,grievous bodily harm with intent,,immediate custody
59,,,,premeditation,,,use of weapon,serious injury,,,,,,,,,,,,,,,,,,,,,,,,lack of maturity,,,,,,no previous convictions,,,,,,,,grievous bodily harm with intent,,immediate custody
59,,,leading role gang,premeditation,,,use of weapon,,repeated assault,,,,,,,,,,,,,,,location,,ongoing effect,,,,under influence drugs/alcohol,,,,,,,,,,,,,,,,grievous bodily harm with intent,,immediate custody
59,,,,,,,,,,,lack of premeditation,,,,,less serious injury,,,,,,,,,,,,,,,,,,,,,,no previous convictions,,,single blow,,,,,grievous bodily harm with intent,,immediate custody
59,,,,,,,use of weapon,serious injury,repeated assault,,,,,,,,,,,,,,,,,,,,,,,,,,,,,,,,,early guilty plea,,,,grievous bodily harm with intent,,immediate custody
59,,,leading role gang,,,,,,repeated assault,,,,,,,,,,,,,,,location,,,,,,,,,,,,,,no previous convictions,,,,,,,grievous bodily harm,,,immediate custody
59,,,,,,,,,,,lack of premeditation,,,,,,,,,,,,,,,,,,,,,,,isolated incident,,,,no previous convictions,,genuine remorse,,,,,grievous bodily harm,,,
59,,,,,,,use of weapon,serious injury,,,,,,,,,,,,,,,,,,ongoing effect,,,,under influence drugs/alcohol,,,,,,,,,,,,,,,,grievous bodily harm with intent,,immediate custody
59,,,leading role gang,premeditation,,,use of weapon,,repeated assault,,,,,,,,,,,,,,,,,,,,,,,,,,,medical condition,,no previous convictions,,,,early guilty plea,,,,grievous bodily harm with intent,,immediate custody
59,,,,,,,,,,,,,,,,,,,,,,,,,,,,,,,,,,,,,,,,,,,,,grievous bodily harm,,,
59,,,,premeditation,,,use of weapon,,repeated assault,,,,,,,,,,on bail,,,,,,,ongoing effect,presence of others,,,under influence drugs/alcohol,,,,,,medical condition,,,,,,,,,,grievous bodily harm with intent,,immediate custody
59,,,leading role gang,premeditation,,,use of weapon,,repeated assault,,,,,,,less serious injury,,,,,,,,location,,,presence of others,,,,,,,,,,,,,genuine remorse,,,,,,grievous bodily harm with intent,,immediate custody
59,,,,premeditation,,,use of weapon,serious injury,repeated assault,,,,,,,,,,,,,,,,,,,,,,,,,,,,,,,,,,,,,grievous bodily harm with intent,,immediate custody
59,,,leading role gang,premeditation,,,use of weapon,,repeated assault,,,,,,,,,,,,,,,,,,,,,,,,good character,,,,,no previous convictions,,,,,,,,grievous bodily harm with intent,,immediate custody
59,,,,,,,,serious injury,,,lack of premeditation,,,,,,,,,,,,,,,,,,,,,,good character,,,,,no previous convictions,,genuine remorse,,,,,grievous bodily harm,,,
59,,,,,,,,,,,lack of premeditation,,,,,less serious injury,,,on bail,,,,,,,,,,,,addressing addiction,lack of maturity,,,,,,,,genuine remorse,single blow,early guilty plea,,,grievous bodily harm,,,
59,,,,,,,,,,,lack of premeditation,,,,,less serious injury,,,,,,,,,,,,,,,,lack of maturity,good character,isolated incident,lapse of time,,,no previous convictions,,,single blow,,,,,grievous bodily harm with intent,,immediate custody
59,,,,,,,,serious injury,,,,,provocation,selfdefence,,,,,,,,,,,,,,,,under influence drugs/alcohol,,,,,,,,no previous convictions,,genuine remorse,,,,,grievous bodily harm,,,
59,deliberate harm,,,,,,,,repeated assault,,,,,,,,abuse of trust,,,,,,,location,,ongoing effect,,,,under influence drugs/alcohol,,,,,,,,,,,,,,,grievous bodily harm,,,immediate custody
59,,,,,,,,,,,,,,,,,,,,,,,,,,,,,,,,,,,,,,,,,,,,,grievous bodily harm,,,
59,,,,,,,,,,,lack of premeditation,,,,,,,,,,,,,,,,,,,,,,,isolated incident,,,,,,genuine remorse,single blow,early guilty plea,,,grievous bodily harm,,,
59,,,,,,,,serious injury,,,lack of premeditation,,,,,,,,,,,,,,,,,,,,,,,,,,,,,,single blow,,,,grievous bodily harm,,,immediate custody
59,,,,,,,use of weapon,,,,lack of premeditation,mental disorder (related to the offence),,,,,,,,,,,,,,,,,,,,,,,,,mental disability (general),,,genuine remorse,single blow,early guilty plea,,,grievous bodily harm,,,
59,,,,,,,,serious injury,,,,,,,,,,,,,,,,,,ongoing effect,,,,under influence drugs/alcohol,,,,,,,,,,,,,,,grievous bodily harm,,,immediate custody
54,,,,,,,,,,,lack of premeditation,,,,,less serious injury,,,,,,,,location,,,,,,,,,,,,,,no previous convictions,,genuine remorse,single blow,early guilty plea,,,,,,
54,,,,,,,,,,,,,,selfdefence,,,,,,,,,,,,,,,,,,,,,,,,,,,,,,,,,,
54,,,,,,,,,,,lack of premeditation,,,,,,,,,,,,,,,,,,,,,,,,,medical condition,,,,genuine remorse,,,,,,,,
54,,intent more harm,,premeditation,,,,serious injury,repeated assault,,,,,,,,,,,,,,,location,,ongoing effect,,previous violence,,,,,,,,,,,,,,,,,,,,immediate custody
54,,,,,,,use of weapon,,,,,,,,,less serious injury,,,,,,,,,,,,,,,,,,,,,,,,,,,,,,,,
54,,,,,,,,,,,,,,,,,,,,,,,,,,,,,,,,,,,,,,,,,,,,,,,,
54,,,,,,,,,,,,,provocation,,,,,,,,,,,,,,,previous violence,,,,,,,,,,,,genuine remorse,single blow,,,,,,,
54,,,,,,,use of weapon,,,,,,,,,,,,,,,,,location,,,,,,,,,,,,,,,,,,,,,,,,immediate custody
54,,intent more harm,,,,,use of weapon,,,,,,,,,less serious injury,,,,,,,,location,,,,,,under influence drugs/alcohol,,,,,,,,,,,,,,,,,,immediate custody
54,,,,,against race/religion,,use of weapon,,,,lack of premeditation,,,,,less serious injury,,against public worker,,,,,,,,,,previous violence,,under influence drugs/alcohol,,,,,,,,,,,,,,,,,,immediate custody
54,,,,,,,,serious injury,repeated assault,,,,,,,,,,,,,,,location,,ongoing effect,,,,,,,,,,,,no previous convictions,,genuine remorse,,,,,,,,
54,,,,premeditation,,,,,repeated assault,personally vulnerable,,,,,,,abuse of trust,,on bail,victim forced to leave home,,,,,on licence,,,,,,,,,,,,,,,,,,,,,,,immediate custody
54,,,,,,,,,,,,,,,subordinate role gang,,,,,,,,,,,,,,,,,,,,,,,,,,,,,,,,,immediate custody
54,,,,,,,use of weapon,,,personally vulnerable,,,,,,less serious injury,,against public worker,,,,,,,,,,,,,,,,,,,,no previous convictions,,genuine remorse,,,,,,,,
54,,,,,,vulnerable victim,,,,,,,,,,less serious injury,,,,,,,,,,,,,,under influence drugs/alcohol,,,,,,,,,,,,early guilty plea,,,,,,immediate custody
54,,,,,,,use of weapon,,,,,,,,,less serious injury,,,,,,,,,,,,,,under influence drugs/alcohol,,,,,,,,no previous convictions,,,,early guilty plea,,,,,,immediate custody
54,,,,,,,use of weapon,,,,,,,,,less serious injury,,,,,,,,location,,,,,,under influence drugs/alcohol,,,,,,,,,,,,,,,,,,immediate custody
54,,,,,,,,,,,,,,,,,,,,,,failure to comply with court orders,,,,,,,,under influence drugs/alcohol,,,,,,,,,,,,early guilty plea,,,,,,immediate custody
54,,,,,,,,,,,,,,,,,,,,,,,,,,,,,,,,lack of maturity,good character,isolated incident,,,,no previous convictions,,genuine remorse,,early guilty plea,,,,,,
54,,,,,,,use of weapon,,,,,,,,,,,,,,,,,,,,presence of others,,,under influence drugs/alcohol,,,,,,,,no previous convictions,,,,early guilty plea,,,,,,immediate custody
54,,,,,,,use of weapon,,repeated assault,,,,,,,,,,,,,,,,,ongoing effect,,,,,,,,,,,,no previous convictions,,genuine remorse,,early guilty plea,,,,,,immediate custody
54,,,,,,,,,,,,,,selfdefence,,,,,,,,,,location,,,,,,under influence drugs/alcohol,,,,,,,,no previous convictions,,,,early guilty plea,,,,,,
54,,,,,,,use of weapon,,,,,,,,,,,,,,,,,location,,,,,,,,,,,,,,no previous convictions,,,,,,,,,,immediate custody
54,,,,,,,,,repeated assault,,,,,,,less serious injury,,,,,,,,,,,,,,,,,,,,,,,,,,,,,,,,
54,,,,,,,,,,,lack of premeditation,,,,,less serious injury,,,,,,,,location,,,,,,under influence drugs/alcohol,,,,,,,,,,,,early guilty plea,,,,,,
54,,,,,,,,,,,,,,,,less serious injury,,,,,,,,,,,,,,,,,,,,,,,,,,,,,,,,
54,,,,,,,use of weapon,,repeated assault,,,,,,,,,,,,,,,,,ongoing effect,,,,,,,,,,,,no previous convictions,,genuine remorse,,early guilty plea,,,,,,immediate custody
54,,,,,,,use of weapon,,,,,,,,,,,,,,,,,location,,,,,,under influence drugs/alcohol,,,good character,,,,,no previous convictions,,,,early guilty plea,,,,,,immediate custody
54,,,,,,,,,,,,,,,,,,,,,,,,,,,,,,,,,,,,,,no previous convictions,,,,,,,,,,immediate custody
54,,,,,,,,,,,lack of premeditation,,,,,less serious injury,,,,,,,,,,,,,,,,,,,,,,no previous convictions,,,single blow,early guilty plea,,,,,,
54,,,,,,,,serious injury,repeated assault,personally vulnerable,,,,,,,,,,,,,,location,,,,previous violence,timing of the offence,,,lack of maturity,,,,,,,,,,early guilty plea,,,,,,immediate custody
54,,,,,,,use of weapon,,,,,,,,,,,,,,,,,,,,,,,under influence drugs/alcohol,,,good character,,,,,no previous convictions,,,,,,,,,,immediate custody
54,,,,,,,,,,,,,,,,,,,,,,,,,,,,,,,,,,,,,,,,,,,,,,,,
54,,,,,,,use of weapon,serious injury,,,,,,,,,,,,,,,,location,,ongoing effect,presence of others,,,under influence drugs/alcohol,,,,isolated incident,,,,no previous convictions,,,,early guilty plea,,,,,,immediate custody
54,,,,,,,,,,,,,,,,,,,,,,,,,,,,,,,,,,,,,,,,,,,,,,,,
54,,,,,,,,,,,,,,,,,,,,,,,,,,,,,,,,,,,,,,,,,,,,,,,,
54,,,,,,,,,,,,,,,,,,,,,,,,,,,,,,,,,,,,,,,,,,,,,,,,immediate custody
54,,,,,,,,,repeated assault,,lack of premeditation,,,,,less serious injury,,,,,,,,,,,,,,under influence drugs/alcohol,,,,,,,,,,,,,,,,,,immediate custody
54,,,,,,,,,repeated assault,,lack of premeditation,,,,,less serious injury,,,,,,,,,,,,,,under influence drugs/alcohol,addressing addiction,,,,,,,,,,,,,,,,,immediate custody
54,,,,,,,,,,,,,,,,,,,,,,,,,,,,,,,,,,,,,,,,genuine remorse,single blow,early guilty plea,,,,,,
54,,,,,,,,,,,lack of premeditation,,,,,less serious injury,,,,,,,,,,,,,,,,,,,,,,,,,,early guilty plea,,,,,,
54,,,,,,,,,,,,,,,,,,,,,,,,,,,,,,,,,,,,,,,,,,,,,,,,immediate custody
54,,,,,,,use of weapon,,,,,,,selfdefence,,,,,,,,,,,,,,,,,,,,,,,,,,,,early guilty plea,,,,,,
54,,,leading role gang,,,,,,repeated assault,,lack of premeditation,,,,,less serious injury,,,,,,,,,,,,,,under influence drugs/alcohol,addressing addiction,,,,,,,,,,,,,,,,,immediate custody
54,,,,,,,,,,,,,,,,,,,,,,,,,,,,,,,,,,,,,,,,,,early guilty plea,,,,,common assault,immediate custody
54,,,,,,,,,,,lack of premeditation,,,,,less serious injury,,against public worker,,,,,,,,,presence of others,,,under influence drugs/alcohol,,,,isolated incident,,,,,primary carer,genuine remorse,,early guilty plea,,,,,common assault,
54,,,,,,,,,,,,,,,,,,,,,,,,,,,,,,,,,,,,,,,,,,,,affray,,,,
54,,,,,,,,,,,,,,,,,,,,,,,,,,,,,,,,,,,,,,no previous convictions,,,,,,affray,,,,
54,,,,,,,,,,,,,,,,,,,,,,,,,,,,,,,,,,,,,,no previous convictions,,,,,,affray,,,,
54,,,,,,,,,,,,,,,,,,,,,,,,,,,,,,,,,,,,,,no previous convictions,,,,,,affray,,,,
54,,,leading role gang,premeditation,,,,,repeated assault,personally vulnerable,,,,,,,,,,,,,,,,ongoing effect,,,,,,,,,,,,,,,,,,affray,,,,immediate custody
54,,,,,,,,,,,,,,,,,,,,,,,,,,,,,,,,,,,,,,no previous convictions,,,,,,affray,,,,
54,,,,,,,use of weapon,,,,,,provocation,,,less serious injury,,,,,,,,location,,,presence of others,,,,,,,,,,,,,,,,,affray,,,,immediate custody
54,,,,,,,,,,,,,,,,,,,,,,,,,,,presence of others,,,under influence drugs/alcohol,,,,,,,,,,,,,,affray,,,,immediate custody
54,,,,,,,use of weapon,,,,,,,,,,,against public worker,,,,,,location,,,presence of others,,,under influence drugs/alcohol,,,,,,,,,,,,early guilty plea,,affray,,,,immediate custody
54,,,,,,,,,,,,,,,,,,,,,,failure to comply with court orders,,,on licence,,presence of others,,,,,,,,,,,,,,,,,affray,,,,immediate custody
54,,,,,,,,,,,,,,,,,,,,,,,,location,,,presence of others,previous violence,,,,,,,,,,,,,,,,affray,,,,immediate custody
54,,,,,,,,,,,,,,,,less serious injury,,against public worker,,,,,,,,,,,,,,,,,,medical condition,mental disability (general),,,genuine remorse,single blow,early guilty plea,,affray,,,,
54,,,,,,,,,,,,,,,,,,,,,,,,,,,,,,,,,,,,,,,,,,,,affray,,,,
54,,,,,,,,,,,lack of premeditation,mental disorder (related to the offence),,,,,,,,,,,,,,,,,,,,,,,,,,,,,,,,affray,,,,
54,,,,,,,,,,,,,,,,,,,,,,,,,,,,,,,,,,,,,,,,,,,,affray,,,,immediate custody
54,,,,,,,,,,,,,,,,,,,,,,,,,,,,previous violence,,,,,,,,,,,,,,,,affray,,,,
54,,,,,,,,,,,,,,,,,,,,,,,,location,,,,,timing of the offence,under influence drugs/alcohol,,,,,lapse of time,,,,,,,,,affray,,,,
54,,,,,,,,,,,,,,,,,,,,,,,,,,,,,,,,lack of maturity,,,,,,no previous convictions,,,,early guilty plea,,affray,,,,
54,,,,,,,,,,,,,,,,,,,,,,,,,,,,,,,,lack of maturity,,,,,,no previous convictions,,,,early guilty plea,,affray,,,,
54,,,,,,,,,,,,,,,,,,,,,,,,,,,,,,,,,,,,,,,,,,,,affray,,,,immediate custody
54,,,,,,,,,,,,,,,,,,,,,,,,,,,,,,,,,,,,,,,,,,,,affray,,,,
54,,,leading role gang,,,vulnerable victim,,,,personally vulnerable,,,,,,,,,,,,,,,,,,,,,,,,,,,,,,,,,,affray,,,,immediate custody
54,,,,,,,,,,,,,,,,,,,,,,,,,,,,,,,,,,,,,,no previous convictions,,,,,,affray,,,,
54,,,,,,,,,,,,,,,,less serious injury,,,,,,,,,,,,,,,,,,,,,,,,genuine remorse,single blow,,,affray,,,,immediate custody
54,,,,,,,,,,,,,,,,,,,,,,,,,,,,,,,,,,,,,,,,genuine remorse,,,,affray,,,,
54,,,,,,,,,,,,,,,,,,,,,,,,,,,,,,,,,,,,,mental disability (general),,,,,,,affray,,,,
54,,,,,,,use of weapon,,,,,,,selfdefence,,,,,on bail,,,failure to comply with court orders,,,,,,,,under influence drugs/alcohol,,,,,,,,,,,,,,affray,,,,immediate custody
54,,,,,,,,,,,,,,,,,,,,,,,,,,,,,,,,,,,,,,,,,,early guilty plea,,affray,,,,
54,,,,,,,use of weapon,,,,,,provocation,,,less serious injury,,,,,,,,,,,,,,,,,,,,,,,,,,,,affray,,,,immediate custody
54,,,,,,,,,,,lack of premeditation,mental disorder (related to the offence),,,subordinate role gang,,,,,,,,,,,,,,,,,,,,,,mental disability (general),,,genuine remorse,,early guilty plea,,affray,,,,
54,,,,,,,,,,,,,,,subordinate role gang,less serious injury,,,,,,,,,,,,,,,,,,,,,,,,,,,,affray,,,,immediate custody
54,,,,,,,,,,,lack of premeditation,,,,,,,,,,,,,,,,,,,under influence drugs/alcohol,,,,,,,,no previous convictions,,,,,,affray,,,,
54,,,,,,,,,,,,mental disorder (related to the offence),,,,,,,,,,,,,,,,,,under influence drugs/alcohol,,,,,,,mental disability (general),,,,,,,affray,,,,
54,,,,,,,,,,,,,,,,,,,,,,,,,,,,,,,,,,,,,,,,,,early guilty plea,,affray,,,,
54,,,,,,,,,,,,,,,,,,,,,,,,,,,,,,,,,,isolated incident,,,,no previous convictions,,,,early guilty plea,,affray,,,,
54,,,,,,,,,,,,,,,,,,,,,,,,location,,,,,timing of the offence,under influence drugs/alcohol,,,,,lapse of time,,,,,,,early guilty plea,,affray,,,,
54,,,,,,,,,,,,,,,,,,,,,,,,,,,,,,,,,,,,,,,,,,,,affray,,,,immediate custody
54,,,,,,,,,,,,,,,,,,,,,,,,,,,,,,,,,,,,,,,,,,,,affray,,,,
54,,,,,,,,,,,,,,,,,,,,,,,,,,,,,,,,,,,,,,,,,,,,affray,,,,
54,,,,,,,,,,,,,,,,,,,,,,,,,,,,,,,,,,,,,,,,,,,,affray,,,,
54,,,,,,,,,,,,,,,,,,,,,,,,,,,,,,,,,,,,,,,,,,,,affray,,,,immediate custody
54,,,,,,,,,,,,,,,,,,,,,,,,,,,,,,,,,,,,,,no previous convictions,,,,,,,,,,
54,,,,,,,,,,,,,,,,,,,,,,,,,,,,,,,,,,,,,,,,,,,,affray,,,,
54,,,,,,,,,,,,,,,,,,,,,,,,,,,,,,,,,,,,,,,,,,,,affray,,,,immediate custody
54,,,,,,,,,,,,,,,,,,,,,,,,,,,,,,,,,,,,,,,,,,,,,,,,
54,,,,,,,,,,,,,,,,,,,,,,,,,,,,,,,,,,,,,,,,,,early guilty plea,,,,,,
54,,,,,,,,,,,,,,,,,,,,,,,,,,,,,,,,,,,,,,no previous convictions,,,,,,,,,,
54,,,,,,,,,,,lack of premeditation,,provocation,,,,,,,,,,,,,,,,,,,,,,,,,,,,,,,,,,,immediate custody
54,,,,,,,,,,,,,,,,,,,,,,,,,,,,,,,,,,,,,,,,,,,,affray,,,,
54,,,,,,,,serious injury,,,lack of premeditation,,,,,,,,,,,,,,,ongoing effect,,,,under influence drugs/alcohol,,,,,,,,,,,single blow,early guilty plea,,,,,,immediate custody
54,,,,,,,,,,,,,,,,,,,,,,,,,,,,,,,,,,,,,,,,genuine remorse,single blow,early guilty plea,,,,,,
54,,,,,,,,,,personally vulnerable,,,,,,,,,,,,,,,,,presence of others,,timing of the offence,under influence drugs/alcohol,addressing addiction,,,isolated incident,,,,no previous convictions,,genuine remorse,,,,,,,,
54,,,,,,,use of weapon,,,personally vulnerable,,,,,,,,,,,,,,,,,,,,under influence drugs/alcohol,,,,,,,,,,,,early guilty plea,,,,,,immediate custody
54,,,,,,,use of weapon,,,personally vulnerable,lack of premeditation,,,,,,,,,,,,,,,,,,,,addressing addiction,,,isolated incident,,,,no previous convictions,,,,,,,,,,
54,,,,,,,,,,,,,,,,,,,,,,,,,,,,,,,,,,,,,,,,,,,,,,,,
54,,,,,,,,,,,,,,,,,,,,,,,,,,,,,,,,lack of maturity,,,,,,no previous convictions,,,single blow,early guilty plea,,,,,,
54,,,,,,,,,,,,,,,,,,,,,,,,,,,,,,,,,,,,,,,,,,,,,,,,immediate custody
54,,intent more harm,,,,,,serious injury,repeated assault,,,,,,,,,,on bail,,,,,,,,,previous violence,,under influence drugs/alcohol,,,,,,,,,,,,early guilty plea,,,,,,immediate custody
54,,,,,,,,,,,,,,,,,,,,,,,,,,,,,,,,,,,,,,,,,,,,,,,,immediate custody
54,,,,,,,,,,,lack of premeditation,,,,,less serious injury,,,,,,,,,,,,,,,,,,,,,,,,genuine remorse,,,,,,,,
54,,,,,,,,,,,,,,,,,,,on bail,,,,,,,,,,,under influence drugs/alcohol,,,,,,,,,,,,,,,,,,
54,,,,,,,,,,,,,,,,,,,,,,,,,,,,,,,,,,,,,,,,,,,,,,,,
54,,,,,,,,,,,,,,,,,,,,,,,,,,,,,,,,,,,,,,,,,,,,,,,,
54,,,,,,,,,repeated assault,,,,,,,,,,,,,,,location,,,presence of others,,,,,,,,,,,,,,,early guilty plea,,,,,,immediate custody
54,,,,,,,use of weapon,serious injury,,,,,,,,,,,,,,,,location,,ongoing effect,,,,,,,good character,,,,,no previous convictions,,genuine remorse,,,,,,,,immediate custody
54,,,,,,,,,,,,,,,,,,,,,,,,,,,,,,,,,,,,,,,,,,,,,,,,immediate custody
54,,,,,,,,,,,,,,,,,,,,,,,,,,,,,,,,,,,,,,,,,,,,,,,,
54,,,,,,vulnerable victim,,serious injury,,personally vulnerable,lack of premeditation,,,,,less serious injury,,,,,,,,,,ongoing effect,,previous violence,,,,,,,,,,no previous convictions,,,,,,,,,,
54,,,,,,,,,,,lack of premeditation,,,,,,,,,,,,,,,,,,,,,,,,,,,,,,,,,,,,,immediate custody
54,,,,,,,use of weapon,serious injury,repeated assault,,,,,,,,,,,,,,,location,,,presence of others,,,,,,,,,,,,,,,early guilty plea,,,,,,immediate custody
54,,,,,,,,,,,,,,selfdefence,,less serious injury,,,,,,failure to comply with court orders,,,,,,,,,,lack of maturity,,,,,,,,,,,,,,,,
54,,,,,,,,,repeated assault,personally vulnerable,,,,,,,abuse of trust,,,,,failure to comply with court orders,,location,,,,previous violence,,,,,,,,,,,,,,,,,,,,immediate custody
54,,,,,,,,,,,lack of premeditation,mental disorder (related to the offence),,,,less serious injury,,,,,,,,,,,,,,,,,,,,,,,,,,,,,,,,
54,,,,,,vulnerable victim,,,,,,,,,,,,,,,,,,,,,,,,,,,,,,,,,,,,,,,,,,immediate custody
54,,,,,,,use of weapon,,,,,,,,,less serious injury,,,,,,,,,,,,,,,,,,,,,,no previous convictions,,genuine remorse,,,,,,,,immediate custody
54,,,,,,,,,,,,,,,,,,,,,,,,,,,,,,,,,,,,,,,,,,,,,,,,
54,,,,,,,use of weapon,,repeated assault,personally vulnerable,lack of premeditation,,,,subordinate role gang,less serious injury,,,,,,,,,,,presence of others,,,under influence drugs/alcohol,,,,,,,,,primary carer,genuine remorse,,,,,,,,immediate custody
54,,,,,,,,serious injury,,,lack of premeditation,,,,,,,,,,,,,location,,,,,,,,lack of maturity,,,,,,,,,,,,,,,,immediate custody
54,,,,,,,use of weapon,,,,,,,,,less serious injury,,,,,,,,location,,,presence of others,previous violence,,,,,,,,,,,,,,,,,,,,immediate custody
54,,,leading role gang,,,vulnerable victim,,,,,,,,,,less serious injury,,,,,,,,,,,,,,under influence drugs/alcohol,,,,,,,,,,,,early guilty plea,,,,,,immediate custody
54,,,,,,,,,,,,,,,,,,,,,,,,,,,,,,,,,,,,,,,,,,,,,,,,
54,,,,,,,,,,,,,,,,,,,,,,,,,,,,,,,,,,,,,,,,,,,,,,,,
54,,,,,,,,,,,,,,,,,,,,,,,,,,,,,,,,,,,,,,,,,,,,,,,,immediate custody
54,,,,,,,,serious injury,,,lack of premeditation,,,,,,,,,,,,,,,,,,,,,,good character,,,,,no previous convictions,,genuine remorse,single blow,early guilty plea,,,grievous bodily harm,,,immediate custody
54,deliberate harm,,,,,,,serious injury,repeated assault,,lack of premeditation,,,,,,,,,,,,,,on licence,ongoing effect,presence of others,,,under influence drugs/alcohol,,,,,,,,,,genuine remorse,,early guilty plea,,,grievous bodily harm,,,immediate custody
54,,,,premeditation,,,,,,,,,,,subordinate role gang,less serious injury,,,,,,,,,,,,,,,,,,,,,,no previous convictions,,genuine remorse,,,,,grievous bodily harm,,,
54,,,,,,,use of weapon,serious injury,,,,,,,,,,,,,,failure to comply with court orders,,,,ongoing effect,,,,,,,,,,,,,,,,,,,grievous bodily harm,,,immediate custody
54,,,,,,vulnerable victim,use of weapon,serious injury,repeated assault,personally vulnerable,lack of premeditation,,,,,,,,,,,,,,,,presence of others,,,,,lack of maturity,,,,,,,,genuine remorse,,,,,grievous bodily harm,,,immediate custody
54,,,,,,vulnerable victim,use of weapon,,repeated assault,personally vulnerable,lack of premeditation,mental disorder (related to the offence),provocation,,,,,,,,,,,,,,,,,,,lack of maturity,,isolated incident,,,,no previous convictions,,genuine remorse,,,,,grievous bodily harm,,,
54,,,,,,,use of weapon,,,,,,,,,,,,,,,,,,,,,,,,,,good character,isolated incident,,,,no previous convictions,,genuine remorse,,,,,grievous bodily harm,,,immediate custody
54,,,,,,,,,,,,,,,,,,against public worker,,,,,,,,,,,,,,,,,,,,,,,single blow,,,,grievous bodily harm,,,immediate custody
54,,,,,,,use of weapon,,,,lack of premeditation,,,,,,,,,,,,,,,,,,,,,,,isolated incident,,,mental disability (general),,,genuine remorse,,early guilty plea,,,grievous bodily harm,,,
54,,,,,,,use of weapon,serious injury,,,lack of premeditation,,,,,less serious injury,,,,,,,,,,,presence of others,,,,,,,,,,,no previous convictions,,,,,,,grievous bodily harm,,,
54,,,,,,,,serious injury,,,,,,selfdefence,,,,,,,,,,,,,,,,,,,,,,,,,,,,,,,grievous bodily harm,,,immediate custody
54,,,,,,,,,,,,,,,,,,,,,,,,,,,,,,,,,,,,,,,,,single blow,,,,grievous bodily harm,,,immediate custody
54,,,,,,,,,,,lack of premeditation,,,,,,,,,,,,,,,,,,,,,,,,,,mental disability (general),,,,,,,,grievous bodily harm,,,
54,,,leading role gang,,,,use of weapon,serious injury,,,,,,,,,,,,,,,,location,,,presence of others,,,,,,,,,,,,,,,,,,grievous bodily harm,,,immediate custody
54,,,,,,,use of weapon,serious injury,,,,,,,,,,,,,,,,,,,presence of others,,,under influence drugs/alcohol,,,good character,,,,,no previous convictions,,,single blow,,,,grievous bodily harm,,,immediate custody
54,,,,,,,,,repeated assault,,lack of premeditation,,provocation,selfdefence,,,,,,,,,,,,,,,,,,,,,,medical condition,,,,genuine remorse,,,,,grievous bodily harm,,,immediate custody
54,,,leading role gang,,,,use of weapon,serious injury,,,,,,,,,,,,,,,,location,,,presence of others,,,,,,,,,,,,,,,,,,grievous bodily harm,,,immediate custody
54,,,,premeditation,,,,,,,,,,,,less serious injury,,,,,,,,location,,,,,,,addressing addiction,,,,,,,no previous convictions,,genuine remorse,,,,,grievous bodily harm,,,
54,,,,,,,use of weapon,,,,,,,,,less serious injury,,,,,,,,location,,,,,timing of the offence,,,,good character,,,,,no previous convictions,,genuine remorse,single blow,early guilty plea,,,grievous bodily harm,,,immediate custody
54,,,,,,,,serious injury,,,lack of premeditation,,,,,,,,,,,,,,,ongoing effect,,,,,,,,,,,,,,,,,,,grievous bodily harm,,,immediate custody
54,,,,,,,,,,,,,,,,,,,,,,,,,,,,,,,,,,,,,,,,,,,,,grievous bodily harm,,,immediate custody
54,,,,,,,,serious injury,,personally vulnerable,lack of premeditation,,,,subordinate role gang,,,,,,,,,,,,,previous violence,,,,lack of maturity,,,,,,,,,single blow,,,,grievous bodily harm,,,immediate custody
54,,,,,,,use of weapon,,,,lack of premeditation,,,,,,,,,,,,,,,,,,,,,,,,,,,,,,,,,,grievous bodily harm,,,immediate custody
54,,,,,,,,,,,,,,,,,,,,,,,,,,,,,,,,,,,,,,no previous convictions,,,,early guilty plea,,,grievous bodily harm,,,immediate custody
54,,,,,,,,serious injury,,,lack of premeditation,,,,subordinate role gang,,,,,,,,,,,,,,,,,,,,,,,,,,single blow,,,,grievous bodily harm,,,immediate custody
54,,,,,,,,,,,,,,,,,,,,,,,,location,,,presence of others,,,,,,good character,,,,,no previous convictions,,genuine remorse,single blow,,,,grievous bodily harm,,,
54,,,,,,,,,,,,,,,,,,,,,,,,,,,,,,,,,,,,,,,,,,,,,grievous bodily harm,,,
54,,,,,,,,,,,,,,,,,,,,,,,,,,,,,,,,,,,,,,,,,,,,,grievous bodily harm,,,
54,,,,,,,use of weapon,serious injury,,,,,,,,,,,,,,,,location,,,presence of others,,,,,,,,,,,,,,,,,,grievous bodily harm,,,immediate custody
54,,,,,,,,,,,,,,,,,,,,,,,,,,,,,,,,,,,,,,,,,,,,,grievous bodily harm,,,
54,,,,,,,use of weapon,serious injury,repeated assault,personally vulnerable,,,,,,,abuse of trust,,,,,,,location,,ongoing effect,,previous violence,,under influence drugs/alcohol,,,,,,,,,,,,,,,grievous bodily harm,,,immediate custody
54,,,,,,,,serious injury,,,lack of premeditation,,,,,,,,,,,,,,,,,,,,,,good character,,,,,no previous convictions,,genuine remorse,,early guilty plea,,,grievous bodily harm,,,immediate custody
54,,,,,,,,serious injury,,,,,provocation,selfdefence,,,,,,,,,,,,ongoing effect,,,,,,,,isolated incident,lapse of time,,,,,genuine remorse,,,,,grievous bodily harm,,,
54,,,,,,,use of weapon,,,,,,,,,,,,,,,,,,,,,,,,,,,,,,,,,,,,,,grievous bodily harm,,,immediate custody
54,,,,,,,,serious injury,,,lack of premeditation,,,selfdefence,,,,,,,,,,,,,,,,,,,good character,,,,,no previous convictions,,genuine remorse,single blow,early guilty plea,,,grievous bodily harm,,,immediate custody
54,,,,,,,,serious injury,,,,,,,,,,,,,,,,location,on licence,ongoing effect,presence of others,,,under influence drugs/alcohol,,,,,,,,,,,single blow,,,,grievous bodily harm,,,immediate custody
54,,intent more harm,leading role gang,,,,use of weapon,,repeated assault,,,,,,,,,,,,,,,location,,,,,timing of the offence,under influence drugs/alcohol,,lack of maturity,,,,,,,,,,,,,grievous bodily harm,,,immediate custody
54,,,,premeditation,,,,serious injury,,personally vulnerable,lack of premeditation,,provocation,,,,,,,,failure to respond to warnings,,,location,,,,previous violence,,,addressing addiction,,,,,medical condition,,,,,,,,,grievous bodily harm,,,immediate custody
54,,,,,,,,,,,lack of premeditation,,provocation,,,,,,,,,,,,,,,,,,,,,,,,,,,,,,,,,grievous bodily harm with intent,,immediate custody
54,,,,,,,use of weapon,,,,,,,,,,,,,,,,,,,,,,,,,,,,,,,,,,,early guilty plea,,,,grievous bodily harm with intent,,immediate custody
54,,,,,,,use of weapon,,repeated assault,,,,,,,,,,,,,failure to comply with court orders,,,on licence,,,,,,,,,,,,,,,,,,,,grievous bodily harm,,,immediate custody
54,,,,,,,,,repeated assault,,,,,,,,,,,,,,,,,,presence of others,,,,,,,,,,,,,genuine remorse,,early guilty plea,,,grievous bodily harm,,,
54,,,,,,,use of weapon,serious injury,,,,,,,,,,,,,,,,,,,,,,,,,,,,,,,,,,,,,,grievous bodily harm with intent,,immediate custody
54,,,,,,,,,,,,,provocation,,,less serious injury,,,,,,,,location,,,,,,,,lack of maturity,good character,,,,,no previous convictions,,,,,,,,grievous bodily harm with intent,,immediate custody
54,,intent more harm,,premeditation,,,,,,,,,,,,,,,,,,,,,,,,,,,,lack of maturity,,,,,,,,,,,,,,grievous bodily harm with intent,,immediate custody
54,,,,,,,use of weapon,,,,,,,,,,,,,,,,,location,,,,,,under influence drugs/alcohol,,,,,,,,,,genuine remorse,,early guilty plea,,,,grievous bodily harm with intent,,immediate custody
54,,,,,,,,,,,lack of premeditation,,,,,less serious injury,,,,,,,,location,,,,,,under influence drugs/alcohol,,,good character,,,,,no previous convictions,,genuine remorse,,,,,grievous bodily harm,,,
54,,,,,,,,,repeated assault,,,,,,subordinate role gang,,,,,,,,,,,,presence of others,,,,,,,,,,,,,genuine remorse,,,,,grievous bodily harm,,,
54,,,,,,,,,,,lack of premeditation,,provocation,,,less serious injury,,,,,,,,,,,,,,,,,good character,,,,,no previous convictions,,genuine remorse,single blow,,,,grievous bodily harm,,,
54,,,,,,,use of weapon,serious injury,,,,,,,,,,,,,,,,,,ongoing effect,,,,,,,,,,,,,,genuine remorse,,,,,grievous bodily harm,,,immediate custody
54,,,,,,vulnerable victim,use of weapon,serious injury,repeated assault,personally vulnerable,lack of premeditation,,,,subordinate role gang,,,,,,,,,,,ongoing effect,,,,under influence drugs/alcohol,,,,,,,,,,genuine remorse,,,,,grievous bodily harm,,,immediate custody
54,,,,,,,,serious injury,,,lack of premeditation,,,,,,,,,,,,,,,,,,,under influence drugs/alcohol,,,,,,,,,,,,early guilty plea,,,grievous bodily harm,,,
54,,,,,,,,,,,lack of premeditation,,,,,,,,,,,,,,,,,,,,,lack of maturity,good character,,,,,,,genuine remorse,,,,,,grievous bodily harm with intent,,immediate custody
54,,,,,,,,,,,,,,,,less serious injury,,,,,,,,,,,,,,,,,,,,,,,,,,early guilty plea,,,,grievous bodily harm with intent,,immediate custody
54,,,,,,,,,,,,,,,,,,,,,,,,,,,,,,,,,,,,,,,,,,,,,,grievous bodily harm with intent,,immediate custody
54,,,,,,,use of weapon,,,,,,,,,,,,,,,,,,,ongoing effect,,,,under influence drugs/alcohol,,,,,,,,,,,,,,,,grievous bodily harm with intent,,immediate custody
54,,,,,,,use of weapon,,,,,,,,,less serious injury,,,,,,,,,,,,,,,,,,,,medical condition,,,,genuine remorse,single blow,,,,,grievous bodily harm with intent,,immediate custody
54,deliberate harm,,,,,,,serious injury,,,,,,,,,,,,,,,,,,,,,,,,,,,,,,,,,,,,,,grievous bodily harm with intent,,immediate custody
54,,,,,,,,serious injury,,,lack of premeditation,,,,,,,,,,,,,,,,,,,,,,,isolated incident,,,,no previous convictions,,,,,,,,grievous bodily harm with intent,,immediate custody
54,deliberate harm,,,,,,use of weapon,serious injury,,personally vulnerable,,,,,,,,,,,,,,,,,,,,,,,,,,,,,,,,,,,,grievous bodily harm with intent,,immediate custody
54,,,,premeditation,,,,serious injury,,,lack of premeditation,,,,,,,,,,,,,,,,,,,,,,,,,,,,,,,,,,,grievous bodily harm with intent,,immediate custody
54,deliberate harm,,,premeditation,,,use of weapon,serious injury,repeated assault,personally vulnerable,,,,,,,,,,,,,,,,ongoing effect,,,,under influence drugs/alcohol,,,good character,,,,,,,,,early guilty plea,,,,grievous bodily harm with intent,,immediate custody
54,,,,,,,,,,,,,,,,,,,,,,,,,,,,,,,,,,,,,,,,,single blow,,,,,,common assault,
54,,,,,,,,,,,lack of premeditation,,provocation,,,less serious injury,,,,,,,,location,,,,,,,,,,,,,,,primary carer,,,,,,,,common assault,
54,,,,,,,,,,,lack of premeditation,,,,,less serious injury,,,,,,,,,,,,,,,,,,,,,,,,,,,,,,,common assault,
54,,,,,,,,,,,,,,,,,,,,,,,,,,,presence of others,,,under influence drugs/alcohol,,lack of maturity,good character,,lapse of time,,,no previous convictions,,genuine remorse,single blow,early guilty plea,,,,,common assault,
54,,intent more harm,leading role gang,,,,,serious injury,,,,,,,,,,,,,,,,,,,,,,,,,,,,,,,,,,early guilty plea,,,,,common assault,immediate custody
54,,,,,,,,,,,,,,,,,,,,,,,,,,,,,,,,,,,,,,,,,,,,,,,common assault,
54,,,,,,,,,,,lack of premeditation,,,,,less serious injury,,,,,,,,,,,,,,,,,,,,,,,,,single blow,,,,,,common assault,immediate custody
54,,intent more harm,leading role gang,,,,,serious injury,,,,,,,,,,,,,,,,location,,,,,,,,,,,,,,,,,,early guilty plea,,,,,common assault,immediate custody
54,,,,,,,,,,,,,,,,,,,,,,,,,,,,,,,,,,,,,,,,,,,,,,,common assault,
54,,,,,,,,,,,,,,,,,,,,,,,,,,ongoing effect,,,,,,,,,,,,,,,,early guilty plea,,,,,common assault,immediate custody
54,,,,,,,,,,,,,,,,,,,,,,,,,,,,,,,,,,,,,,,,,,,,,,,common assault,
54,,,,,,,,,,,,,,,,,,,,,,,,,,,,,,,,,,,,,,,,,,,,,,,common assault,immediate custody
54,,,,,,,,,,,,,,,,,,,,,,,,,,,,,,,,,,,,,,,,,,early guilty plea,violent disorder,,,,,immediate custody
54,,,,,,,,,,,,,,,,,,,,,,,,,,,,,,,,,,,,,,,,,,early guilty plea,violent disorder,,,,,
54,,,,,,,,,,,,,,,,,,,,,,,,,,,,,,under influence drugs/alcohol,,,,,,,,,,,,early guilty plea,violent disorder,,,,,
54,,,,,,,,,,,,,,,,,,,,,,,,,,,,,,,,,,,,,,,,,,early guilty plea,violent disorder,,,,,immediate custody
55,,,,,,vulnerable victim,use of weapon,,,,,,,,,less serious injury,,against public worker,,,,failure to comply with court orders,,,on licence,ongoing effect,,,,,,,,isolated incident,,,,,,,,early guilty plea,,,,,,immediate custody
55,,,,,,,use of weapon,,,,,,,,,less serious injury,,,,,,,,,,,,,,,,,,,,,,,,,,,,,,,,immediate custody
55,,,,,,,,,,,,,,,,,,,,,,,,,,,,,,under influence drugs/alcohol,,,,isolated incident,,,,no previous convictions,,,,early guilty plea,,,,,,
55,,,,,,,,,,,,,,,,,,,,,,,,,,,,,,under influence drugs/alcohol,,,,isolated incident,,,,no previous convictions,,genuine remorse,,early guilty plea,,,,,,
55,,,,,,,,,,,,,,,,,,,,,,,,,,,,,,,,,,,,,,no previous convictions,,,,early guilty plea,,affray,,,,
55,,,,,,,,,,,,,,,,,,,,,,,,,,,,,,,,,,,,,,,,,,,,affray,,,,immediate custody
55,,,,,,,,,,,,,,,,,,,,,,,,,,,,,,,,,,,,,,,,,,early guilty plea,,affray,,,,immediate custody
55,,,,,,,,,,,,,,,,,,,,,,,,,,,,,,,,,,,,,,,,,,early guilty plea,,affray,,,,
55,,,,,,,,,,,lack of premeditation,,,,,,,,,,,failure to comply with court orders,,location,,,presence of others,,timing of the offence,under influence drugs/alcohol,,,,,,,,,,genuine remorse,,early guilty plea,,affray,,,,immediate custody
55,,,,,,,use of weapon,,,,,,provocation,,,,,,,,,,,location,,,presence of others,,,,,,,isolated incident,,,,no previous convictions,,,,,,affray,,,,
55,,,,,,,,,,,lack of premeditation,,,,subordinate role gang,,,against public worker,,,,,,location,,,presence of others,,timing of the offence,,addressing addiction,,,,,,,,,genuine remorse,,early guilty plea,,affray,,,,immediate custody
55,,,,,,,,,,,lack of premeditation,,,,subordinate role gang,,,against public worker,,,,,,location,,,presence of others,,timing of the offence,,,,,,,,,,,genuine remorse,,early guilty plea,,affray,,,,immediate custody
55,,,,premeditation,,,use of weapon,,,,,,,,,less serious injury,,,,,,,,,,ongoing effect,,,,,,,,isolated incident,,,mental disability (general),no previous convictions,,,,early guilty plea,,,,,,immediate custody
55,,,,,,,,serious injury,,personally vulnerable,,mental disorder (related to the offence),,,,,,,,,,,,,,,,,,under influence drugs/alcohol,,,,,,,mental disability (general),,,,,early guilty plea,,,,,,
55,,,,,,,use of weapon,,,,,,,,,,,,,,,,,,,,,,,under influence drugs/alcohol,,,,isolated incident,,,,,,,,early guilty plea,,,,,,immediate custody
55,,,,premeditation,,,,,,,,,,,,less serious injury,,,,,,,,location,,,,,timing of the offence,,,,,isolated incident,,,,no previous convictions,,,single blow,,,,,,,
55,,,,,,,use of weapon,,,,lack of premeditation,,,selfdefence,,,,,,,,,,location,,ongoing effect,presence of others,,,,,,,isolated incident,,,,,,genuine remorse,single blow,early guilty plea,,,,,,
55,,,,,,vulnerable victim,use of weapon,,repeated assault,,,,,,,less serious injury,,,,,,,,location,,,,previous violence,,under influence drugs/alcohol,,,,,,,,,,,,early guilty plea,,,,,,
55,,,,,,,,,,,,,,,,less serious injury,,,,,,,,,,,,,,,,lack of maturity,,isolated incident,lapse of time,,,no previous convictions,,,single blow,,,,,,,
55,,,,,,,,,,,,,,,,,,,,,,,,,,,,,,,,,,isolated incident,,,,no previous convictions,,,,early guilty plea,,,,,,
55,,intent more harm,,,,,use of weapon,,repeated assault,,,,,,,,,,,,,failure to comply with court orders,,location,,,,,timing of the offence,under influence drugs/alcohol,,,,isolated incident,,,,,,,,early guilty plea,,,,,,immediate custody
55,,,,,,,use of weapon,,,,,,,,,,,,,,,,,,on licence,,,,,,,,,,,,,,,,,early guilty plea,,,,,,immediate custody
55,,,,,,,use of weapon,,,,,,,,subordinate role gang,less serious injury,,,,,,failure to comply with court orders,,location,,ongoing effect,presence of others,,,,,,,,,,,,,genuine remorse,,early guilty plea,,,,,,
55,,,leading role gang,,,,use of weapon,,,,lack of premeditation,,,,,less serious injury,,against public worker,,,,,,location,,,presence of others,,,,,,,,,,,,,,single blow,early guilty plea,,,,,,immediate custody
55,,,,,,,,,,,,,,,,,,,,,,,,location,,,,,,under influence drugs/alcohol,,,,isolated incident,,,,no previous convictions,,genuine remorse,,,,,,,common assault,
55,,,,premeditation,,,use of weapon,,repeated assault,,,,,,,,,,,,,,,,,,,,,,,,,,,,,,,,,,,,,grievous bodily harm with intent,,immediate custody
55,,,,,,,use of weapon,,,,,,,,,less serious injury,,,,,,,,,,,,,,,,,,,,,,,,,,,,,,grievous bodily harm with intent,,immediate custody
55,,,,,,,use of weapon,,,,,,,,,,,,,,,failure to comply with court orders,,,,,presence of others,previous violence,,under influence drugs/alcohol,addressing addiction,,,isolated incident,,,,,,,,early guilty plea,,,grievous bodily harm,,,immediate custody
55,deliberate harm,,,,,vulnerable victim,use of weapon,,,,lack of premeditation,,provocation,,,,,,,,,,,location,,,presence of others,,timing of the offence,,addressing addiction,,good character,isolated incident,,,,no previous convictions,,genuine remorse,,early guilty plea,,,grievous bodily harm,,,
55,,,,,,,,,,,,,,,,,,,,,,,,,,,,,,,,,,,,,,,,,,,,,grievous bodily harm,,,
55,deliberate harm,,,,,,,serious injury,repeated assault,,,,,,,,,,,,,,,location,,ongoing effect,presence of others,,,,,,,,,,,no previous convictions,,,,,,,,grievous bodily harm with intent,,immediate custody
55,,,,,,,,serious injury,,,lack of premeditation,,,selfdefence,,,,,,,,,,,,,,,,,,,,,,,,,,,single blow,early guilty plea,,,grievous bodily harm,,,
55,,,,,,,,serious injury,,,,,,,,,,,,,,failure to comply with court orders,,,,,,,,,,,,,,,,,,,single blow,,,,grievous bodily harm,,,immediate custody
55,,,,,,,use of weapon,,,,lack of premeditation,,provocation,selfdefence,,less serious injury,,,,,,,,,,,presence of others,,,,,,,isolated incident,,,,,,genuine remorse,,,,,grievous bodily harm,,,
55,,,,,,,,serious injury,,,lack of premeditation,,,,,,,,,,,,,,,ongoing effect,,,,under influence drugs/alcohol,,lack of maturity,good character,isolated incident,,,,no previous convictions,,genuine remorse,single blow,early guilty plea,,,grievous bodily harm,,,
55,,,,,,,use of weapon,,,,,,,,,less serious injury,,,,,,,,,,ongoing effect,,,,under influence drugs/alcohol,addressing addiction,,good character,isolated incident,,,,no previous convictions,,genuine remorse,,early guilty plea,,,grievous bodily harm,,,
55,,,,,,,,serious injury,,,,,,selfdefence,,,,,,,,,,,,,,,,,,,good character,,,,,no previous convictions,,genuine remorse,single blow,early guilty plea,,,grievous bodily harm,,,
55,,,,,,,use of weapon,,repeated assault,,,,,,,,,,,,,,,location,,ongoing effect,presence of others,,timing of the offence,under influence drugs/alcohol,,,good character,isolated incident,,,,no previous convictions,,,,,,,grievous bodily harm,,,immediate custody
55,,,,,,,use of weapon,serious injury,,,,,,,,,,,,,,,,location,,ongoing effect,,,,,,,,,,,,,,genuine remorse,single blow,,,,grievous bodily harm,,,immediate custody
55,,,leading role gang,,,,use of weapon,,repeated assault,,,,,,,,,,,,,,,location,,ongoing effect,presence of others,,timing of the offence,under influence drugs/alcohol,,,,,,,,,,,,,,,grievous bodily harm,,,immediate custody
56,,,,,,,use of weapon,,,,,,,,,,,,,,,,,,,,,,,under influence drugs/alcohol,,,,,,,mental disability (general),,,,single blow,,,,,,,immediate custody
56,deliberate harm,,,,,,,,repeated assault,,,,,,,,,,,victim forced to leave home,,,,,,,,previous violence,,,addressing addiction,,good character,,,,,no previous convictions,,genuine remorse,single blow,early guilty plea,,,,,,
56,,,,,,,use of weapon,,,,,,,,,less serious injury,,,,,,,,,,,,,,under influence drugs/alcohol,,,,isolated incident,,,,no previous convictions,,genuine remorse,,early guilty plea,,,,,,
56,,,,,,,use of weapon,serious injury,,,,,,,,,,against public worker,,,,,,,,,,,,,,,,,,,,,,,,,,,,,,immediate custody
56,,,,,,,,serious injury,,,lack of premeditation,,,selfdefence,,,,,,,,,,location,,,,,timing of the offence,under influence drugs/alcohol,,,good character,isolated incident,,,,no previous convictions,,genuine remorse,single blow,early guilty plea,,,,,,
56,,,,,,,,,repeated assault,,,,,,,,,,,,,,,,,,,,,,,,,,,,,,,,,,,,,,,immediate custody
56,,,,,,,use of weapon,,,,lack of premeditation,,provocation,,,,,,,,,,,,,,,,,,,,,,,,,,,genuine remorse,,,,,,,,immediate custody
56,,,,,,,,,,,lack of premeditation,,,,,,,,,,,,,,,,,,,,,,,,,,,,,,,,,,,,,immediate custody
56,,,,,,,,,,personally vulnerable,,,,,,less serious injury,,,,,,failure to comply with court orders,,,,,,,,under influence drugs/alcohol,,,,,,,,,,,,early guilty plea,,,,,,immediate custody
56,,,,,,,use of weapon,,,personally vulnerable,,,provocation,,,less serious injury,,,,,,,,,,,,,,,,,,,,,,,,,,early guilty plea,,,,,,
56,,,,,,,,serious injury,,,,,provocation,,,,,,,,,,,,,,,,,,,,,isolated incident,,,,no previous convictions,,,,,,,,,,
56,,,,,,,use of weapon,serious injury,,,,,,,,,,,,,,,,location,,,,,,,,,,,,,,,,genuine remorse,single blow,,,,,,,
56,,,leading role gang,,,,,,repeated assault,,,,,,,,,,,,,,,,,,,,,under influence drugs/alcohol,,,,,,,,,,genuine remorse,,,,,,,,immediate custody
56,,,,,,,use of weapon,,,,,,,,,less serious injury,,,,,,,,,,,,,,,,,good character,isolated incident,,,,no previous convictions,,,single blow,,,,,,,
56,,,,,,,use of weapon,serious injury,,,,,,,,,,,,,,,,location,,,,,,,,,,,,,,,,genuine remorse,,early guilty plea,,,,,,immediate custody
56,,,leading role gang,,,,use of weapon,,repeated assault,personally vulnerable,,,,,,less serious injury,,,,,,,,,,,,,,under influence drugs/alcohol,,,good character,,,,,,,genuine remorse,,,,,,,,immediate custody
56,,,,,,,use of weapon,,,,lack of premeditation,,,,,less serious injury,,,,,,,,,,,,,,,,,,,,,,,,,,,,,,,,immediate custody
56,,,,,,vulnerable victim,,serious injury,repeated assault,,lack of premeditation,,,,,,,,,,,,,,,ongoing effect,,,,,,,,,,,,,,,,early guilty plea,,,,,,immediate custody
56,,,,,,,,,,,,,,,,,,,,,,,,,,,,,,,,,,,,,,,,,,,,,,,,immediate custody
56,,,,,,,use of weapon,,,personally vulnerable,,,,,,,,,,,,,,,,,,,,,,,,,,,,,,,,,,,,,,
56,,,,,against race/religion,,,,,personally vulnerable,lack of premeditation,mental disorder (related to the offence),,,,less serious injury,,,,,,,,location,,,,,,,,,good character,,,,mental disability (general),,,,single blow,,,,,,common assault,
56,,,,,,,use of weapon,,,personally vulnerable,,,,,,,,against public worker,,,,,,,,,presence of others,,,,,lack of maturity,,,,,,,,,,,,,,,common assault,immediate custody
56,,,,,against race/religion,,,,,,lack of premeditation,,,,,,,,,,,,,,,,,,,,,,,,,,,,,,single blow,,,,,,common assault,
56,,,,,,,,,,,,,,,,,,,,,,,,,,,,,,,,,,,,,,,,,,,,affray,,,,immediate custody
56,,,,,,,,,,,,,,,,,,,,,,,,,,,,,,,,,,,,,,,,,,,,affray,,,,immediate custody
56,,,,,,,,serious injury,,,,,,,,,,,,,,,,location,,,presence of others,,,,,,,,,,,,,,,early guilty plea,,affray,,,,immediate custody
56,,,,,,,use of weapon,,,,,,,,,,,,,,,,,location,,,presence of others,,,,,,,,,,,,,genuine remorse,,early guilty plea,,affray,,,,
56,,,,,,,,,,,,,,,,,,,,,,failure to comply with court orders,,,,,,,,,addressing addiction,,,,,,,,,,,,,affray,,,,
56,,,,,,,,,,,,,,,,,,,,,,,,,,,,,,,,,,,,,,,,,,early guilty plea,,affray,,,,immediate custody
56,,,,,,,,,,,,,,,,,,,,,,,,,,,,,,,,,,,,,,,,,,,,affray,,,,
56,,,,,,,use of weapon,,,personally vulnerable,,,,,,,,,,,,,,location,,,,,,,,,,,,,,,,genuine remorse,,,,affray,,,,immediate custody
56,,,,,,,,,,,,,,,,,,,,,,,,,,,,,,,,,good character,,,,,,,genuine remorse,,,,affray,,,,
56,,,,,,,,,,,,,,,,,,,,,,,,,,,,,,,,,,,,,,,,,,,,affray,,,,
56,,,,,,,,,,,,,,,,,,,,,,,,,,,,,,,,,,,,,,,,,,,,affray,,,,immediate custody
56,,,,,,,use of weapon,,,,lack of premeditation,,,,,,,,,,,,,,,,,,,,,,good character,,,,,,,genuine remorse,,,,affray,,,,immediate custody
56,,,,,,,,,,,,,,,,,,,,,,,,,,,,,,,,,good character,isolated incident,,,,no previous convictions,,genuine remorse,,,,affray,,,,
56,,,,,,,,,repeated assault,,,,,selfdefence,,,,,,,,,,,,,,,,,,,,,,,,no previous convictions,,,,,,affray,,,,
56,,,,,,,,,,,,,,,,,,,,,,,,,,,,,,,,,,,,,,,,,,early guilty plea,,affray,,,,
56,,,,,,,,,,,,,,,,,,,,,,,,,,,,,,,,,,,,,,,,,,early guilty plea,,affray,,,,
56,,,,,,,,,,,,,,,,,,,,,,,,,,,,,,,,,good character,,,,,,,genuine remorse,,,,affray,,,,
56,,,,,,,use of weapon,,,,lack of premeditation,,,,,,,,,,,,,,,,,,,,,,,,,,,,,,,,,affray,,,,immediate custody
56,,,,,,,,,,,,,,selfdefence,,,,,,,,,,,,,,,,,,,,,,,,no previous convictions,,,,,,affray,,,,
56,,,,,,,,,,,,,,,,,,,,,,,,,,,,,,,,,,,,,,,,,,,,affray,,,,
56,,,,,,,,serious injury,,,,,,,,,,,,,,,,,,,,,,,,,,,,,,,,,,,,affray,,,,immediate custody
56,,,,,,,,,,,,,,,,,,,,,,,,,,,,,,,,lack of maturity,good character,isolated incident,,,,no previous convictions,,genuine remorse,,early guilty plea,,affray,,,,
56,,,,,,vulnerable victim,use of weapon,,,,,,,,,,,,,,,,,,,,,,,,,,,,,,,,,,,,,,,,,immediate custody
56,,,,,,,,serious injury,,,,,,,,,,,,,,,,,,,,,,,,,,isolated incident,,,,,,,,,,,,,,immediate custody
56,,,,,,,,,,,,,,,,,,,,,,,,,,,,,,,,,,isolated incident,,,,,,genuine remorse,,,,,,,,
56,,,,,,,,serious injury,,personally vulnerable,,,,,,,abuse of trust,,,victim forced to leave home,,,,location,,,presence of others,,,under influence drugs/alcohol,,,,,,,,,,,,,,,,,,immediate custody
56,,,,,,,use of weapon,,repeated assault,,lack of premeditation,,,,,less serious injury,,,,,,,,,,,presence of others,,,under influence drugs/alcohol,,,,,,,,no previous convictions,,,,,,,,,,
56,,,,premeditation,,,use of weapon,serious injury,,,,,,,,,,,,,,,,location,,,,,,,,,good character,,,,,no previous convictions,,,,early guilty plea,,,,,,immediate custody
56,,,,,,,,serious injury,,,,,,,,,,against public worker,,,,,,,,,,,,,addressing addiction,,good character,,,,,,,genuine remorse,,,,,,,,
56,,,,,,,,,,,,,,,,,,,,,,,,,,,,,,,,,,,,,,,,,,,,,,,,immediate custody
56,,,,,,,use of weapon,,repeated assault,,,,,,,,,,,,,,,,,,,,,,,,,isolated incident,,,,no previous convictions,,,,,,,,,,
56,,,,,,,,,,,,,,,,,,,,,,,,location,,,presence of others,,,,,,,isolated incident,,,,,,,,,,,,,,
56,,,,,,,use of weapon,,repeated assault,,,,provocation,,,less serious injury,,,,,,,,,,,,,,,,,good character,,,,,no previous convictions,,genuine remorse,,early guilty plea,,,,,,
56,,,,,,,,,,,lack of premeditation,,,,,less serious injury,,,,,,,,,,,,,,,,,,,,,,,,,single blow,early guilty plea,,,,,,immediate custody
56,,,,,,,,,,,,,,,,,,,,,,,,,,,,,,,,,,,,,,,,,,,,,,,,
56,,,,,,,,,repeated assault,,lack of premeditation,,provocation,selfdefence,,less serious injury,,,,,,,,,,,,,,,,,,,,,,,,,,,,,,,,immediate custody
56,,,,,,,,,,,lack of premeditation,,,,,less serious injury,,,,,,,,,,,,,,,,,,,,,,no previous convictions,,,,,,,,,,immediate custody
56,,,,,,,,,,,lack of premeditation,,,,,less serious injury,,,,,,,,,,,,,,,,,,,,,,no previous convictions,,,,,,,,,,immediate custody
56,,,,premeditation,,,,,,,,,,,,,,,,,,,,,,,presence of others,,,,,,good character,isolated incident,,,,no previous convictions,primary carer,,,,,,,,,
56,,,,,,,,serious injury,,,lack of premeditation,,,,,less serious injury,,,,,,,,,,,,previous violence,,,,,,,lapse of time,,,,,genuine remorse,,,,,,,,
56,,,,,,,use of weapon,,repeated assault,,,,provocation,,,less serious injury,,,,,,,,,,,,,,,,,good character,,,,,no previous convictions,,genuine remorse,,early guilty plea,,,,,,
56,,,,,,vulnerable victim,,,,personally vulnerable,lack of premeditation,,,,,less serious injury,,,,,,,,,,,,,,under influence drugs/alcohol,addressing addiction,,,,,,,,,genuine remorse,,early guilty plea,,,,,,
56,,,,,,,,,,personally vulnerable,,,,,,less serious injury,,against public worker,on bail,,,,,,,,,,,,,,,,,,,,,,,,,,,,,immediate custody
56,,,,,,,use of weapon,,repeated assault,,lack of premeditation,mental disorder (related to the offence),,,,,,,,,,,,,,,,previous violence,,,,,,,,,mental disability (general),,,,,,,,,,,immediate custody
56,,,,,,,use of weapon,,,,,,,,,less serious injury,,,,,,failure to comply with court orders,,,,,presence of others,,,,,,,,,,,,,,,,,,,,,
56,,,,,,,use of weapon,,repeated assault,personally vulnerable,,,,,,,,,,,,,,,,,,,,,,,,,,,,,,,,,,,,,,immediate custody
56,deliberate harm,,,,,,,serious injury,repeated assault,,,,,,,,,,,,,,,,,,presence of others,,,,,,good character,isolated incident,,,,no previous convictions,,,,,,,grievous bodily harm,,,immediate custody
56,,,,,,,,,,,lack of premeditation,,,,,,,,,,,,,,,,,,,,,,good character,,,,,,,genuine remorse,single blow,,,,grievous bodily harm,,,
56,,intent more harm,,,,,,,repeated assault,,,,,,subordinate role gang,less serious injury,,,,,,,,,,,,,,,,,,,,,,,,genuine remorse,,,,,grievous bodily harm,,,immediate custody
56,,,,premeditation,,,use of weapon,,,,,,,,,less serious injury,,,,,,,,,,,,,,under influence drugs/alcohol,,,good character,,,,,no previous convictions,,genuine remorse,,early guilty plea,,,grievous bodily harm,,,immediate custody
56,,,,,,,,serious injury,,,lack of premeditation,,provocation,selfdefence,,,,,,,,,,,,,,,,,,,,,,,,no previous convictions,,genuine remorse,single blow,early guilty plea,,,grievous bodily harm,,,
56,,,,,,,,,,,,,provocation,,,less serious injury,,,,,,,,,,,,,,,,lack of maturity,,,,,,,,genuine remorse,,,,,grievous bodily harm,,,
56,,,,,,,,,,,,,,,,less serious injury,,,,,,,,,,,presence of others,,,,,lack of maturity,,,,,,,,genuine remorse,single blow,,,,grievous bodily harm,,,immediate custody
56,,,,,,,use of weapon,,,,lack of premeditation,,,,,less serious injury,,,,,,,,,,,,,,under influence drugs/alcohol,,,good character,isolated incident,,,,no previous convictions,,,,,,,grievous bodily harm,,,
56,,,,,,,use of weapon,,repeated assault,personally vulnerable,,,,,,,abuse of trust,,,,failure to respond to warnings,,,,,,,previous violence,,under influence drugs/alcohol,,,,,,,,,,,,early guilty plea,,,grievous bodily harm,,,immediate custody
56,,,,,,,use of weapon,serious injury,,,lack of premeditation,,,,,,,,,,,,,,,,,,,,,,,,,,,no previous convictions,,genuine remorse,single blow,,,,grievous bodily harm,,,immediate custody
56,,,,,,,,,,personally vulnerable,,,,,,,,,,,,,,,,,,,,,,,,,,,,,,genuine remorse,,,,,grievous bodily harm,,,
56,,,,premeditation,,,,,,,,,,,,less serious injury,,,,,,,,location,,,presence of others,,timing of the offence,,,,,,,,,,,,,,,,grievous bodily harm,,,immediate custody
56,,,,,,,,,repeated assault,,,,,,,,,,,victim forced to leave home,,,,,,ongoing effect,,,,,,,,,,medical condition,,,,,,,,,grievous bodily harm,,,
56,,,,,,,use of weapon,,repeated assault,,,,,,,,,,,,,,,,,,,,,under influence drugs/alcohol,,,,,,,,,,,,,,,grievous bodily harm,,,immediate custody
56,,,,,,,,,repeated assault,,,,,,,,,,,,,,,,,,,,,,,,,,,,,,,,,,,,grievous bodily harm,,,immediate custody
56,,,,,,,,,,,lack of premeditation,,,,,less serious injury,,,,,,,,,,,,,,,,,,,,,,no previous convictions,,,single blow,,,,grievous bodily harm,,,
56,,,,,,,,,,,,,,,,,,,,,,,,,,,,,,,,,good character,isolated incident,,,,no previous convictions,,genuine remorse,single blow,,,,grievous bodily harm,,,immediate custody
56,,,,,,,,,repeated assault,personally vulnerable,,,,,,less serious injury,,,,victim forced to leave home,,,,,,,,,,,,,,isolated incident,,,,no previous convictions,,genuine remorse,,,,,grievous bodily harm,,,
56,,,,,,,use of weapon,,,,,,,,,,,,,,,,,,,,,,timing of the offence,under influence drugs/alcohol,,,,,,,,,,,,,,,,grievous bodily harm with intent,,immediate custody
56,,,,,,,,,repeated assault,,,,,,subordinate role gang,,,,,,,,,,,ongoing effect,,,timing of the offence,,,,,,,,,no previous convictions,,,,,,,,grievous bodily harm with intent,,immediate custody
56,deliberate harm,,,,,,use of weapon,serious injury,repeated assault,,,,,,,,,,,,,,,,,,presence of others,,,,,,,,,,,,,genuine remorse,,,,,,grievous bodily harm with intent,,immediate custody
56,,,,,,,,,repeated assault,,,,,,,,,,,,,,,,,,,,,,,,,isolated incident,,,,,,,,,,,,grievous bodily harm with intent,,immediate custody
56,,,leading role gang,,against race/religion,,use of weapon,,,,,,,,,,,,on bail,,,,,location,,ongoing effect,,,,,,,good character,,,,,,primary carer,genuine remorse,,,,,,grievous bodily harm with intent,,immediate custody
56,,,,premeditation,,,,,,,,,,,,,,,,,,,,,,ongoing effect,,,timing of the offence,,,,,,,,,no previous convictions,,,,,,,,grievous bodily harm with intent,,immediate custody
56,,intent more harm,,,,,,,repeated assault,,,,,,,,,,,,,,gratuitous degradation,,,,,,,,,,,,,,,,,,,,,,,grievous bodily harm with intent,,immediate custody
56,,intent more harm,leading role gang,premeditation,,,use of weapon,serious injury,,,,,,,,,,,,,,,,location,,ongoing effect,presence of others,previous violence,,,,,,,,,,no previous convictions,,,,,,,,grievous bodily harm with intent,,immediate custody
56,,,,,,,use of weapon,serious injury,,,lack of premeditation,,,,,,,,,,,,,,,,,,,,,lack of maturity,,,,,,,,,,,,,,grievous bodily harm with intent,,immediate custody
56,,intent more harm,,premeditation,,vulnerable victim,use of weapon,serious injury,repeated assault,personally vulnerable,,,,,,,,,on bail,,,,,location,,ongoing effect,presence of others,,,,,,,,,,,,,,,,,,,grievous bodily harm with intent,,immediate custody
56,,,,,,,,,,,,,,,,,,,,,,,,,,,,,,,,,,,,,,,,,,,,,grievous bodily harm,,,immediate custody
56,,,,,,,,serious injury,,,,,,,,,,,,,,,,,,,,,timing of the offence,,,,,,,,,,,,,early guilty plea,,,grievous bodily harm,,,immediate custody
56,deliberate harm,intent more harm,,,,vulnerable victim,use of weapon,serious injury,,,,,,,subordinate role gang,,,,,,,,,,,ongoing effect,presence of others,,timing of the offence,,,lack of maturity,,,,,,,,,,,,,,grievous bodily harm with intent,,immediate custody
56,,,,,,,,,repeated assault,,,,,,subordinate role gang,,,,,,,,,,,ongoing effect,,,timing of the offence,,,,,,,,,no previous convictions,,,,,,,,grievous bodily harm with intent,,immediate custody
56,,intent more harm,,,,vulnerable victim,,serious injury,,personally vulnerable,,,,,subordinate role gang,,,,,,,,,location,,ongoing effect,,,timing of the offence,,,,,,,,,,,,,,,,,grievous bodily harm with intent,,immediate custody
56,,,leading role gang,,,,,,,,,,,,,,,,,,,,,,,,,,,,,,,,,,,,,,,,,,,grievous bodily harm with intent,,immediate custody
56,,,,,,,use of weapon,,,,,,provocation,,,,,,,,,,,,,,,,,,,,,,,,,,,,,,,,,grievous bodily harm with intent,,immediate custody
56,,,leading role gang,premeditation,,,use of weapon,serious injury,,,,,,,,,,,on bail,,,,,,,ongoing effect,,,,,,,,,,,,,,genuine remorse,,early guilty plea,,,,grievous bodily harm with intent,,immediate custody
56,,intent more harm,,,,,use of weapon,,,,lack of premeditation,,,,,,,,,,,,,location,,ongoing effect,,,timing of the offence,under influence drugs/alcohol,,,,,,,,,,,,early guilty plea,,,,grievous bodily harm with intent,,immediate custody
56,,intent more harm,,,,,use of weapon,,,,,,,,,less serious injury,,,,,,,,,on licence,ongoing effect,,previous violence,timing of the offence,under influence drugs/alcohol,,,,,,,,,,,,,,,,grievous bodily harm with intent,,immediate custody
56,,,,,,,use of weapon,,,,lack of premeditation,,,,,,,,,,,,,,,ongoing effect,,,,,,,,isolated incident,,,,,,genuine remorse,,,,,,grievous bodily harm with intent,,immediate custody
56,,,leading role gang,premeditation,,,,,repeated assault,,,,,,,,,,,,,,,,,ongoing effect,,,timing of the offence,,,,,isolated incident,,,,no previous convictions,,,,,,,,grievous bodily harm with intent,,immediate custody
56,,,,,,vulnerable victim,,,,personally vulnerable,,,provocation,,,less serious injury,,,,,,,,,,,,previous violence,,,,,,,,,,,,,,,,,,,common assault,immediate custody
56,,,,,,,,serious injury,,,,,,selfdefence,,,,,,,,,,,,,,,,,,lack of maturity,,,,,,,,,,early guilty plea,,,,,common assault,immediate custody
56,,,,,,vulnerable victim,,serious injury,,,lack of premeditation,,,,,,,,,,,,,,,,presence of others,,,,,,,,,,,,,,single blow,early guilty plea,,,,,common assault,
56,,,,premeditation,,vulnerable victim,use of weapon,,repeated assault,personally vulnerable,,,,,,,,,,,,,,,,,presence of others,previous violence,,,,,,,,,,,,,,,,,,,common assault,immediate custody
56,,,,,,,use of weapon,serious injury,repeated assault,,lack of premeditation,,,,,,,against public worker,,,,,,,,,,,,,,,,isolated incident,,,,no previous convictions,,,,early guilty plea,,,,,common assault,
56,,,,,,,,,,,,,provocation,,subordinate role gang,less serious injury,,,,,,,,,,,presence of others,,,,,,,,,,,,,,,early guilty plea,,,,,common assault,immediate custody
56,,,,,,,,,,,,,,,,less serious injury,,against public worker,,,,,,,,,,,,,,,,isolated incident,,,,,,,,early guilty plea,,,,,common assault,immediate custody
56,,,,,,,,,,,,,provocation,,subordinate role gang,less serious injury,,,,,,,,,,,presence of others,,,,,,,,,,,,,,,early guilty plea,,,,,common assault,immediate custody
56,,,,,,,,serious injury,,,,,,selfdefence,,,,,,,,,,,,,,,,,,lack of maturity,,,,,,,,,,early guilty plea,,,,,common assault,immediate custody
56,,,,,,,,,repeated assault,,,,,,,,,,,,,,,,,,,,,under influence drugs/alcohol,,,,,,,,,,,,,,,,,common assault,
56,,intent more harm,,,,vulnerable victim,,serious injury,repeated assault,personally vulnerable,,,,,subordinate role gang,,,,,,,,,,,,,,,,,,,,,,,,,,,,violent disorder,,,,,immediate custody
56,,,,,against race/religion,vulnerable victim,use of weapon,serious injury,,,,,,,,,,against public worker,,,,,,location,,,,,,under influence drugs/alcohol,,,,,,,,,,,,,violent disorder,,,,,immediate custody
56,,,,,,,,,,,,,,,subordinate role gang,,,,,,,,,,,,,,,,,,,,,,,no previous convictions,,,,,violent disorder,,,,,
56,,,,,against race/religion,vulnerable victim,use of weapon,serious injury,,,,,,,,,,,,,,,,location,,,,,,under influence drugs/alcohol,,,,,,,,,,,,,violent disorder,,,,,immediate custody
57,,,,,,vulnerable victim,use of weapon,,,,lack of premeditation,,,,,,abuse of trust,,,,,,,location,,,,,timing of the offence,under influence drugs/alcohol,,,,,,,,,,,,,,,,,,
57,deliberate harm,,,premeditation,,vulnerable victim,use of weapon,serious injury,repeated assault,personally vulnerable,,,,,,,,against public worker,on bail,,,failure to comply with court orders,,location,,ongoing effect,presence of others,,timing of the offence,under influence drugs/alcohol,,,,,,,,,,,,,,,,,,immediate custody
57,,,,,,,use of weapon,,,,,,,,,less serious injury,,,,,,,,,,,presence of others,,,,,,,,,,,,,,single blow,,,,,,,
57,,,,,,,use of weapon,,,,lack of premeditation,,,,,less serious injury,,,,,,,,location,,,,,timing of the offence,,,,good character,,,,,no previous convictions,,,,,,,,,,
57,deliberate harm,,,,,,,,repeated assault,personally vulnerable,lack of premeditation,,,,,,,,on bail,victim forced to leave home,,,,,,,,previous violence,,under influence drugs/alcohol,,,,,,,,,,genuine remorse,,,,,,,,immediate custody
57,,,,,,,,serious injury,,,,,,,,,,,,,,,,,,,,,,under influence drugs/alcohol,,,good character,,,,,,,genuine remorse,,early guilty plea,,,,,,
57,,,,,,,use of weapon,serious injury,,,,,,selfdefence,,,,,,,,,,location,,ongoing effect,,,,under influence drugs/alcohol,,,,,,,,,,genuine remorse,,,,,,,,immediate custody
57,,,,,,,use of weapon,,,,lack of premeditation,,,,,less serious injury,,,,,,,,location,,,,,timing of the offence,,,,,,,,,,,,,,,,,,,
57,,,,,,,,,,,,,,,subordinate role gang,,,,,,,,,,,,,,,,,lack of maturity,,,,,,,,,,,,affray,,,,
57,,,,,,,use of weapon,,,,lack of premeditation,,,,,less serious injury,,,,,,,,location,,,presence of others,,timing of the offence,,,,,,,,,no previous convictions,,,,,,affray,,,,immediate custody
57,,,leading role gang,,,,,,,,lack of premeditation,,,,,,,,,,,,,,,,,,,,,,,,,,,,,,,,,affray,,,,
57,,,,,,,use of weapon,serious injury,,,lack of premeditation,,,,,,,,,,,,,location,,,,,timing of the offence,,,,,,,,,,,,,,,affray,,,,immediate custody
57,,,,,,,,,,,,,,,subordinate role gang,,,,,,,,,,,,,,,,,lack of maturity,,,,,,,,,,,,affray,,,,
57,,,,,,,use of weapon,,,,,,,,,,,,,,,,,,,,,,,,,,,,,,,,,,,,,affray,,,,immediate custody
57,,,,,,,use of weapon,serious injury,,,,,,,,,,,,,,,,,,,,,,,,,,,,,,,,,,,,affray,,,,immediate custody
57,,,,,,,,serious injury,,,,,,,,,,against public worker,,,,,,,,,presence of others,,,,,,,,,,,,,,,,,affray,,,,immediate custody
57,,,leading role gang,premeditation,,vulnerable victim,use of weapon,serious injury,,personally vulnerable,,,,,,,,,,,,,,location,,,,,,under influence drugs/alcohol,,,,,,,,,,,,,,affray,,,,
57,,,,,,,use of weapon,serious injury,,,lack of premeditation,,,,,,,,,,,,,location,,,,,timing of the offence,,,,good character,,,,,,,,,,,affray,,,,immediate custody
57,,,,,,vulnerable victim,,serious injury,,,lack of premeditation,,,,,,,,,,,,,location,,,,,timing of the offence,,,,good character,,,,,,,,,,,affray,,,,immediate custody
57,,,,,,,,serious injury,,,,,,,,,,,,,,,,,,,,,,,,,,,,,,,,,,,,affray,,,,immediate custody
57,,,leading role gang,,,,,,,,lack of premeditation,,,,,,,,,,,,,,,,,,,,,,,,,,,no previous convictions,primary carer,,,,,affray,,,,
57,,,,,,,use of weapon,,,,lack of premeditation,,provocation,selfdefence,,less serious injury,,,,,,,,,,,,,,,,,good character,isolated incident,,,,no previous convictions,,genuine remorse,,,,affray,,,,
57,,,,,,,,,,,,,,,,,,,,,,,,,,,presence of others,,,under influence drugs/alcohol,addressing addiction,,,isolated incident,,,,no previous convictions,primary carer,genuine remorse,,,,,,,,
57,,,,,,,,,repeated assault,personally vulnerable,,mental disorder (related to the offence),,,,,,,,,,,,,,ongoing effect,,,,,,,,,,,,,,,,early guilty plea,,,,,,immediate custody
57,,,,,,,,serious injury,,,,,,,,,,against public worker,,,,,,,,,,,,,,,,,,,,,,,single blow,,,,,,,
57,,,,,,,,,,,,,,,,,,,,,,,,,,ongoing effect,,,timing of the offence,,,lack of maturity,,,,,,,,genuine remorse,single blow,early guilty plea,,,grievous bodily harm,,,immediate custody
57,,,,,,,,serious injury,,,,,,,,,,,,,,,,location,,,,,timing of the offence,,,,good character,isolated incident,,,,no previous convictions,,genuine remorse,,,,,grievous bodily harm,,,
57,,,,,,,use of weapon,serious injury,repeated assault,,,,,,,,,,,,,,,,,,,,,under influence drugs/alcohol,,,,,,,,,,,,early guilty plea,,,grievous bodily harm,,,immediate custody
57,,,,,,,use of weapon,serious injury,repeated assault,,,,,,,,,,,,,,,,,,,,,under influence drugs/alcohol,,,,,,,,,,,,,,,grievous bodily harm,,,immediate custody
57,,,leading role gang,,,,use of weapon,serious injury,repeated assault,,,,,,,,,,,,,,,,,,,,,under influence drugs/alcohol,,,,,,,,,,,,early guilty plea,,,grievous bodily harm,,,immediate custody
57,,,,,,,,serious injury,,,,mental disorder (related to the offence),,,,,,,,,,,,,,,,,,,,,,,,,,,,genuine remorse,single blow,,,,grievous bodily harm,,,
57,,,,premeditation,,,use of weapon,,,,,,provocation,,,less serious injury,,,,,,,,location,,,presence of others,,,under influence drugs/alcohol,,lack of maturity,good character,,,,,no previous convictions,,,single blow,early guilty plea,,,grievous bodily harm,,,immediate custody
60,,,,,,,,,,,,,,selfdefence,,,,,,,,,,,,,,,,,,,,,,,,,,,,,,,,,,
60,,,,,,,,,repeated assault,,lack of premeditation,,,,,,,,,,,,,location,,ongoing effect,presence of others,,,under influence drugs/alcohol,,,good character,,,,,no previous convictions,,genuine remorse,,early guilty plea,,,,,,immediate custody
60,,,,,,,use of weapon,,,,,,,,,less serious injury,,,,,,,,,,,,,,under influence drugs/alcohol,,,,,,,,,,genuine remorse,,,,,,,,immediate custody
60,deliberate harm,,,,,,use of weapon,serious injury,repeated assault,,lack of premeditation,,,,,,,,,,,,,location,,,presence of others,previous violence,,under influence drugs/alcohol,,,,,,,,,,genuine remorse,,,,,,,,immediate custody
60,,,,,,,,,,,,,,,,,,against public worker,,,,,,location,,,,,,,addressing addiction,lack of maturity,,,,,,,,genuine remorse,,early guilty plea,,,,,,immediate custody
60,,intent more harm,,,,,,,,,,,,,,less serious injury,,,,,,,,,,,,,,under influence drugs/alcohol,,,,,,,,,,genuine remorse,,,,,,,,immediate custody
60,,,,,,,,,,,lack of premeditation,,provocation,,,less serious injury,,,,,,,,,,,,,,,,,,,,,,,,,single blow,early guilty plea,,,,,,
60,,,,,,,use of weapon,serious injury,,,,,,,,,,,,,,,,,,,,,,under influence drugs/alcohol,,,,,,,,,primary carer,,single blow,,,,,,,immediate custody
60,deliberate harm,,,,,vulnerable victim,use of weapon,serious injury,repeated assault,personally vulnerable,,,,,,,abuse of trust,,,,,,gratuitous degradation,,,ongoing effect,,,,under influence drugs/alcohol,,,,,,,,,,genuine remorse,,,,,,,,immediate custody
60,,,,,,,,,repeated assault,,lack of premeditation,,,,,,,,,,,,,,,,,,,,addressing addiction,,,,,,,no previous convictions,,genuine remorse,,early guilty plea,,,,,,
60,,,,,against race/religion,,,,,,lack of premeditation,,,,,,,,on bail,,,,,,,,,,,under influence drugs/alcohol,,,,,,,,,,genuine remorse,,early guilty plea,,,,,,immediate custody
60,deliberate harm,,,,,,use of weapon,,,,,,,,,,,,,,,,,,,,,,,,,,,,,,,,,,,early guilty plea,,,,,,
60,,,,,,,,,,,,,,,,less serious injury,,,,,,,,,,,,,,,,,,,,,,,,,,,,,,,,immediate custody
60,,,,premeditation,,,use of weapon,,,,,,,,,less serious injury,,,,,,,,location,,,,,,,,,,,,,,,,,single blow,early guilty plea,,,,,,immediate custody
60,,,,,,,,serious injury,,,lack of premeditation,,,,,,,,,,,,,,,,,,,,,lack of maturity,,,,,,,,genuine remorse,single blow,,,,,,,immediate custody
60,,,,,,,use of weapon,,,,,,,,,,,,,,,,,location,on licence,,presence of others,previous violence,,under influence drugs/alcohol,,,,,,,,,,,,early guilty plea,,,,,,immediate custody
60,deliberate harm,,,premeditation,,,use of weapon,,,,,,,,,,,,,,,,,,,,,,,,,,,,,,,,,,,early guilty plea,,,,,,
60,deliberate harm,,,,,,,serious injury,,,,,,,,,,,,,,,,,,,,,,under influence drugs/alcohol,,,,,,,,no previous convictions,,,,,,,,,,immediate custody
60,,,,,,,use of weapon,,,,,,,,,less serious injury,,,,,,,,,,,,,,,,lack of maturity,good character,isolated incident,,,,no previous convictions,primary carer,genuine remorse,single blow,,,,,,,
60,,,,,,,,serious injury,repeated assault,,lack of premeditation,,,,,,,,,,,,,,,,,,,,,,,,,,,,,,,,,,,,,
60,,,,,,,,,,,,,,,,,,,,,,,,,,,presence of others,,,under influence drugs/alcohol,,,good character,isolated incident,,,,no previous convictions,,genuine remorse,,,,affray,,,,
60,,,,,,,,,,,,,,,,,,,,,,,,,,,,,,,,,,,,,,,,,,,,affray,,,,
60,,,,,,,,,,,,,,,,,,,,,,,,,,,,,,,,,,,,,,,,,,,,affray,,,,
60,,,,,,,,,,,,,,,,,,,,,,,,location,,,,,timing of the offence,,,,,,,,,,,,,,,affray,,,,
60,,,,,,,,,,,,,,,,,,,,,,,,,,,,,,,,,,,,,,,,,,early guilty plea,,affray,,,,
60,,,,,,,use of weapon,,,,,,provocation,,,,,,,,,,,,,,presence of others,,,,addressing addiction,,,,,,,,,,,early guilty plea,,affray,,,,
60,,,,,,,,,,,,,,,,,,,,,,,,location,,,,,timing of the offence,,,,,,,,,,,,,,,affray,,,,
60,,,,,,,use of weapon,,,,,,,,,less serious injury,,,,,,,,,,,,,,under influence drugs/alcohol,,,,,,,,,,genuine remorse,,,,,,,,
60,,,,,,,,,,,,,,,,,,,,victim forced to leave home,,,,,,,presence of others,,,under influence drugs/alcohol,,lack of maturity,good character,,,,,no previous convictions,,,,,,,,,,
60,deliberate harm,,,,,,use of weapon,serious injury,,,,,,,,,,,,,,,,location,,,presence of others,,timing of the offence,under influence drugs/alcohol,,,,,,,,,,,,,,,,,,
60,,,,,,,,,,,lack of premeditation,,,,,,,,,,,,,,,,,,,under influence drugs/alcohol,,,,isolated incident,,,,,,,single blow,,,,,,,
60,,,,,,,,serious injury,,,lack of premeditation,,,,,,,,,,,,,location,,,,,,,,lack of maturity,good character,isolated incident,,,,no previous convictions,,genuine remorse,single blow,early guilty plea,,,,,,
60,,,,,,,,,,,,,,,,,,,,,,,,,,,,,,,,,,,,,,,,,,,,,,,,
60,,,,,,,,,,,,,,,,,,,,,,,,,,,,,,,,,,,,,,,,,,,,,,,,
60,deliberate harm,,,,,,use of weapon,serious injury,,,,,,,,,,,,,,,,location,,,presence of others,,timing of the offence,under influence drugs/alcohol,,,good character,,,,,no previous convictions,,,,,,,,,,
60,deliberate harm,,,,,,use of weapon,serious injury,,,,,,,,,,,,,,,,location,,,presence of others,,timing of the offence,under influence drugs/alcohol,,,,,,,,,,,,,,,,,,
60,,,,,against race/religion,,,,,,,,,,,less serious injury,,,,,,,,,,,,,,,,,,,,,,,,genuine remorse,,,,,,,,
60,,,,,,,,serious injury,,,lack of premeditation,,,,,,,,,,,,,location,,ongoing effect,presence of others,,,under influence drugs/alcohol,,,good character,,,,,no previous convictions,,,,,,,,,,
60,,,leading role gang,,,,use of weapon,,,,,,,,,,,,,,,,,location,,,,,timing of the offence,under influence drugs/alcohol,,,,,,,,,,,,,,,grievous bodily harm,,,immediate custody
60,,,,,,,use of weapon,serious injury,,,,,,,,,,,,,,,,location,,,presence of others,,,,,,,,,,,no previous convictions,,genuine remorse,,,,,grievous bodily harm,,,immediate custody
60,,,,,,,use of weapon,,,,,,provocation,,,,,,,,,,,,,,,,,,,,,,,,,,,,,early guilty plea,,,grievous bodily harm,,,
60,,,,premeditation,,,use of weapon,,repeated assault,,,,,,,,,,,,,failure to comply with court orders,,location,,ongoing effect,,,,under influence drugs/alcohol,,,,,,,,,,,,early guilty plea,,,grievous bodily harm,,,immediate custody
60,,,,,,,,serious injury,,,lack of premeditation,,,,,,,,,,,,,,,,,,,,,,,isolated incident,,,,no previous convictions,,genuine remorse,single blow,,,,grievous bodily harm,,,immediate custody
60,,,,,,,,,,,,,,,,,,,,,,,,,,,,,,,,,,,,,,,,,,,,,grievous bodily harm,,,
60,,,,,,,,serious injury,,,lack of premeditation,,,,,,,,,,,,,,,,,,,,,lack of maturity,,,,,,,,genuine remorse,,early guilty plea,,,grievous bodily harm,,,
60,,,,premeditation,,,,,,,,,,,,,,,,,,,,,,,,,,,,,,,,,,,,,single blow,,,,grievous bodily harm,,,immediate custody
60,,,,,,,,,,,lack of premeditation,,,,,,,,,,,,,,,,,,,,,,good character,isolated incident,,,,no previous convictions,,genuine remorse,single blow,,,,grievous bodily harm,,,
60,,,,,,,,serious injury,,,lack of premeditation,,,,,,,,,,,,,location,,,,,,,,lack of maturity,good character,,,,,,,,single blow,early guilty plea,,,grievous bodily harm,,,immediate custody
60,,,,,,,use of weapon,serious injury,,,,,,,,,,,,,,,,location,,,presence of others,,,,,,,,,,,no previous convictions,,,,,,,grievous bodily harm,,,immediate custody
60,,,,,,,use of weapon,serious injury,,,lack of premeditation,,provocation,,,,,,,,,,,,,ongoing effect,,,,,,,good character,isolated incident,,,,no previous convictions,,genuine remorse,,early guilty plea,,,grievous bodily harm,,,
60,deliberate harm,,,premeditation,,vulnerable victim,,,repeated assault,,,,,,,,,,,,,,gratuitous degradation,,,,presence of others,,,,,,,,,,,,,,,,,,,grievous bodily harm with intent,,immediate custody
60,deliberate harm,,,premeditation,,vulnerable victim,,,repeated assault,,,,,,,,,,,,,,gratuitous degradation,,,,presence of others,,,,,,,,,,,,,,,,,,,grievous bodily harm with intent,,immediate custody
60,,intent more harm,,,,,use of weapon,,,,,,,,,less serious injury,,,,,,,,,,,,,,,,,,,,,,,,,,,,,,grievous bodily harm with intent,,immediate custody
60,,,,premeditation,,,use of weapon,,,,,,,,,,,,,,,,,,,,,,,,,lack of maturity,good character,,,,,no previous convictions,,genuine remorse,,,,,grievous bodily harm,,,
60,,,,,,,,serious injury,,,lack of premeditation,,,,,,,,,,,,,,,,,,,,addressing addiction,,good character,isolated incident,,,,no previous convictions,,genuine remorse,single blow,early guilty plea,,,grievous bodily harm,,,
60,,,,,,,,serious injury,,,lack of premeditation,,,,,,,,,,,,,,,,,,,,,,,,,,,,,,,,,,grievous bodily harm,,,immediate custody
60,,,,,,,,,,,lack of premeditation,,,,,less serious injury,,,,,,,,,,,,,,,,,,,,,,,,,,,,,grievous bodily harm,,,
60,,,,,,,,serious injury,,,,,,,subordinate role gang,,,,,,,,,location,,,presence of others,,,,,,,,,,,no previous convictions,,genuine remorse,,,,,grievous bodily harm,,,immediate custody
60,,,,,,,use of weapon,,,,,,,,,less serious injury,,,,,,,,,,,,,,under influence drugs/alcohol,,,,,,,,,,,single blow,,,,,grievous bodily harm with intent,,immediate custody
60,,,,,,,use of weapon,,,,,,,,,less serious injury,,,,,,failure to comply with court orders,,location,,,presence of others,,,,,,,,,,,,,,,early guilty plea,,,,grievous bodily harm with intent,,immediate custody
60,,,,,,,,serious injury,repeated assault,personally vulnerable,,,,,,,abuse of trust,,,,,,,,,ongoing effect,,,,,,,,,,,,,,,,,,,,,common assault,
60,,,,,,,,,,,lack of premeditation,,provocation,selfdefence,,less serious injury,,,,,,,,location,,,,,,,,,,,,medical condition,,,,,single blow,,,,,,common assault,
60,,,,,,,,,,,,,,,,,,,,,,,,,,,,,,,,,,,,,,,,,,early guilty plea,,,,,common assault,
60,,,,,,,,,,personally vulnerable,lack of premeditation,mental disorder (related to the offence),,,,less serious injury,,,,,,failure to comply with court orders,,,,,,,,,addressing addiction,,,,,,mental disability (general),,,genuine remorse,,,,,,,common assault,
60,,,,,,,,serious injury,,,,,,,,,,,,,,,,,,,presence of others,,,,,,,,,,,,,,,early guilty plea,,,,,common assault,immediate custody
60,,,,,,,,,,,,,,,,,,,,,,,,location,,,,,timing of the offence,,,,,,,,,,,,,,violent disorder,,,,,immediate custody
60,,,,,,,,,,,,,,,,,,,,,,,,location,,,,,timing of the offence,,,,,,,,,,,,,,violent disorder,,,,,immediate custody
60,,,,,,,,,,,,,,,,,,,,,,,,location,,,,,timing of the offence,,,,,,,,,,,,,,violent disorder,,,,,immediate custody
60,,,,,,,,,,,,,,,,,,,,,,,,location,,,,,timing of the offence,,,,,,,,,,,,,,violent disorder,,,,,immediate custody
61,,,leading role gang,premeditation,,,,,repeated assault,,,,,,,,,,,,,,,location,,,presence of others,,timing of the offence,under influence drugs/alcohol,,,,,,,,,,genuine remorse,,early guilty plea,,,,,,immediate custody
61,,,,,,,use of weapon,,repeated assault,,,,,,,,,,,,,,,location,,,,previous violence,timing of the offence,under influence drugs/alcohol,,,,,,,,,,,,,,,,,,immediate custody
61,,,,,,,,,,,,,,,,,,,,,,,,location,,,,,timing of the offence,under influence drugs/alcohol,,,,isolated incident,,,,no previous convictions,,genuine remorse,,,,,,,,
61,,intent more harm,,,,,use of weapon,,,,,,,,,less serious injury,,,,,,,,location,,,presence of others,,,,,,,,,,,,,,,early guilty plea,,,,,,immediate custody
61,,,,,,vulnerable victim,use of weapon,,,,,,,,,,,,,,,,,,,,,,,,,,good character,isolated incident,,,,,,genuine remorse,,early guilty plea,,,,,,
61,deliberate harm,,,,,vulnerable victim,use of weapon,,repeated assault,,,,,,,,,,,,,,,,,,,,timing of the offence,under influence drugs/alcohol,,,,,,,,,,,,early guilty plea,,,,,,immediate custody
61,,,,,,,,serious injury,,,,,,,,,,,,,,,,,,,,,,,,,,,,,,,,genuine remorse,,,,,,,,
61,deliberate harm,,,,,,,serious injury,,,,,,,,,,,,,,,,,,,,,,,,,,,,,,,,genuine remorse,,,,,,,,
61,deliberate harm,,,,,,use of weapon,,,,,,,,,,,against public worker,,,,,,,,,,,,under influence drugs/alcohol,,,,,,,,,,,single blow,early guilty plea,,,,,,immediate custody
61,,,,,,,use of weapon,,,,,,,,,less serious injury,,,,,,,,,,,,,,,,,,,,,,,,,,,,,,,,immediate custody
61,deliberate harm,,,,,vulnerable victim,use of weapon,,repeated assault,,,,,,,,,,,,,,,,,,,,timing of the offence,under influence drugs/alcohol,,,,,,,,,,,,early guilty plea,,,,,,immediate custody
61,,,,,,,,,,,,,,,,,,,,,,,,,,,,,,,,,,,,,,,,,,,,,,,,
61,,,,,,,use of weapon,,,,lack of premeditation,,,,,,,,,,,,,,on licence,,,,,under influence drugs/alcohol,addressing addiction,,,,,,,,,genuine remorse,single blow,early guilty plea,,,,,,
61,,,,,,,,,,,,,,,,,,,,,,,,,,,,,,,,,,,,,,,,,,,,affray,,,,
61,,,,,,,,,repeated assault,,,,,,,,,,,,,,,,,,presence of others,,,,,,,,,,,,,genuine remorse,,,,affray,,,,
61,,,,,,,,,,,,,,,,,,,,,,,,,,,,,,,,,,,,,,,,,,,,affray,,,,
61,,,leading role gang,,,,use of weapon,serious injury,,,,,,,,,,against public worker,,,,,,location,,,presence of others,,,under influence drugs/alcohol,,,,,,,,,,genuine remorse,,,,affray,,,,immediate custody
61,,,,,,,,,,,,,,,,,,,,,,,,,,,,,,,,,,,,,,,,,,,,affray,,,,
61,,,,,,,use of weapon,,,,,,,,,,,against public worker,,,,,,,,,presence of others,previous violence,,under influence drugs/alcohol,,,,isolated incident,,,,,,genuine remorse,,early guilty plea,,affray,,,,immediate custody
61,,,,,,,,,,,,,,,subordinate role gang,,,,,,,failure to comply with court orders,,location,,,presence of others,,timing of the offence,,,,,,,,,,,,,early guilty plea,,affray,,,,immediate custody
61,,,leading role gang,,,,use of weapon,serious injury,,,,,,,,,,against public worker,on bail,,,,,,,,presence of others,,,under influence drugs/alcohol,,,,,,,,,,,,,,affray,,,,immediate custody
61,,,,,,,use of weapon,,,,lack of premeditation,,,,,,,against public worker,,,,,,,,,,,timing of the offence,under influence drugs/alcohol,addressing addiction,lack of maturity,,,,,,no previous convictions,,genuine remorse,,early guilty plea,,affray,,,,
61,,,,,,,,serious injury,,,,,provocation,,,,,,,,,,,location,,,presence of others,,,under influence drugs/alcohol,,,,isolated incident,,,,no previous convictions,,genuine remorse,single blow,early guilty plea,,,,,,
61,,,,premeditation,,,,,,,,,,,,,,,on bail,,,,,,,,,,,,,,,,,,,,,,,,,,,,,immediate custody
61,,,,,,,,,,,,,provocation,selfdefence,,,,,,,,,,location,,,,,timing of the offence,under influence drugs/alcohol,,,,,,,,,,,,,,,,,,
61,deliberate harm,,,premeditation,,,use of weapon,,repeated assault,,,,,,,,,,,,,,,,,,presence of others,,,,,,,isolated incident,,,,no previous convictions,,,,early guilty plea,,,,,,immediate custody
61,,,,,,,,,,,,,,,,,,,,,,,,location,,,,,timing of the offence,under influence drugs/alcohol,,,,isolated incident,,,,,,,,,,,,,,immediate custody
61,,,leading role gang,premeditation,,,use of weapon,,repeated assault,,,,,,,,,,,,,,,location,,,presence of others,,timing of the offence,under influence drugs/alcohol,,,,,,,,,primary carer,,,early guilty plea,,,,,,immediate custody
61,,,,,,,use of weapon,,,,lack of premeditation,,,,,,,,,,,,,location,,,,,timing of the offence,,addressing addiction,,,,,,,,,genuine remorse,,,,,,,,
61,,,,,,,,,,,,,provocation,selfdefence,,,,,,,,,,location,,,,,timing of the offence,under influence drugs/alcohol,,,,,,,,no previous convictions,,,,,,,,,,
61,,,,,,,use of weapon,,repeated assault,,,,,,,less serious injury,,,,,,,,,,ongoing effect,,,,under influence drugs/alcohol,,,,,,,,,,genuine remorse,,early guilty plea,,,,,,immediate custody
61,,,,,,,,,,,,,,,,,,,,,,,,,,,,,,,,,,,,,mental disability (general),no previous convictions,,,,,,,,,,
61,,,,,,,,,,,,,provocation,selfdefence,,,,,,,,,,location,,,,,timing of the offence,under influence drugs/alcohol,,,,,,,,,,,,,,,,,,
61,,,,,,,,,,,,,provocation,selfdefence,,,,,,,,,,location,,,,,timing of the offence,under influence drugs/alcohol,,,,,,,,,,,,,,,,,,
61,,,,,,,,,,,lack of premeditation,,,,,,,,,,,,,,,,,,,,,,good character,,,,mental disability (general),no previous convictions,,genuine remorse,single blow,early guilty plea,,,,,common assault,
61,,,,,,vulnerable victim,use of weapon,,repeated assault,,,,,,,less serious injury,,,,,,,,location,,,,,,under influence drugs/alcohol,,,,isolated incident,,,,no previous convictions,,,,,,,,grievous bodily harm with intent,,immediate custody
61,,,,,,,use of weapon,serious injury,repeated assault,,,,,,,,,,,,,,,location,,,,,timing of the offence,,,,,,,,,,,,,,,,,grievous bodily harm with intent,,immediate custody
61,,,,premeditation,,,use of weapon,,,,,,,,,,,,,,,,,,,,,,,,,,,,,,,,,,,,,,,grievous bodily harm with intent,,immediate custody
61,,,,,,,use of weapon,,,,lack of premeditation,mental disorder (related to the offence),,,,,,,,,,,,,,,,,,under influence drugs/alcohol,,,good character,,,,,no previous convictions,,genuine remorse,single blow,,,,grievous bodily harm,,,
61,,,,,,,use of weapon,serious injury,repeated assault,,,,,,,,,,,,,,,location,,,,,timing of the offence,under influence drugs/alcohol,,,,,,,,,,,,,,,,grievous bodily harm with intent,,immediate custody
61,,,,,,,,,,,,,,,,,,,,,,,,,,,,,,,,,,,,,,,,,,,,,,grievous bodily harm with intent,,immediate custody
61,,,,,,,use of weapon,,,,,,,,,less serious injury,,,,,,,,location,,,presence of others,previous violence,timing of the offence,under influence drugs/alcohol,,,,,,,,,,,,,,,,grievous bodily harm with intent,,immediate custody
61,,,,,,,use of weapon,,,,,,,,,less serious injury,,,,,,,,location,,,,,timing of the offence,under influence drugs/alcohol,,,good character,isolated incident,,,,no previous convictions,,genuine remorse,,early guilty plea,,,,grievous bodily harm with intent,,immediate custody
61,,,,,,,use of weapon,,,,,,,,,,,,,,,,,,,,,,,,,,,,,,,,,,,,,,grievous bodily harm,,,immediate custody
61,,,,,,,,,repeated assault,,,,,,,,,,,,,,,,on licence,ongoing effect,,,,under influence drugs/alcohol,,,,isolated incident,,,,,,genuine remorse,,early guilty plea,,,grievous bodily harm,,,immediate custody
61,,,,,,,,,repeated assault,,,,,,,,,,,,,,,,,,presence of others,,,,,,,isolated incident,,,,no previous convictions,,genuine remorse,,early guilty plea,,,grievous bodily harm,,,
61,,,,,,,,,repeated assault,,lack of premeditation,,,,,,,,,,,,,,on licence,,presence of others,,,under influence drugs/alcohol,,,,isolated incident,,,,,,,,early guilty plea,,,grievous bodily harm,,,immediate custody
61,,,,,,,use of weapon,,,,,,,,,,,,,,,,,,,,,,,,,,good character,,,,,no previous convictions,,,,,,,grievous bodily harm,,,
61,,,,,,,use of weapon,,,,,,,,,,,,,,,,,,,,,,,,,,good character,,,,,no previous convictions,,,,,,,grievous bodily harm,,,
61,,,,,,,use of weapon,,,,lack of premeditation,,provocation,,,,,,,,,,,location,,,,,,under influence drugs/alcohol,,,,isolated incident,,,,no previous convictions,,genuine remorse,single blow,,,,grievous bodily harm,,,
61,,,,,,,,,,,,,,,,,,,,,,,,,,,,,,,,,,,,,,,primary carer,,,,,,grievous bodily harm,,,immediate custody
62,,,leading role gang,,,,use of weapon,,,,,,,,,,,,on bail,,,,,location,,ongoing effect,,,timing of the offence,under influence drugs/alcohol,,,,,,,,,,,,early guilty plea,,,,,,immediate custody
62,,,,,,,,,,,,,,,subordinate role gang,less serious injury,,,,,,,,,,,presence of others,,,under influence drugs/alcohol,addressing addiction,,,,lapse of time,,,,,,,,,,,,,
62,,,,,,,,,,,lack of premeditation,,,,,,,,,,,,,,,,presence of others,,,,,,good character,isolated incident,,,,no previous convictions,,genuine remorse,single blow,early guilty plea,,,,,,
62,,,,,,,use of weapon,,repeated assault,,,,,,,,,,,,,,,location,,ongoing effect,,,timing of the offence,,,,,,,,,,,,,,,,,,,
62,,,,,,,,,,,,mental disorder (related to the offence),provocation,selfdefence,,less serious injury,,,,,,,,,,,,,,,,,,,,,mental disability (general),,,,,,,,,,,
62,,,,premeditation,,,use of weapon,,,,,,,,,less serious injury,,,on bail,,,,,location,,,,,,,,,,,,,,,,,,,,,,,,immediate custody
62,,,,,,,,,,,lack of premeditation,,,,,less serious injury,,,,,,,,,,,,,,,,,,,,,,,,,,,,,,,,immediate custody
62,,,,,,,,,,,lack of premeditation,,,,,less serious injury,,,,,,failure to comply with court orders,,,,,,previous violence,,under influence drugs/alcohol,addressing addiction,lack of maturity,,isolated incident,,,,,,genuine remorse,,,,,,,,
62,,,,,,vulnerable victim,use of weapon,,repeated assault,personally vulnerable,,,,,,,,,on bail,,,,,,,,,,,,,,,,,,,,,,,,,,,,,immediate custody
62,,,,,,,,serious injury,,,,,provocation,selfdefence,,,abuse of trust,,,,,,,,,ongoing effect,,,,under influence drugs/alcohol,,,,,,,,no previous convictions,,genuine remorse,,early guilty plea,,,,,,immediate custody
62,,,,,,,use of weapon,,,,,,,,,,,,,,,,,,,,,,,,,,,,,,,,,,,,,,,,,
62,,,,premeditation,,,,serious injury,,,,,,,,,,,,,,,,location,,,presence of others,,,under influence drugs/alcohol,,,good character,,,,,no previous convictions,,genuine remorse,single blow,early guilty plea,,,,,,
62,,,,,,,use of weapon,,,,,,,,,less serious injury,,,,,,,gratuitous degradation,location,,ongoing effect,,previous violence,,,,,,,,,,,,,,,,,,,,immediate custody
62,,,,,,,,,,,lack of premeditation,,,,,,,,,,,,,,,,,,,,,,,,,,,,,genuine remorse,,,,,,,,
62,,,,,,,use of weapon,,,,,,,,,,,,,,,,,,,,,,,,,,,,,,,,,,,,,,,,,
62,deliberate harm,intent more harm,,,,vulnerable victim,use of weapon,serious injury,repeated assault,personally vulnerable,,,,,,,,,,,,failure to comply with court orders,,,,,,,,under influence drugs/alcohol,,,,,,,,,,,,,,,,,,immediate custody
62,,,,,,,,,,,,,,,,less serious injury,,against public worker,,,,,,,,,presence of others,,,,,lack of maturity,,isolated incident,,,,,primary carer,genuine remorse,single blow,,,,,,,
62,,,,,,,,,repeated assault,,lack of premeditation,,,selfdefence,,less serious injury,,,,,,,,,,,,,,under influence drugs/alcohol,,,good character,isolated incident,,medical condition,,no previous convictions,,,,,,,,,,
62,deliberate harm,,leading role gang,,,,,,,,,,,,,less serious injury,,,,,,,,location,,ongoing effect,presence of others,,,,,lack of maturity,,,,,,,primary carer,genuine remorse,,,,,,,,
62,,,,,,,use of weapon,,,,lack of premeditation,,,,,less serious injury,,,,,,,,,,,presence of others,previous violence,,under influence drugs/alcohol,,,,isolated incident,,,,,,genuine remorse,single blow,,,,,,,immediate custody
62,,,,,,vulnerable victim,,,,,,,,,subordinate role gang,less serious injury,,,,,,,,,,,,,,,,,,,,,,,,,,,,,,,,
62,,,,,,,use of weapon,,,,,,,,,,,,,,,,,location,,ongoing effect,,,timing of the offence,under influence drugs/alcohol,,,,,,,,,,,,early guilty plea,,,,,,immediate custody
62,,,,,,,,,,,,,provocation,,,less serious injury,,,,,,,,,,,,,,,,,good character,,,,,no previous convictions,,genuine remorse,,,,,,,,
62,,,,,,vulnerable victim,,,,,,,,,subordinate role gang,less serious injury,,,,,,failure to comply with court orders,,location,,,presence of others,,timing of the offence,,,,,,lapse of time,,,,,,single blow,,,,,,,
62,,,,,,,,,,,,,provocation,,,less serious injury,,,,,,,,,,,,,,,,,,,lapse of time,,,no previous convictions,,genuine remorse,,,,,,,,
62,,,,,,,use of weapon,,,,,,,,,less serious injury,,,,,,,,,,,,,,under influence drugs/alcohol,,,,,,,,,,genuine remorse,,early guilty plea,,,,,common assault,
62,,,,,,,,,,,,,,,,,,,,,,,,,,,,,,,,,,,lapse of time,,,,,genuine remorse,,early guilty plea,,affray,,,,
62,,,,,,,,,,,,,,,subordinate role gang,less serious injury,,,,,,,,location,,,presence of others,,,under influence drugs/alcohol,,,good character,,,,,no previous convictions,,genuine remorse,,,,affray,,,,
62,,,,,,,use of weapon,,,,lack of premeditation,,,,,less serious injury,,,,,,,,location,,,presence of others,previous violence,,under influence drugs/alcohol,,lack of maturity,,,,,,,,genuine remorse,single blow,,,affray,,,,immediate custody
62,,,leading role gang,,,,,,,,,,,,,less serious injury,,,,,,,,location,,,,,,,,,,,,,,,,,single blow,,,affray,,,,
62,,,,,,,use of weapon,,,,,,,,subordinate role gang,less serious injury,,,,,,,,location,,,presence of others,,,under influence drugs/alcohol,,lack of maturity,good character,,,,,no previous convictions,,genuine remorse,,,,affray,,,,
62,,,,,,,use of weapon,,,,,,,,subordinate role gang,less serious injury,,,,,,,,location,,,presence of others,,,under influence drugs/alcohol,,,good character,,,,,no previous convictions,,genuine remorse,,,,affray,,,,
62,,,leading role gang,,,,,,,,,,,,,less serious injury,,,,,,,,location,,,presence of others,,,under influence drugs/alcohol,addressing addiction,,,,,,,,,,,,,affray,,,,
62,,,,,,,,,,,lack of premeditation,,,,,less serious injury,,,,,,,,,,,,,,,,,good character,isolated incident,,,,no previous convictions,,genuine remorse,single blow,,,affray,,,,
62,,,,,,,use of weapon,,,,,,,,,,,against public worker,on bail,,,,,,,,,,,under influence drugs/alcohol,,,,isolated incident,,,,,,,,,,affray,,,,immediate custody
62,,,,,,,,,,,,,,,,,,,,,,,,,,,,,,,,,,,,,,,,,,,,affray,,,,
62,,,,,,,,,,,,,provocation,,subordinate role gang,less serious injury,,,,,,,,location,,,presence of others,,,under influence drugs/alcohol,addressing addiction,,good character,isolated incident,,,,no previous convictions,,,,,,affray,,,,
62,,,,,,,,,,,,,provocation,,,,,,,,,,,,,,,,,,,,good character,isolated incident,lapse of time,,,no previous convictions,,genuine remorse,,,,affray,,,,
62,,,,,,,,,,,,,,,subordinate role gang,less serious injury,,,,,,,,location,,,,,,,,,,,,,,no previous convictions,,,,,,affray,,,,
62,,,leading role gang,,,,,,,,,,,,,,,,,,,,,,,,presence of others,,,under influence drugs/alcohol,,,,,,,,,,,,,,affray,,,,
62,,,,,,,use of weapon,,,,,,,,,less serious injury,,,,,,,,,,,presence of others,,,under influence drugs/alcohol,,,,,,,,,,genuine remorse,,,,affray,,,,
62,,,,,,,,,,,,,,,,,,,,,,failure to comply with court orders,,,,,,,,,,,,,,,,,,,,,,affray,,,,immediate custody
62,,,,,,,use of weapon,,,,,,,,subordinate role gang,,,,,,,,,location,,,,,,under influence drugs/alcohol,,,,,,,,,,genuine remorse,,,,affray,,,,immediate custody
62,,,,,,,use of weapon,,,,,,,,,,,,,,,,,location,,,,,,under influence drugs/alcohol,,,,,,,,,,,,,,affray,,,,immediate custody
62,,,,,,,,serious injury,,,,,,,,,,,,,,,,,,,,,,under influence drugs/alcohol,,,,,,,,,,genuine remorse,,,,affray,,,,
62,,,,,,,,,,,,,,,,,,,,,,,,,,,,,,under influence drugs/alcohol,,,,,,,,,,,,,,affray,,,,
62,,,,,,,,,,,lack of premeditation,,,,,less serious injury,,,,,,,,,,,presence of others,,,under influence drugs/alcohol,,,,,,,,,,,,,,,,,,
62,,,,,,,,,,,,,,,,,,,,,,,,,,,,,,,,,,,,,,,,genuine remorse,,,,affray,,,,
62,,,,,,,,,,,lack of premeditation,,,,,less serious injury,,,,,,,,,,,,previous violence,,under influence drugs/alcohol,,,,,,,,,,,single blow,,,,,,,immediate custody
62,,,,,,,use of weapon,,,,,,,,,less serious injury,,,,,,,,,,ongoing effect,,,,,,,,,,,,,,,,,,,,,,
62,,,leading role gang,,,,use of weapon,,,,,,,,,less serious injury,,,,,,,,,,,,,,,,,good character,,,,,no previous convictions,,genuine remorse,single blow,early guilty plea,,,,,,
62,,,,,,,,,,,,,,,,,,,,,,,,location,,,presence of others,,timing of the offence,,,,,,,,,,,,single blow,,,,,,,immediate custody
62,,,,,,,use of weapon,,repeated assault,personally vulnerable,,,,,,less serious injury,,,,,,,,,on licence,,,,,under influence drugs/alcohol,,,,,,,,no previous convictions,,,,,,,,,,immediate custody
62,,,,premeditation,,,use of weapon,,,,,,,,,less serious injury,,,,,,,,,,,,,,,,,,,,,,,,genuine remorse,,,,,,,,immediate custody
62,,,,,,,,serious injury,,,,,,,,,,,,,,,,,,,,,,,,,,,lapse of time,,,,,genuine remorse,single blow,early guilty plea,,,,,,immediate custody
62,,,,,,,,,,,lack of premeditation,,,,,less serious injury,,,,,,,,,,,,,,under influence drugs/alcohol,,lack of maturity,,isolated incident,,,,no previous convictions,,,single blow,,,,,,,
62,,intent more harm,,,,,,,,,,,,,,less serious injury,,,,,,,,,,,,,,under influence drugs/alcohol,,,,isolated incident,,,,no previous convictions,,genuine remorse,,,,,,,,immediate custody
62,,,,,,,,,,,lack of premeditation,,,,,less serious injury,,,,,,,,,,,,,,,,,good character,isolated incident,,,,no previous convictions,,genuine remorse,single blow,,,,,,,
62,,,,,,,use of weapon,,,,,,provocation,selfdefence,,less serious injury,,,,,,,,,,,,,,,,lack of maturity,good character,isolated incident,,,,no previous convictions,,genuine remorse,,,,,,,,
62,,,,premeditation,,,,,,,,,,,,,,,,,,,,location,,ongoing effect,,,timing of the offence,under influence drugs/alcohol,,,good character,isolated incident,,,,no previous convictions,,genuine remorse,single blow,,,,,,,
62,,,,,,,,,,,,,,selfdefence,,less serious injury,,,,,,,,location,,,presence of others,,,,,,,,,,,,,,,,,,,,,
62,,,,premeditation,,,,,,,,,,,,less serious injury,,,,,,,,location,,,presence of others,,,under influence drugs/alcohol,,,,,,,,,,,,,,,,,,immediate custody
62,,,,,,,use of weapon,,,,,,,,,less serious injury,,,,,,,,,,,,,,,addressing addiction,,,,,,,,,genuine remorse,,,,,,,,
62,,,,premeditation,,,use of weapon,,,,,,,,,less serious injury,,,,,,,,location,,,,,timing of the offence,under influence drugs/alcohol,,,good character,,,,,no previous convictions,,,,,,,,,,immediate custody
62,deliberate harm,,,,,,,,,,,,,,,less serious injury,,,,,,,,location,,,presence of others,,timing of the offence,,,lack of maturity,,,,,,,,genuine remorse,,early guilty plea,,,,,,
62,,,,,,,,serious injury,repeated assault,,lack of premeditation,,provocation,,,,,,,,,,,,,,,,,under influence drugs/alcohol,,,,,,,,,,genuine remorse,,early guilty plea,,,,,,immediate custody
62,,,,,,vulnerable victim,use of weapon,,repeated assault,,,,,,,,,,,,,,gratuitous degradation,location,,ongoing effect,,,timing of the offence,,,,,,,,,no previous convictions,,,,,,,,,,immediate custody
62,,,,,,,,,,,,,,,,,,,on bail,,,failure to comply with court orders,,location,,ongoing effect,,,,under influence drugs/alcohol,,lack of maturity,,,,,,,,genuine remorse,,,,,,,,immediate custody
62,deliberate harm,,,premeditation,,vulnerable victim,use of weapon,,,,,,,,,less serious injury,,,,,,,,location,,,,,timing of the offence,,,,,,,,,,,,,,,,,,,immediate custody
62,,,,,,,,,,,,,provocation,,,less serious injury,,,,,,,,,,,,,,,,,good character,,lapse of time,,,no previous convictions,,genuine remorse,,,,,grievous bodily harm,,,
62,,,,,,,,,repeated assault,,lack of premeditation,,provocation,selfdefence,subordinate role gang,,,,,,,,,location,,,,,,under influence drugs/alcohol,,,good character,isolated incident,lapse of time,,,no previous convictions,,genuine remorse,,,,,grievous bodily harm,,,
62,,,,,,,use of weapon,,,,,,,,,less serious injury,,,,,,,,,,,,,,,,,good character,isolated incident,,,,no previous convictions,,,,,,,grievous bodily harm,,,
62,,,,,,,use of weapon,,,,,,,,,,,,,,,,,,,,,,,,,,good character,isolated incident,,,,no previous convictions,,genuine remorse,single blow,early guilty plea,,,grievous bodily harm,,,
62,,,,,,,,,repeated assault,,lack of premeditation,,provocation,selfdefence,subordinate role gang,,,,,,,,,location,,,,,,,,,good character,isolated incident,lapse of time,,,no previous convictions,,genuine remorse,single blow,,,,grievous bodily harm,,,
62,,intent more harm,,premeditation,,,,,,,,,,,,,,,,,,,,location,,,,,,,,,,,,,,,,,,,,,grievous bodily harm,,,immediate custody
62,,,,premeditation,,,use of weapon,,,,,,,,,less serious injury,,,,,,,,location,,,,,timing of the offence,under influence drugs/alcohol,,,good character,,,,,no previous convictions,,,,,,,grievous bodily harm,,,immediate custody
62,,,,,,,use of weapon,,,,,,,,,less serious injury,,,,,,,,,,,presence of others,,,under influence drugs/alcohol,,,,,,,,,,,,,,,grievous bodily harm,,,immediate custody
62,,,,,,,use of weapon,,,,lack of premeditation,,,,,less serious injury,,,,,,,,location,,,presence of others,,,under influence drugs/alcohol,addressing addiction,,,,,,,,,genuine remorse,,,,,grievous bodily harm,,,
62,,,leading role gang,premeditation,,,use of weapon,serious injury,,,,,,,,,,,,,failure to respond to warnings,,,location,,,,previous violence,,,,,,,,,,,,,single blow,early guilty plea,,,grievous bodily harm,,,immediate custody
62,,,,,,,,serious injury,,,lack of premeditation,,,,subordinate role gang,,,,,,,,,location,,ongoing effect,presence of others,,,,,,,,,,,no previous convictions,,,,,,,grievous bodily harm,,,
62,,,,,,,,,,,,,,,subordinate role gang,less serious injury,,,,,,,,,,,,,,,,,good character,,,,,no previous convictions,,genuine remorse,,,,,grievous bodily harm,,,
62,,,,,,,use of weapon,,,,lack of premeditation,,,,,less serious injury,,,,,,,,,,ongoing effect,,,,,,,,isolated incident,,,,,,,single blow,,,,grievous bodily harm,,,
62,,,,,,,use of weapon,serious injury,,,,,,,,,,,,,,,,,,,,,,,,lack of maturity,,,,,,,,,,,,,grievous bodily harm,,,immediate custody
62,,,,,,,use of weapon,,,,,,,,,less serious injury,,,,,,,,,,,,,,under influence drugs/alcohol,,lack of maturity,good character,,,,,no previous convictions,,genuine remorse,,,,,grievous bodily harm,,,
62,,,,,,,,,,,,,,,,less serious injury,,,,,,,,,,,,,,under influence drugs/alcohol,,,,,,,,,,,,,,,grievous bodily harm,,,
62,,,,,,,use of weapon,,,,,,,,,less serious injury,,,,,,,,,,,,,,,,,,,,,,,,genuine remorse,,early guilty plea,,,grievous bodily harm,,,
62,,,,,,,,,,,,,provocation,selfdefence,subordinate role gang,less serious injury,,,,,,,,location,,,presence of others,,,under influence drugs/alcohol,,,good character,,lapse of time,,,no previous convictions,,genuine remorse,single blow,,,,grievous bodily harm,,,
62,,,,,,,use of weapon,,,,,,,,,less serious injury,,against public worker,,,,,,,,,,,,,,,,,,,,,,,,,,,grievous bodily harm,,,immediate custody
62,,,,premeditation,,vulnerable victim,,serious injury,,,,,,,,,,,,,,,,,,,presence of others,,,,,,,,,,,,,,single blow,early guilty plea,,,grievous bodily harm,,,immediate custody
62,,,,,,,,,,,lack of premeditation,,provocation,selfdefence,,less serious injury,,,,,,,,location,,,,,,under influence drugs/alcohol,,,good character,isolated incident,,,,no previous convictions,,genuine remorse,single blow,,,,grievous bodily harm,,,
62,,,,,,,use of weapon,,,,,,,,,less serious injury,,,,,,,,,,,,,,,,,good character,,,,,no previous convictions,,genuine remorse,,,,,grievous bodily harm,,,
62,,,,,,,use of weapon,,,,,,,,,,,,,,,,,,,ongoing effect,,,,,,,good character,,,,,no previous convictions,,genuine remorse,,,,,grievous bodily harm,,,immediate custody
62,,,,,,,,,,,lack of premeditation,,provocation,selfdefence,,less serious injury,,,,,,,,location,,,,,,under influence drugs/alcohol,,,good character,isolated incident,,,,no previous convictions,,genuine remorse,,,,,grievous bodily harm,,,
62,,,,,,,,,,,,,provocation,,,,,,,,,,,,,ongoing effect,,,,,addressing addiction,,,,,,,no previous convictions,,genuine remorse,single blow,early guilty plea,,,grievous bodily harm,,,
62,,,,,,,,,,,,,,,,,,,on bail,,,,,,,,,,,,,,,,,,,,,genuine remorse,single blow,,,,grievous bodily harm,,,
62,deliberate harm,,,premeditation,,,use of weapon,,repeated assault,,,,,,,,,,,,,,,location,,ongoing effect,presence of others,previous violence,,under influence drugs/alcohol,,,,,,,,,,genuine remorse,,,,,grievous bodily harm,,,immediate custody
62,,,,,,,use of weapon,,,,,,,,,less serious injury,,,,,,,,location,,,,,,,,,good character,,,,,,,genuine remorse,single blow,,,,grievous bodily harm,,,immediate custody
62,,,,,,,,serious injury,,,,,,,,,,,,,,,,,,,,,,,,,good character,isolated incident,lapse of time,,,,,genuine remorse,single blow,,,,grievous bodily harm,,,immediate custody
62,,,,,,,use of weapon,,,,lack of premeditation,,,,,,,,,,,,,,,,,,,under influence drugs/alcohol,,,good character,isolated incident,,,,no previous convictions,primary carer,genuine remorse,single blow,early guilty plea,,,grievous bodily harm,,,
62,deliberate harm,,,,,,use of weapon,,,,,,,,,,,,,,,,,,,ongoing effect,,,,under influence drugs/alcohol,,,,,,,,,primary carer,,,,,,,grievous bodily harm with intent,,immediate custody
62,,,,,,,,,,,lack of premeditation,,provocation,,,less serious injury,,,,,,,,,,,presence of others,,,under influence drugs/alcohol,,,good character,isolated incident,,,,,,genuine remorse,single blow,,,,grievous bodily harm,,,
62,deliberate harm,,,,,,use of weapon,,repeated assault,,,,,,,,,,,,,failure to comply with court orders,,,,,,,,under influence drugs/alcohol,,,,,,,,,,,,,,,,grievous bodily harm with intent,,immediate custody
62,,,,,,,,serious injury,repeated assault,,,,,,,,,,,,,,,location,,,,,,,,,,,,,,,,,single blow,,,,,grievous bodily harm with intent,,immediate custody
62,,,,,,,,,,,lack of premeditation,,,,,less serious injury,,,,,,,,,,,,,,,,,,,,,,,,genuine remorse,single blow,,,,grievous bodily harm,,,
62,,,,,,,,serious injury,,,lack of premeditation,,,,,,,,,,,,,location,,ongoing effect,,,,,,,good character,isolated incident,,,,no previous convictions,,genuine remorse,,,,,grievous bodily harm,,,
62,,,,,,,,serious injury,,,lack of premeditation,,,,,,,,,,,,,,,,,,,,,,,isolated incident,,,,,,genuine remorse,single blow,,,,grievous bodily harm,,,immediate custody
62,,,,,,,,,repeated assault,,lack of premeditation,,provocation,selfdefence,subordinate role gang,,,,,,,,,location,,,,,,under influence drugs/alcohol,,,good character,isolated incident,lapse of time,,,no previous convictions,,genuine remorse,,,,,grievous bodily harm,,,
62,,,,,,,,serious injury,,,lack of premeditation,,,,,,,,,,,,,,,ongoing effect,,,,,,,good character,isolated incident,,,,no previous convictions,,genuine remorse,single blow,,,,grievous bodily harm,,,
62,,,,,,,,serious injury,,,lack of premeditation,,,,,,,,,,,,,,,,,,,,,,,isolated incident,,,,no previous convictions,,genuine remorse,single blow,,,,grievous bodily harm,,,
62,,,,,,,use of weapon,,,,,,,selfdefence,,,,,,,,,,location,,,,,,,,,,,,,,,,genuine remorse,,,,,grievous bodily harm,,,
62,,,,,,,use of weapon,serious injury,,,lack of premeditation,,,,,,,,,,,,,,,,,,,,,,,,lapse of time,,,,,,single blow,early guilty plea,,,grievous bodily harm,,,
62,,,,,,,use of weapon,,,,,,,,,less serious injury,,,,,,,,,,,,,,under influence drugs/alcohol,,,,,,,,,,genuine remorse,,early guilty plea,,,,grievous bodily harm with intent,,immediate custody
62,,,,,,,use of weapon,,,,,,,,,less serious injury,,,on bail,,,,,,,,,previous violence,,under influence drugs/alcohol,,,,,,,,,,,,,,,,grievous bodily harm with intent,,immediate custody
62,,,leading role gang,premeditation,,,use of weapon,,,,,,,,,,,,,,,,,location,,,,,,,,,good character,,,,,,,,,,,,,grievous bodily harm with intent,,immediate custody
62,,,,,,,,serious injury,repeated assault,,,,,,,,,,,,,,,,,,,,,,,,good character,,,,,no previous convictions,,genuine remorse,,,,,,grievous bodily harm with intent,,immediate custody
62,,,,,,,use of weapon,,,,,,,,,less serious injury,,,,,,,,,,,,,,,,,,isolated incident,,,,no previous convictions,,genuine remorse,,early guilty plea,,,,grievous bodily harm with intent,,immediate custody
62,,,,,,,,serious injury,,,lack of premeditation,,,,,,,,,,,,,,,,,,,,,,,isolated incident,,,,,,,,,,,,grievous bodily harm with intent,,immediate custody
62,,,,,,,,,,,,,,,,,,,,,,,,,,,,,,,,,,,,,,,,,,,,,,,common assault,immediate custody
62,,,,,,,,,,,,,,,,less serious injury,,against public worker,,,,,,location,,,,,timing of the offence,,,,good character,,,,,no previous convictions,,genuine remorse,single blow,early guilty plea,,,,,common assault,
62,,,,,,,,,,,lack of premeditation,,,,subordinate role gang,less serious injury,,,,,,,,location,,,,,,under influence drugs/alcohol,,lack of maturity,good character,isolated incident,,,,no previous convictions,,genuine remorse,single blow,early guilty plea,,,,,common assault,
62,,,,,,,,,,,,,,,,,,,,,,,,,,,,,,,,,,,,,,,,,,early guilty plea,,,,,common assault,
62,,,,,,,,,,,,,provocation,,,,,,,,,,,,,,,,,,,,,,,,,,,genuine remorse,,,,,,,common assault,
62,,,,,,,use of weapon,,,,,,,,,less serious injury,,,,,,,,,,,,,,,,,,isolated incident,,,,no previous convictions,,,,,,,,,common assault,
62,,,,,,,use of weapon,,,,,,provocation,,,less serious injury,,,,,,,,,,,,,,under influence drugs/alcohol,,,good character,isolated incident,,medical condition,,no previous convictions,,genuine remorse,,,,,,,common assault,
62,,,leading role gang,premeditation,,,,serious injury,repeated assault,,,,,,,,,,,,,,,location,,,,,timing of the offence,,,,,,,,,,primary carer,genuine remorse,,early guilty plea,,,,,common assault,
62,,,,,,,,,,,,,,,,less serious injury,,,,,,failure to comply with court orders,,,,,,,,under influence drugs/alcohol,,,,,,,,,,,,,,,,,common assault,immediate custody
62,,,,premeditation,,,use of weapon,,repeated assault,,,,provocation,,,less serious injury,,,,,,,,location,,,,,,under influence drugs/alcohol,,,,,,,,,,,,,violent disorder,,,,,immediate custody
62,,,,premeditation,,,use of weapon,,repeated assault,,,,provocation,,subordinate role gang,less serious injury,,,,,,,,location,,,presence of others,,,under influence drugs/alcohol,,,good character,isolated incident,,,,no previous convictions,,genuine remorse,,,violent disorder,,,,,
62,,,,premeditation,,,use of weapon,,repeated assault,,,,provocation,,,less serious injury,,,,,,,,location,,,presence of others,,,under influence drugs/alcohol,,,good character,isolated incident,,,,no previous convictions,,genuine remorse,,,violent disorder,,,,,
63,,,,,,,use of weapon,,,,lack of premeditation,,provocation,,,,,,,,,,,,,,,,,,,,good character,,,,,,,genuine remorse,,early guilty plea,,,,,,
63,,,,,,,,serious injury,,,lack of premeditation,,,,,,,,,,,,,,,,,,,,,,good character,,,,,no previous convictions,,genuine remorse,,early guilty plea,,,,,,
63,,,,,,,use of weapon,,,,,,,,,less serious injury,,,,,,failure to comply with court orders,,,,,,,,,,,,,,,,,,genuine remorse,,early guilty plea,,,,,,immediate custody
63,,,,,,,use of weapon,,,,,,,,,less serious injury,,,,,,,,,,,,,,under influence drugs/alcohol,,,,,,,,no previous convictions,,genuine remorse,,early guilty plea,,,,,,immediate custody
63,,,,,,,,,,personally vulnerable,,,,,,,,,,,,,,location,,,,,,under influence drugs/alcohol,,,,,,,,,,,,,,,,,,immediate custody
63,,,,,,,,serious injury,,,lack of premeditation,,,,,,,,,,,,,,,,,,,,,,,isolated incident,,,,,,genuine remorse,,early guilty plea,,,,,,
63,,,,,,,,serious injury,,,,,,,,,,,,,,,,,,,,,,,,,,,,,,,,,,,,,,,,immediate custody
63,,,,,,,use of weapon,,,,,,,,,,,,,,,,,,,,,,,,,,,,,,,,,,,,,affray,,,,immediate custody
63,,,,,,,,,,,,,,,,,,,,,,,,,,,,,,,,,,,,,,,,,,,,affray,,,,
63,,,,,,,,,,,lack of premeditation,,,,,,,,,,,,,,,,,,,,,,,,,,,no previous convictions,,,,,,affray,,,,
63,,,,,,,,serious injury,,,,,,,,,,,,,,,,location,,,presence of others,,,,,,,,,,,,,,,early guilty plea,,,,,,immediate custody
63,,,,premeditation,,,use of weapon,,,,,,,,,,,,,,,,,,,,,,,,,,,,,,,,,,,,,,,,,immediate custody
63,,,,,,,use of weapon,serious injury,,,,,,,,,,,,,,,,,,,,,,,,,,,,,,,,,,early guilty plea,,,,,,
63,,,,,,,,,repeated assault,,,,,,,,,,,,,,,,,,,,,,,,,,,,,,,,,,,,,,,immediate custody
63,,,,premeditation,,,use of weapon,serious injury,,,,,,,,,,,,,,,,,on licence,,,,,,,,,,,,,,,,,early guilty plea,,,,,,immediate custody
63,,,,,,,use of weapon,serious injury,,,,,,,,,,,,,,,,,,,,,,under influence drugs/alcohol,,,,,,,,no previous convictions,,,single blow,,,,,,,immediate custody
63,,,,,,,,serious injury,,,,,provocation,,,,,,,,,,,location,,ongoing effect,,,,under influence drugs/alcohol,,,,,,,,,,genuine remorse,single blow,,,,,,,
63,,,,premeditation,,,,,repeated assault,,,,,,,,,,,,,failure to comply with court orders,,,,,presence of others,,,under influence drugs/alcohol,,,,,,,,,,,,early guilty plea,,,,,,immediate custody
63,,,,,,,use of weapon,,repeated assault,,,,,,,,,,on bail,,,failure to comply with court orders,,location,,ongoing effect,,previous violence,timing of the offence,under influence drugs/alcohol,,,,,,,,,,,,early guilty plea,,,,,common assault,immediate custody
63,,,,,,,,,,,,,,,,,,,,,,,,,,,,,,,,,,,,,,,,,,early guilty plea,,,,,common assault,
63,,,,,,,,,,,,,,,,,,,,,,,,,,,,,,,,,,,,,,,,,,early guilty plea,,,,,common assault,
63,,,,,,,,,,,,,,,,less serious injury,,,,,,,,,,,,,,,,,good character,,,,,no previous convictions,,,single blow,,,,,,common assault,
63,,,,,,,use of weapon,,,,,,,,,less serious injury,,,,,,failure to comply with court orders,,,,,,,,under influence drugs/alcohol,,,,,,,,,,genuine remorse,,early guilty plea,,,,grievous bodily harm with intent,,immediate custody
63,,,,,,,,serious injury,,,lack of premeditation,,,,,,,,,,,,,,,,,,,,,,,,,,,,,genuine remorse,,,,,grievous bodily harm,,,
63,,,,,,,,,repeated assault,,,mental disorder (related to the offence),,,,,,,,,,failure to comply with court orders,,location,,ongoing effect,,,timing of the offence,,,,,,,,,,,,,early guilty plea,,,grievous bodily harm,,,immediate custody
63,,,,,,,use of weapon,serious injury,,,,mental disorder (related to the offence),,,,,,,on bail,,,,,location,,ongoing effect,,previous violence,timing of the offence,,,lack of maturity,,,,,,,,genuine remorse,,early guilty plea,,,,grievous bodily harm with intent,,immediate custody
63,,,,,,,,,repeated assault,,,,,,,,,,,,,,,,,ongoing effect,,,,,,,,,,,,,,,,early guilty plea,,,grievous bodily harm,,,immediate custody
63,,,,,,,,,,,lack of premeditation,,,,,,,,,,,,,,,,,,,under influence drugs/alcohol,,,,,,,,,,genuine remorse,,early guilty plea,,,grievous bodily harm,,,
63,,,,,,,,,,,,,,,,,,,,,,,,,,,,,,,,,,isolated incident,,,,no previous convictions,,,single blow,,,,grievous bodily harm,,,
64,,,,,,,,,,,,,,,,,,,,,,,,,,,,,,,,,,,,,,,,,,,,affray,,,,immediate custody
64,,,,,,,,,,,,,,,,,,,,,,,,,,,,,,,,,,,,,,,,,,,,affray,,,,immediate custody
64,,,,,,,,,,,,,,,,,,,,,,,,,,,,,,,,,,,,,,,,,,,,affray,,,,immediate custody
65,,,,,,,,,,,,,,,,,,,,,,,,,,,,,,,,,,,,,,,,,,,,affray,,,,
65,,,,,,,,,,,,,provocation,,,less serious injury,,,,,,,,,,,,,,,,,,,,,,,,,,,,affray,,,,
65,,,,,,,,,repeated assault,,,,,,,less serious injury,,,,,,,,,,,presence of others,,,under influence drugs/alcohol,addressing addiction,,,isolated incident,lapse of time,,,,,genuine remorse,,early guilty plea,,affray,,,,
65,,,,,,,,,,,,,,,,,,,,,,,,,,,,,,,,,,,,,,,,,,,,affray,,,,
65,,,,,,,use of weapon,,,,,,,,,less serious injury,,,,,,,,,,,,,,,,,,,,,,,,,single blow,,,,,,,
65,,,,,,,,,,,,,provocation,,,less serious injury,,,,,,,,,,,,,,,,,good character,,,,,no previous convictions,,genuine remorse,,early guilty plea,,,,,,
65,,,,,,,,,,,,,,,,,,,,,,,,,,,,,,,,,,,,,,,,,,,,,,,,immediate custody
65,,,,premeditation,,,use of weapon,,repeated assault,,,,provocation,,,less serious injury,,,,,,,,location,,,presence of others,,,,,,,,,,,,primary carer,genuine remorse,,early guilty plea,,,,,,immediate custody
65,,,,,,vulnerable victim,use of weapon,serious injury,,,,,,,,,,,,,,,gratuitous degradation,,,,,,,,,,,,,,,,,,,,,,,,,immediate custody
65,,,,,,,use of weapon,,,personally vulnerable,,,,,,,,,,,,,,location,,ongoing effect,,,timing of the offence,,,,,,,,,,,genuine remorse,,early guilty plea,,,,,,immediate custody
65,,,,,,,use of weapon,serious injury,,,lack of premeditation,,,,,,,,,,,,,,,,,,,under influence drugs/alcohol,,,good character,isolated incident,,,,no previous convictions,,genuine remorse,single blow,early guilty plea,,,,grievous bodily harm with intent,,immediate custody
65,,,,premeditation,,,use of weapon,serious injury,,,,,,,,,,,,,,,,,,,presence of others,,,under influence drugs/alcohol,addressing addiction,,,,,,,,primary carer,genuine remorse,,,,,,grievous bodily harm with intent,,immediate custody
65,,,,,,vulnerable victim,,,,personally vulnerable,lack of premeditation,,,,,,,,,,,,gratuitous degradation,,,,,,,,,,,,,,,,,,single blow,early guilty plea,,,grievous bodily harm,,,immediate custody
65,,,,,against race/religion,vulnerable victim,use of weapon,,,,,,,,,less serious injury,,,,,,,,location,,ongoing effect,,,,,,,,,,,,,,genuine remorse,,,,,,grievous bodily harm with intent,,immediate custody
65,,,,,,,,,,,lack of premeditation,,,,,less serious injury,,,,,,,,,,ongoing effect,,,,,,,,,,,,,,,single blow,,,,,grievous bodily harm with intent,,immediate custody
65,,,,,,,,,,,,,provocation,,,less serious injury,,,,,,,,,,,,,,,,,good character,isolated incident,,,,,,genuine remorse,,early guilty plea,,,grievous bodily harm,,,
65,,,,,,,,serious injury,,,,,,,,,,,,,,,,,,,,,,,,,,isolated incident,,,,,,genuine remorse,single blow,,,,grievous bodily harm,,,
65,,,,,,,,serious injury,,,,,provocation,,,,,,,,,,,,,,,,,,,,good character,isolated incident,,,,,,,,early guilty plea,,,grievous bodily harm,,,
65,,,,,,,use of weapon,,,,,,provocation,selfdefence,,less serious injury,,,,,,,,,,,,,,,,,good character,isolated incident,lapse of time,,,,,genuine remorse,,early guilty plea,,,grievous bodily harm,,,
65,,,,premeditation,,,use of weapon,,,,,,,,,,,,,,,,,,,,,,,,,,,,,,,,,,,,,,grievous bodily harm,,,immediate custody
65,,,,premeditation,,,,serious injury,,,,,,,,,abuse of trust,,,,,,,,,ongoing effect,,,,,,,,,,,,no previous convictions,,genuine remorse,,early guilty plea,,,grievous bodily harm,,,immediate custody
65,,,,,,,use of weapon,,,,,,provocation,selfdefence,,less serious injury,,,,,,,,,,,,,,,,,,,,,,,,,,,,,grievous bodily harm,,,
2,,,,,,,use of weapon,,,,,,,,,less serious injury,,,,,,,,,,,,,timing of the offence,under influence drugs/alcohol,,,,,,,,,,,,early guilty plea,,,,,,immediate custody
2,,,,,,,use of weapon,serious injury,,,,,,,,,,,,,,,,,,,,,timing of the offence,under influence drugs/alcohol,,,,,,,,,,,,,,,,,,immediate custody
2,,,,,,,use of weapon,,,,,,,,,,,,,,,,,,,,,,,under influence drugs/alcohol,,,,isolated incident,,,,,,,single blow,early guilty plea,,,,,,
2,,,,,,,,serious injury,repeated assault,,lack of premeditation,,,,,,,,,,,failure to comply with court orders,,location,,,,,,,addressing addiction,,,,,,,,,,,early guilty plea,,,,,,
2,,,,,,,use of weapon,,repeated assault,,,,,,,,,,,victim forced to leave home,,,,location,,ongoing effect,,,timing of the offence,,,,,,,,,,,,,,,,,,,immediate custody
2,,intent more harm,,premeditation,,,use of weapon,,repeated assault,,,,,,,less serious injury,,,,,,,,location,,,,,,,,,,,,,,,,,,,,,,,,immediate custody
2,deliberate harm,,,,,,use of weapon,,,personally vulnerable,lack of premeditation,,,,,,,,,,,,,location,,,presence of others,,,,,,good character,,,,,no previous convictions,,genuine remorse,single blow,early guilty plea,,,,,,
2,,,,,,,,,,,,,,,,,,,,,,,,location,,,,,,,,,good character,isolated incident,,,,no previous convictions,,,,early guilty plea,,affray,,,,
2,,,,,,,,,,,,,,,,,,,,,,,,location,,,,,,,,,good character,isolated incident,,,,no previous convictions,,genuine remorse,,early guilty plea,,affray,,,,
2,,,,,,,,,,,,,,,,,,,,,,,,,,,,,,under influence drugs/alcohol,,,,,,,,,,,,,,affray,,,,immediate custody
2,,,,,,,,,,,,,,,,,,,,,,,,location,,,,,,,,,,isolated incident,,,,,,genuine remorse,,early guilty plea,,affray,,,,
2,,,,,,,,,,,,,,,,,,,,,,,,location,,,presence of others,,,,,,good character,isolated incident,,,,no previous convictions,,genuine remorse,,early guilty plea,,affray,,,,
2,,,,,,,,,,,,,,,,,,,,,,,,,,,,,,,,lack of maturity,,,,,,,,,,,,affray,,,,
2,,,,,,,,,,,,,,,,,,,,,,,,location,,,presence of others,,,,,,,isolated incident,,,,no previous convictions,,genuine remorse,,early guilty plea,,affray,,,,
2,,,,,,,,,,,,,,,,,,,,,,,,,,,,,,,,,,,,medical condition,,no previous convictions,,,,early guilty plea,,affray,,,,
2,,,,,,,,,,personally vulnerable,,,,,,,,,,,,,,,,,,,,,,,,,,medical condition,,,,,,,,affray,,,,
2,,,,,,,,,,,lack of premeditation,,,,,less serious injury,,,,,,,,,,,,,,,,,,,,,,,,genuine remorse,,,,,,,,
2,,,,,,,,,,personally vulnerable,lack of premeditation,,provocation,,,,,,,,,,,,,,,,,,,,,isolated incident,,,,,,genuine remorse,,early guilty plea,,,,,,
2,,,,,,,use of weapon,,repeated assault,,,,provocation,,,less serious injury,,,,,,,,location,,ongoing effect,,previous violence,timing of the offence,,,,,,,,,,,,,,,,,,,immediate custody
2,,,,,,vulnerable victim,,,,,,,,,,less serious injury,,,,,,,,,,,,,,,,,,,,,,,,,,early guilty plea,,,,,,immediate custody
2,,,,,,,,,,,,,,,,less serious injury,,,,,,,,,,,,,,,,,,,,,,,,,,,,,,,,
2,,,,,,,,serious injury,,,,,provocation,,,,,,,,,,,,,ongoing effect,,,,,,,,,,,,,,,,,,,,,,immediate custody
2,,,,,,,use of weapon,,,,,,,,,,,,,,,,,,,,,,,under influence drugs/alcohol,,,,,,,,,,,,,,,grievous bodily harm,,,immediate custody
2,,,,,,,use of weapon,serious injury,,,,,,,,,,,,,,,,,,,,,,,,,good character,,,,,,,genuine remorse,,,,,grievous bodily harm,,,immediate custody
2,,,,,,,,,,personally vulnerable,,,provocation,,,,,,,,,,,,,,,,,,,,,,,,,,,genuine remorse,,early guilty plea,,,grievous bodily harm,,,
2,,,,,,,use of weapon,,,,,,provocation,,,less serious injury,,,,,,,,,,,,,,,,,good character,,,,,no previous convictions,,genuine remorse,,early guilty plea,,,grievous bodily harm,,,
2,,,,,,,,,,,lack of premeditation,,,,,less serious injury,,,,,,,,location,,,,,,,,,,,,,,,,genuine remorse,single blow,,,,grievous bodily harm,,,
2,,,,,,,use of weapon,,,,,,,,,less serious injury,,,,,,,,,,,,,,,,,,,,,,,,,,,,,grievous bodily harm,,,immediate custody
2,,,,,,,use of weapon,serious injury,,,,,,,,,,,,,,,,,,,presence of others,,,,,,,,,,,,,genuine remorse,,,,,,grievous bodily harm with intent,,immediate custody
2,,,,,,,,,repeated assault,,,,,,,,,,,,,,,location,,ongoing effect,,,,,,,,,,,,,,,,,,,,grievous bodily harm with intent,,immediate custody
2,,,,,,,use of weapon,,,,,,,,,,,,,,,,,,,,,,,,,,,,,,,,,,,,,,,grievous bodily harm with intent,,immediate custody
2,,,,,,,,,,,,,,,,,,,,,,,,,,,,,,,,,good character,isolated incident,,,,no previous convictions,,,single blow,,,,,,common assault,
2,,,,,,,,,,,,,,,,,,against public worker,,,,,,,,,,,,,,,,,,,,no previous convictions,,,,,,,,,common assault,
2,,,,,,,,,,,,,,selfdefence,,,,,,,,,,location,,,,previous violence,,,,,,,,,,,,,single blow,early guilty plea,,,,,common assault,immediate custody
67,,,,,against race/religion,,,,,,,,,,,less serious injury,,,,,,,,location,,,presence of others,,timing of the offence,,,,,,,,,no previous convictions,,,,,,,,,,immediate custody
67,,,,,,,,,,,lack of premeditation,mental disorder (related to the offence),provocation,selfdefence,,,,,,,,,,,,,,,,,,,,,,medical condition,mental disability (general),,,genuine remorse,,early guilty plea,,,,,,
67,,,,premeditation,,,use of weapon,,,,,,,,,,,,,,,,,,,,,,,,,,,,,,,,,genuine remorse,,early guilty plea,,,,,,
67,,,,,,,,,,,lack of premeditation,,,,,less serious injury,,,,,,,,,,,,,,,,,good character,,,,,no previous convictions,,genuine remorse,,,,,,,,
67,,,,,,,,,,,,,,,,,,,,,,,,,,,,,,,,,,,,,,,,,,early guilty plea,,affray,,,,
67,deliberate harm,,leading role gang,,,,use of weapon,serious injury,repeated assault,,,,,,,less serious injury,,,,,,failure to comply with court orders,,,,,,,,,,,,,,,,,,genuine remorse,,early guilty plea,,affray,,,,immediate custody
67,,,,,,,,,repeated assault,,,,,,,,,,,,,,,location,,ongoing effect,,,timing of the offence,,,,,,,,,,,,,early guilty plea,,,,,,immediate custody
67,,,,,,,,,,,lack of premeditation,,provocation,selfdefence,,less serious injury,,,,,,,,,,,,,,,addressing addiction,lack of maturity,,isolated incident,,,,no previous convictions,,genuine remorse,single blow,early guilty plea,,,grievous bodily harm,,,
67,,,,,,,,serious injury,,,lack of premeditation,,provocation,selfdefence,,,,,,,,,,,,,,,,,addressing addiction,lack of maturity,,,,,,,,genuine remorse,,,,,grievous bodily harm,,,
67,,,,,,,,,,,lack of premeditation,,,,,less serious injury,,,,,,,,,,,,,,,,,,isolated incident,,,,no previous convictions,primary carer,genuine remorse,single blow,early guilty plea,,,grievous bodily harm,,,
67,,,,,,,,serious injury,,,lack of premeditation,,provocation,,,less serious injury,,,,,,,,,,,,,,,,,good character,,,,,no previous convictions,,genuine remorse,single blow,early guilty plea,,,grievous bodily harm,,,
67,,,,,,,use of weapon,serious injury,,,lack of premeditation,,,,,,,,,,,,,,,,,,,under influence drugs/alcohol,addressing addiction,,,,,,,,,genuine remorse,single blow,,,,grievous bodily harm,,,immediate custody
68,,,,,,,,,,,,,,,,less serious injury,,,,,,,,,,,,,,,addressing addiction,,,,lapse of time,,,,,genuine remorse,,early guilty plea,,,,,,
68,,,,,,,,serious injury,,,,,,,,,,,,,,,,location,,,,,timing of the offence,under influence drugs/alcohol,,,good character,,lapse of time,,,no previous convictions,,,,,,,,,,
68,,,,,,,,,,,lack of premeditation,,,selfdefence,,less serious injury,abuse of trust,,,,,,,,,,,,,,,,good character,,,,,no previous convictions,,genuine remorse,single blow,early guilty plea,,,,,,
68,,,,,,,,,repeated assault,,,,,,,,,,,,,,,,,,,,,,,,,,,,,,,,single blow,,,affray,,,,
68,,,,,,,,,,personally vulnerable,,mental disorder (related to the offence),provocation,,,,,,,,,,,,,,,,,,,,,,,medical condition,,,,,,,,affray,,,,immediate custody
68,,,,,,,,,,,,,,,,,,,,,,,,,,,,,,,,,,,,,,,,,,,,affray,,,,
68,,,,,,,,serious injury,,,lack of premeditation,,,,,,,,,,,,,,,,,,,,,,,,,,,,,,,,,,,,,
68,,,,,,,,,,,,,,,,,,,,,,,,location,,,,,,,,lack of maturity,,,,,,,,,,,,,,,,
68,,,,,,,use of weapon,,,,,,,,,less serious injury,,,,,,,,,,,,,,,,,,,,,,,,,,,,,,,,
68,,,,,,,,,repeated assault,,,,,,,,,,,,,,,,,,,,,,,,,,,,,,,genuine remorse,,,,,,,,
68,,,,,,,use of weapon,,,,,,,,,less serious injury,,,,,,,,location,,,,,timing of the offence,under influence drugs/alcohol,,,good character,,,,,,,,,,,,,,,
68,,,,,,,,,,,,,,,,,,,,,,,,,,,,,,,,,,,,,,,,,,,,,,,,
68,,,,,,,,serious injury,,,,mental disorder (related to the offence),,,,,,,,,,,,,,,,,,,,lack of maturity,,,,medical condition,mental disability (general),,,genuine remorse,single blow,early guilty plea,,,,,,
68,,,,,,vulnerable victim,,,,personally vulnerable,,,,,,,,,,,failure to respond to warnings,failure to comply with court orders,,,,ongoing effect,,previous violence,timing of the offence,,,,,,,,,,,,,,,,,,common assault,immediate custody
68,,,,,,,,,,,lack of premeditation,,,,,less serious injury,,,,,,,,,,,,,,,addressing addiction,,,,,,,no previous convictions,,,single blow,,,,,,common assault,
68,,,,,,,use of weapon,serious injury,,,lack of premeditation,,provocation,,,,,,,,,,,,,,,,,,,,,isolated incident,,,,no previous convictions,,genuine remorse,single blow,,,,,grievous bodily harm with intent,,immediate custody
68,,,,,,,use of weapon,,repeated assault,,lack of premeditation,,,selfdefence,,less serious injury,,,,,,,,,,ongoing effect,,,,,,lack of maturity,,,,,,,,,,,,,,grievous bodily harm with intent,,immediate custody
68,,,,,,,,,,,,,,,,less serious injury,,,,,,,,,,,,,,,,,good character,,,,,no previous convictions,,,single blow,,,,grievous bodily harm,,,
68,,,,,,,,,,,,,,,,,,,,,,,,location,,,,,,,,,,,,,,no previous convictions,,,,early guilty plea,,,grievous bodily harm,,,
72,,,,,,,,,repeated assault,personally vulnerable,,mental disorder (related to the offence),,,,,,,,,,,,location,,,,,,,,,,,,medical condition,mental disability (general),,,,,,,,,,,immediate custody
72,,,,,,,use of weapon,,repeated assault,,,,,,,less serious injury,,,,,,,,,,,,previous violence,,under influence drugs/alcohol,,,,,,,,,,,,early guilty plea,,,,,,immediate custody
72,,,,premeditation,,vulnerable victim,use of weapon,serious injury,repeated assault,personally vulnerable,,,,,,,,,,victim forced to leave home,,,,location,,ongoing effect,,previous violence,timing of the offence,under influence drugs/alcohol,,,,,,,,,,,,early guilty plea,,,,,,immediate custody
72,,,,,,,,,,personally vulnerable,,,,,,less serious injury,,,,victim forced to leave home,,,,,,,,,,,,,,,,,,,,,,early guilty plea,,,,,,immediate custody
72,,,,,,,,,,,,,provocation,selfdefence,,less serious injury,,,,,,,,,,,,,,,,,,,,,,,,,,,,,,,,
72,,,,,,,,,,,,,,,,,,,,,,,,,,,,,,,,,,,,,,,,,,,,,,,,
72,,,,,,,,,,,,,,,,,,,,,,,,,,,,,,,,,,,,,,,,,,,,,,,,immediate custody
72,,,,,,,use of weapon,,,,,,,,,less serious injury,,,,,,,,,,,,,,,addressing addiction,lack of maturity,,,,,,,,genuine remorse,single blow,,,,,,,
72,,,,,,,,,,,lack of premeditation,,,,,,,,,,,,,,,,,,,under influence drugs/alcohol,,,good character,,,,,,,,,,,,,,,
72,,,,,,vulnerable victim,,,,,,,,,,less serious injury,,,,,,,gratuitous degradation,,,,,,,,addressing addiction,lack of maturity,,,,,,no previous convictions,,genuine remorse,,,,,,,,
72,,,,,,,,,,,,,,,,,,,,,,,,,,,,,,,,,,,,,,,,,,,,,,,,
72,,,,,,,,,,,lack of premeditation,,,,,less serious injury,,,,,,,,,,,,,,under influence drugs/alcohol,,,good character,,,,,no previous convictions,,,single blow,,,,,,,
72,,,,,,vulnerable victim,,,repeated assault,personally vulnerable,lack of premeditation,,,,,,,,,,,,,,,,,previous violence,,under influence drugs/alcohol,,,,,,,,no previous convictions,,genuine remorse,,,,,,,,immediate custody
72,,,,,,,,,,,,,,,,,,,,,,,,,,,,,,,,,,,,,,,,,,early guilty plea,,affray,,,,
72,,,,,,,,,,,,,,,,,,,,,,,,,,,,,,,,,,,,,,,,,,,,affray,,,,
72,,,,,,,,,,,,,,,,less serious injury,,,,,,,,,,,,,,,,,,isolated incident,lapse of time,,,,,,single blow,,,affray,,,,
72,,,,,,,,,,,,,,,,less serious injury,,,,,,,,,,,,,,,,,,,lapse of time,,,,,,single blow,,,affray,,,,
72,,,,,,,,,,,,,,,,,,,,,,,,location,,ongoing effect,,,timing of the offence,,,,,,,,,no previous convictions,,,,early guilty plea,,affray,,,,
72,,,,,,,,,,,,,,,subordinate role gang,,,,,,,,,location,,ongoing effect,,,timing of the offence,,,,,,,,,,,,,early guilty plea,,affray,,,,
72,,,,,,,,,,,,,provocation,selfdefence,,less serious injury,,,,,,,,,,,,,,,,,,isolated incident,lapse of time,,,no previous convictions,,genuine remorse,single blow,early guilty plea,,,,,,
72,,,,,,,,,,personally vulnerable,lack of premeditation,,,,subordinate role gang,less serious injury,,,,,,,,,,,,,,,,,,,,,,,,,single blow,,,,,,,immediate custody
72,,,,,,,use of weapon,,repeated assault,,,,,,,less serious injury,,,,,,,,,,,,previous violence,,under influence drugs/alcohol,,,,,,,,,,,,,,,,,,immediate custody
72,,,,,,,,,,,lack of premeditation,,,selfdefence,,,,,,,,,,location,,,,,,,,,,,,,,,,genuine remorse,single blow,,,,,,,
72,,,,,,,,,,,,,,,,,,,,,,,,location,,ongoing effect,presence of others,,timing of the offence,,,,,,,,,,,,,early guilty plea,,,,,,
72,,,,,,,,serious injury,,,,,,,,,,,,,,,,location,,ongoing effect,presence of others,,,,,,,,,,,,,,single blow,early guilty plea,,,,,,immediate custody
72,,,,,,,,,repeated assault,,lack of premeditation,,,,,,,,,,failure to respond to warnings,,,,,,,previous violence,,,,,,,,,,,,,,early guilty plea,,,,,,
72,,,,,,,,,,,lack of premeditation,,provocation,,,less serious injury,,,,,,,,,,,,,,,,,,,,,,,,genuine remorse,single blow,early guilty plea,,,,,,
72,,,,premeditation,,vulnerable victim,use of weapon,serious injury,,personally vulnerable,,,,,,,,,,,,,,location,,,,,,under influence drugs/alcohol,,,,,,,,,,,,early guilty plea,,,,,,immediate custody
72,,,,,,,use of weapon,,repeated assault,,,,,,subordinate role gang,,,,,,,,,location,,ongoing effect,presence of others,,timing of the offence,under influence drugs/alcohol,,,good character,,,,,,,,,,,,,grievous bodily harm with intent,,immediate custody
72,,,leading role gang,,,,use of weapon,,repeated assault,,,,,,,,,,,,,,,location,,ongoing effect,,,timing of the offence,under influence drugs/alcohol,,,good character,,,,,,,,,,,,,grievous bodily harm with intent,,immediate custody
72,,,,,,,,,,,,,,,,,,,,,,,,,,,,,,,,,,,,,,,,,,,,,grievous bodily harm,,,
72,,,,,,,,,,,,,,,,,,,,,,,,,,,,,,,,,,,,,,,,,,,,,grievous bodily harm,,,
72,,,,,,,,,,,,,provocation,,,,,,,,,,,location,,,,,timing of the offence,,,,,,,,,,,,single blow,,,,grievous bodily harm,,,
72,,,,,,,,,repeated assault,,,,,,,,,,,,,,,,,,,,,,addressing addiction,lack of maturity,,,,,mental disability (general),,,,,,,,grievous bodily harm,,,
72,,,,,,,,,,,,,,,,,,,,,,,,,,,,,,,,,,,,,,,,,,,,,grievous bodily harm,,,
72,,,,,,,,serious injury,,,lack of premeditation,,,selfdefence,,,,,,,,,,,,,,,,,,,,,,,,,,,,,,,grievous bodily harm,,,immediate custody
72,deliberate harm,,,,,,,serious injury,,,,,,selfdefence,,,,,,,,,,,,ongoing effect,,,,,addressing addiction,,,isolated incident,,medical condition,mental disability (general),no previous convictions,,genuine remorse,,,,,grievous bodily harm,,,
72,,,,,,,,,,,,,,,,,,,,,,,,,,,,,,,,,,,,,,,,,,,,,grievous bodily harm,,,
72,,,,,,,use of weapon,serious injury,,,lack of premeditation,,,selfdefence,subordinate role gang,,,,,,,failure to comply with court orders,,,,,,,,,,,,,,,,,,,single blow,,,,grievous bodily harm,,,immediate custody
72,,,,,,,,,,,,,,,,,,,,,,,,,,,,,,,,,,,,,,,,,,early guilty plea,,,grievous bodily harm,,,
72,,,,,,,,,repeated assault,,lack of premeditation,,provocation,selfdefence,,,,,,,,,,location,,,,,timing of the offence,,,lack of maturity,,,,,,,,genuine remorse,,,,,grievous bodily harm,,,
72,,,,,,,use of weapon,serious injury,,,,,,,,,,,,,,failure to comply with court orders,,location,,,,,,,,,,,,,,,,genuine remorse,,,,,grievous bodily harm,,,immediate custody
72,,,,,,,use of weapon,serious injury,,,,,,,,,,,,,,,,,,ongoing effect,,,,,,lack of maturity,,,,,,no previous convictions,,,,early guilty plea,,,,grievous bodily harm with intent,,immediate custody
72,,,,,,,,,,,,,,,,,,,,,,,,,,,,,,,,,,,,,,,,,,,,,,grievous bodily harm with intent,,immediate custody
72,,,,premeditation,,,use of weapon,,repeated assault,,,,,,,,,,,,,,,location,,ongoing effect,,,,under influence drugs/alcohol,,,,,,,,,,genuine remorse,,,,,,grievous bodily harm with intent,,immediate custody
72,,,,,,,use of weapon,serious injury,,,,,,,,,,,,,,,,location,,,,,timing of the offence,under influence drugs/alcohol,,,,,,,,,,genuine remorse,single blow,,,,,grievous bodily harm with intent,,immediate custody
72,,,,,,,,,,,,,,,,,,,,,,,,,,,,,,,,,,,,,,,,,,,,,,,common assault,
72,,,,,,,,,,,lack of premeditation,,,,,,,,,,,,,,,,,previous violence,timing of the offence,,,,,,,,,,,genuine remorse,,,,,,,common assault,
72,,,,,,,,,,,lack of premeditation,,provocation,,,less serious injury,,,,,,,,,,,,,,,,,,isolated incident,,,,no previous convictions,,genuine remorse,,early guilty plea,,,,,common assault,
72,,,,,,,,,,,lack of premeditation,,,,,less serious injury,,,,,,,,,,,,,,,,,,,,,,,,genuine remorse,single blow,early guilty plea,,,,,common assault,
72,,,,,,,,,,personally vulnerable,,,,,,,,,,,,,,,,ongoing effect,,,,,,lack of maturity,,,,medical condition,,no previous convictions,,genuine remorse,single blow,,,,,,common assault,immediate custody
73,,,,,,,,,repeated assault,,,,,,,less serious injury,,,,victim forced to leave home,,,,,,ongoing effect,,,,under influence drugs/alcohol,,,good character,,,,,no previous convictions,,genuine remorse,,,,,,,,
73,,,,,,,use of weapon,serious injury,,,,,provocation,,,,,,,,,,,,,,,,,,,lack of maturity,,isolated incident,,,,no previous convictions,,,,,,,,,,
73,,,,,,,,,,,,,,,,,,,,,,,,,,,,,,,,,,,,,,,,,,,,,,,,
73,,,,,,,,serious injury,,,lack of premeditation,,,,,,,,,,,,,location,,,presence of others,,,under influence drugs/alcohol,,,,,,,,,primary carer,,single blow,,,,,,,immediate custody
73,,,,,,,,,,,,,,,,,,,,,,,,,,,,,,,,,,,,,,,,,,,,affray,,,,immediate custody
73,,,,,,,,,,,lack of premeditation,,,,,,,,,,,,,,,,,,,,addressing addiction,lack of maturity,,isolated incident,,,,,,genuine remorse,,,,,,,,
73,,,,,,,use of weapon,,,,,,,,,less serious injury,,,,,,,,location,,,,,,under influence drugs/alcohol,addressing addiction,,good character,isolated incident,,,,no previous convictions,,genuine remorse,single blow,early guilty plea,,,,,,
73,,,,,,,use of weapon,,,,,,,,,less serious injury,,,,,,,,location,,,,,,under influence drugs/alcohol,,,good character,isolated incident,,,,no previous convictions,,genuine remorse,single blow,,,,,,,
73,,,,,,,use of weapon,serious injury,repeated assault,,,,,,,,abuse of trust,,,,,,,,,,presence of others,,,under influence drugs/alcohol,,,,,,,,,,genuine remorse,,,,,,,,immediate custody
73,,,leading role gang,,,vulnerable victim,use of weapon,,repeated assault,,,,,,,less serious injury,,,,,,,,location,,ongoing effect,presence of others,,,,,,,isolated incident,,,,,,,,,,,,,,
73,,,,,,,,,,,,,provocation,,subordinate role gang,less serious injury,,,,,,,,,,,,,,,,lack of maturity,,isolated incident,,,,,,,,early guilty plea,,,,,,
73,,,,,,,,,,,lack of premeditation,,,,subordinate role gang,less serious injury,,,,,,,,location,,,presence of others,,,,,,,,,,,no previous convictions,primary carer,,single blow,,,,,,,
73,,,leading role gang,,,vulnerable victim,use of weapon,,,,,,,,,less serious injury,,,,,failure to respond to warnings,,,location,,ongoing effect,presence of others,,,,,,,,,,,,,,,,,,,,,immediate custody
73,,,,,,,use of weapon,,,,,,,,,,,,,,,,,location,,ongoing effect,,,,under influence drugs/alcohol,,,,,,,,,,genuine remorse,,,,affray,,,,
73,,,,,,,,serious injury,,,lack of premeditation,,,,subordinate role gang,less serious injury,,,,,,,,location,,ongoing effect,presence of others,,,under influence drugs/alcohol,,,,,,,,,primary carer,,,early guilty plea,,affray,,,,immediate custody
73,,,,,,,,,,,,,,,,,,,,,,,,,,,presence of others,,,under influence drugs/alcohol,,,,,,,,,,,,,,affray,,,,immediate custody
73,,,,,,,,,,,,,,,,,,,,,,,,,,,,,,,,,,,,,,,,,,,,affray,,,,
73,,,,,,,,,,,,,,,,,,,,,,,,,,,,,,,,,,,,,,,,,,,,affray,,,,immediate custody
73,,,,,,,,,,,lack of premeditation,,,,,less serious injury,,,,,,,,location,,,,,,under influence drugs/alcohol,,,good character,isolated incident,,,,no previous convictions,,genuine remorse,single blow,early guilty plea,,affray,,,,
73,,,,,,,,,,,,,,,,,,,,,,,,,,,,,,,,,,,,,,,,,,,,affray,,,,
73,,,,,,,,,,,lack of premeditation,,,,,less serious injury,,,,,,,,location,,,,,,under influence drugs/alcohol,,,,,,,,,,,,early guilty plea,,affray,,,,
73,,,,,,,use of weapon,,repeated assault,personally vulnerable,,,,,subordinate role gang,less serious injury,,,,,,,,location,,,presence of others,,,,,,,isolated incident,,,,,,,,,,affray,,,,
73,,,,,,,use of weapon,,,,,,,,,less serious injury,,,,victim forced to leave home,,,,,,,presence of others,,,under influence drugs/alcohol,addressing addiction,,,isolated incident,,,,no previous convictions,,genuine remorse,,early guilty plea,,affray,,,,
73,,,,,,,use of weapon,,,,,,,,,less serious injury,,,,,,,,location,,,presence of others,,,under influence drugs/alcohol,,,good character,,,,,no previous convictions,,genuine remorse,,,,,,,,
73,,,,,,,use of weapon,serious injury,,,,,,,,,,,,,,,,location,,ongoing effect,presence of others,,,under influence drugs/alcohol,addressing addiction,,,,,,,,,,,,,,,,,immediate custody
73,,,,,,,,serious injury,,,lack of premeditation,,,,,,,,,,,,,,,,,,,,,,good character,,,,,no previous convictions,,genuine remorse,single blow,early guilty plea,,,,,,
73,,,leading role gang,,,,use of weapon,,repeated assault,,,,,,,less serious injury,,,,,,,,location,,ongoing effect,presence of others,,,,,,,isolated incident,,,,,,,,,,,,,,
73,,,,,,,use of weapon,,,,,,,,,less serious injury,,,,,,,,location,,,,,,,,,good character,,,,,no previous convictions,,,,early guilty plea,,,,,,
73,,,,premeditation,,,use of weapon,serious injury,,,,,,,,,,,,,,,,location,,,presence of others,,,under influence drugs/alcohol,,,,isolated incident,,,,,,genuine remorse,,early guilty plea,,,,,,immediate custody
73,,,,,,,,,,,lack of premeditation,,,,,less serious injury,,,on bail,,,,,,,,,,,under influence drugs/alcohol,,,,isolated incident,,,,no previous convictions,,genuine remorse,single blow,,,,,,,
73,,,,,,,,,repeated assault,,,,,,,less serious injury,,,,,,,,,,,presence of others,,,under influence drugs/alcohol,,lack of maturity,good character,,,,,,,genuine remorse,,,,,,,,
73,,,leading role gang,,,vulnerable victim,use of weapon,,repeated assault,,,,,,,less serious injury,,,,,,,,,,ongoing effect,presence of others,,,,,lack of maturity,,isolated incident,,,,no previous convictions,,,single blow,,,,,,,
73,deliberate harm,,,,,,,serious injury,repeated assault,personally vulnerable,,,,,,,,,,,,failure to comply with court orders,,location,,ongoing effect,,,timing of the offence,,,,,,,,,,,,,early guilty plea,,,,,common assault,immediate custody
73,,,,,,,,,,,lack of premeditation,,provocation,,subordinate role gang,less serious injury,,,,,,,,,,,,,,,,,good character,isolated incident,,,,no previous convictions,,genuine remorse,single blow,early guilty plea,,,,,common assault,
73,,,,,,,,,,,,,,,,less serious injury,,,,,,failure to comply with court orders,,,,,presence of others,,,,,,,,,,,,,,,early guilty plea,,,,,common assault,immediate custody
73,,,,,,,,serious injury,,,,,,,,,,,,,,failure to comply with court orders,,,,ongoing effect,,previous violence,,,,,,,,,,,,,,early guilty plea,,,,,common assault,immediate custody
73,,,,,,,,,,,,,,,,less serious injury,,,,,,failure to comply with court orders,,location,,,presence of others,,,under influence drugs/alcohol,,,,,,,,,,,,,,,grievous bodily harm,,,immediate custody
73,,,,premeditation,,vulnerable victim,use of weapon,serious injury,,,,,,,,,,,,,,,,location,,,presence of others,,,under influence drugs/alcohol,,,,,,,,,,,,,,,grievous bodily harm,,,immediate custody
73,,,,,,,use of weapon,serious injury,,personally vulnerable,,,,,,,,,,,,,,location,on licence,,presence of others,,,under influence drugs/alcohol,,lack of maturity,,,,,,,,,,,,,grievous bodily harm,,,immediate custody
73,,,,,,,,serious injury,repeated assault,,,,,,,,,,on bail,,,failure to comply with court orders,,,,ongoing effect,presence of others,,,under influence drugs/alcohol,,,,,,,,,,,,,,,grievous bodily harm,,,immediate custody
73,,,,,,,,,,,,,,,,,,,,,,,,,,,,,,,,,,,,,,,,,,,,,grievous bodily harm,,,immediate custody
73,,,,,,,,serious injury,,,lack of premeditation,,provocation,,,,,,,,,,,,,,,,,under influence drugs/alcohol,addressing addiction,lack of maturity,,,,,,no previous convictions,,genuine remorse,single blow,early guilty plea,,,grievous bodily harm,,,
73,,,,,,,use of weapon,,,,,,,,,less serious injury,,,,,,,,location,,,,,,under influence drugs/alcohol,,,,,,,,no previous convictions,,genuine remorse,,,,,grievous bodily harm,,,
73,,,,,,,,serious injury,,,,,,,,,,,,,,,,location,,ongoing effect,,,timing of the offence,,,,good character,isolated incident,,,,no previous convictions,,genuine remorse,single blow,early guilty plea,,,grievous bodily harm,,,
73,,,,,,,,serious injury,,,,,,,,,,,,,,,,location,,,presence of others,,,under influence drugs/alcohol,,,,,,medical condition,mental disability (general),,,,single blow,,,,grievous bodily harm,,,
73,,,,,,,,serious injury,repeated assault,,,,,,,,,,,,,,,,,ongoing effect,presence of others,,,under influence drugs/alcohol,,,,,,,,,,,,,,,grievous bodily harm,,,immediate custody
73,,,,,,,,serious injury,,,,,,,,,,against public worker,,,,,,location,,,,,,under influence drugs/alcohol,addressing addiction,,,,,,,,,genuine remorse,,,,,grievous bodily harm,,,
73,,,,,,,use of weapon,serious injury,repeated assault,,,,,,,,,,,,,,,location,,,presence of others,,,under influence drugs/alcohol,,lack of maturity,,,,,,,,,,,,,grievous bodily harm,,,immediate custody
73,,,,,,,,serious injury,,,lack of premeditation,,,,,,,,,,,,,,,,presence of others,,,under influence drugs/alcohol,addressing addiction,,,,,,,,,genuine remorse,single blow,,,,grievous bodily harm,,,
73,,,,,,,,,,,,,,,,,,,,,,,,,,,presence of others,,,under influence drugs/alcohol,,,,,,,,,,,,,,,grievous bodily harm,,,immediate custody
27,,,,,,,,,,personally vulnerable,lack of premeditation,,,,,less serious injury,,,,,,,,,,,,,,,,,,,,,,no previous convictions,,,,,,,,,,
27,,,,,,,,,repeated assault,,lack of premeditation,,provocation,,,less serious injury,,,,,,,,,,,,,,,,lack of maturity,good character,,,,,,,,,,,,,,,
27,,,,,,,,,,,,,,,,,,,,,,,,,,,,,,,,,,,,,,,,,,,,,,,,immediate custody
27,,,,,,,use of weapon,,,,lack of premeditation,,,,,less serious injury,,,,,,,,,,,,,,,,,,,,,,no previous convictions,,genuine remorse,single blow,,,,,,,immediate custody
27,,,,,,,,,,,,,,,,,,,,,,,,,,,,,,,,,,,,,,,,,,,,,,,,
27,,,,,,,,,,,,,,,,,,,,,,,,,,,,,,,,,,,,,,,,,,,,,,,,
27,,,,,,,use of weapon,,,,lack of premeditation,,,,,less serious injury,,,,,,,,location,,,,,,,,,,,,,,,,genuine remorse,,,,,,,,immediate custody
27,,,,,,,,,repeated assault,personally vulnerable,,,,,,,,,,,,failure to comply with court orders,,,,,,previous violence,,,,,,,,,,,,genuine remorse,single blow,early guilty plea,,,,,,
27,,,,,,,use of weapon,,,,lack of premeditation,,,,,,,against public worker,,,,,,,,,,,,,,,,,,,,,primary carer,genuine remorse,,,,,,,,
27,,,,,,,,,repeated assault,,,,,,,,,,,victim forced to leave home,,,gratuitous degradation,location,,ongoing effect,,,,,,,,,,,,,,genuine remorse,,,,,,,,immediate custody
27,,,,,,,,,,,,,,,,,,against public worker,,,,,,location,on licence,,,,,,,,,,,,,,,,,,,,,,,immediate custody
27,,,,,,vulnerable victim,,,,,,,,,,,,,,,,,,,,,,,,,,,,,,,,no previous convictions,,,,early guilty plea,,,,,,
27,,,,premeditation,,vulnerable victim,,,repeated assault,,,,,,,,,,,,,failure to comply with court orders,,,,,,,,,,,,,,,,,,genuine remorse,,,,,,,,immediate custody
27,,,,,,vulnerable victim,,,,,,,,,,less serious injury,,,,,,,,location,,ongoing effect,,,,,,,,,,,,no previous convictions,,,,,,,,,,immediate custody
27,deliberate harm,,,,,vulnerable victim,use of weapon,,repeated assault,personally vulnerable,,,,,,,,,,,,,,,,ongoing effect,,,,,,,good character,,,,,no previous convictions,,,,early guilty plea,,,,,,immediate custody
27,,,leading role gang,,,,,,,,,,,,,,,,,,,,,,,,presence of others,,,,,,,isolated incident,,,mental disability (general),no previous convictions,,genuine remorse,,,,,,,,
27,,,,,,,,serious injury,repeated assault,personally vulnerable,lack of premeditation,,,,,,,,,,,,,,,,,,,,,,,,,,,,,,,,,,,,,immediate custody
27,,,,premeditation,,,,,,,,,,,,less serious injury,,,,,,,,,,,presence of others,,,under influence drugs/alcohol,addressing addiction,,,,,,,,,genuine remorse,,early guilty plea,,,,,,
27,,,,,,,use of weapon,,,,lack of premeditation,,,,,,,,,,,,,,,,,,,,,,,,,,,,,,single blow,,,,,,,immediate custody
27,,,,,,,,,,,lack of premeditation,,,,,less serious injury,,,,,,,,,,,,,,,,,,isolated incident,,,,,,,single blow,,,,,,,
27,,,,,,,use of weapon,,,,,,,,,less serious injury,,,,,,,,,,,,,,under influence drugs/alcohol,,,,,,,,no previous convictions,,genuine remorse,,,,,,,,immediate custody
27,,,leading role gang,,,,,,repeated assault,,,,,,,,,,,,,,,location,,ongoing effect,,,,under influence drugs/alcohol,,,,,,,,,,genuine remorse,,early guilty plea,,,,,,immediate custody
27,,,,premeditation,,,use of weapon,serious injury,,personally vulnerable,,,,,,,,,,,,,,,,,,,,,,,,,,,,,,,,,,,,,,immediate custody
27,deliberate harm,,,,,,,,,,,,,,,,,against public worker,,,,,,,,,,,,,,,,,,,,,,,,,,,,,,
27,,,,premeditation,,,,,repeated assault,,,,,,,,,,,,,,,location,,,presence of others,,,,,,,isolated incident,,,,,primary carer,genuine remorse,,early guilty plea,,,,,,
27,,,,premeditation,,,use of weapon,,repeated assault,personally vulnerable,,,,,,,,,,,,,,,,,,,,,,,,,,,,,,,,,,,,,,immediate custody
27,,,,,,,,,,,,,,,,,,,,,,,,,,,,,,,,,,,,,,,,,,,,,,,,
27,,,,premeditation,,,use of weapon,serious injury,,personally vulnerable,,,,,,,,,,,,,,,,,,,,,,,,,,,,,,,,,,,,,,immediate custody
27,,,,,,,,,,,lack of premeditation,,provocation,selfdefence,,,,,,,,,,,,,,,,,,,good character,,,,,no previous convictions,,genuine remorse,,,,,,,,
27,,,,,,,,,,,lack of premeditation,,provocation,selfdefence,,,,,,,,,,,,,,,,,,,,,,,,,,,,,,,,,,immediate custody
27,,,,,,,use of weapon,,,personally vulnerable,,,,,,,,against public worker,,,,,,,,,,,,,,lack of maturity,,isolated incident,,,,,,,,,,,,,,
27,,,,,,,,,,,lack of premeditation,,provocation,,subordinate role gang,,,,,,,,,,,,,,,,,,,,,,,,,,,early guilty plea,,,,,,immediate custody
27,,,,,,,use of weapon,,,,,mental disorder (related to the offence),,,,less serious injury,,,,,,,,,,,,,,,,,,,,,mental disability (general),,,,single blow,,,,,,,
27,,,,,against race/religion,,,,,,lack of premeditation,,,,,less serious injury,,against public worker,,,,,,,,,,,,,,,,,,,,no previous convictions,,,single blow,early guilty plea,,,grievous bodily harm,,,
27,deliberate harm,,leading role gang,,,,,serious injury,repeated assault,,,,,,,,,,,,,,,location,,,,,timing of the offence,,,,,,,,,,,genuine remorse,,early guilty plea,,affray,,,,immediate custody
27,,,,,,,use of weapon,,,,lack of premeditation,,,,,,,,,,,,,,,,,,,,,,,isolated incident,,,,no previous convictions,,genuine remorse,,,,affray,,,,
27,,,,,,,,serious injury,,,,,,,subordinate role gang,,,,,,,,,location,,,,,timing of the offence,under influence drugs/alcohol,,,good character,,,,,no previous convictions,,genuine remorse,,early guilty plea,,affray,,,,
27,,,leading role gang,,,,,,,,,,provocation,,,less serious injury,,,,,,,,,,,,,,,,,,,,,,,,,,,,affray,,,,
27,,,,,,,use of weapon,serious injury,,,lack of premeditation,,provocation,selfdefence,,,,,,,,,,,,,,,,,,,,,,,,,,,,,,affray,,,,immediate custody
27,,,,,,,,serious injury,,,,,,,subordinate role gang,,,,,,,,,location,,,,,timing of the offence,under influence drugs/alcohol,,,good character,,,,,no previous convictions,,genuine remorse,,early guilty plea,,affray,,,,
27,,,leading role gang,,,,,,,,,,,,,less serious injury,,,,,,,,,,,,,,,,,,,,,,,,,,early guilty plea,,affray,,,,
27,,,,,,,use of weapon,,,,lack of premeditation,,,,,,,,,,,,,,,,presence of others,,,,,lack of maturity,,,,,,,,,,early guilty plea,,affray,,,,immediate custody
27,,,,,,,,,,,,,,,,,,,,,,,,,,,,,,,,,,,,,,no previous convictions,,,,,,affray,,,,immediate custody
27,,,,,,,,,,,,,,,,,,,,,,,,,,,,,,,,lack of maturity,,,,,,no previous convictions,,,,early guilty plea,,affray,,,,
27,deliberate harm,,,,,,,,repeated assault,,lack of premeditation,,,,,,,,,,,,,,,,presence of others,,timing of the offence,,,,,,,,,no previous convictions,,,,early guilty plea,,affray,,,,
27,,,,,,,,,,,,,,,,,,,,,,,,,,,,,,,,,,,,,,,,,,,,affray,,,,
27,,,,,,,,,,,lack of premeditation,,,,,,,,,,,,,,,,,,,,,,,,,,,,,,,,,affray,,,,
27,,,,,,,,,,,,,,,subordinate role gang,,,,,,,,,,,,presence of others,,,,,,good character,isolated incident,,,,,,genuine remorse,,,,affray,,,,
27,,,,,,,,,,,,,,,,,,,,,,,,,,,,,,,,,,,,,,,,,,,,affray,,,,
27,,intent more harm,,,,,,,,personally vulnerable,,,,,subordinate role gang,less serious injury,,,,,,,,,,,presence of others,,,,,,,,,,,,,,,early guilty plea,,affray,,,,immediate custody
27,,,,,,,,,,,,,,,,,,,,,,,,,,,,,,,,lack of maturity,,,,,,,,,,early guilty plea,,affray,,,,
27,,,,,,vulnerable victim,,serious injury,,,,,,,,,,against public worker,on bail,,,,,location,,ongoing effect,,,,,,lack of maturity,,,,,,,,,,,,affray,,,,immediate custody
27,,,,,,,,,,,,,,,,,,,,,,,,,,,,,,,,,,,,,,no previous convictions,,,,early guilty plea,,affray,,,,
27,,,,,,,,serious injury,,,lack of premeditation,,,,,,,,,victim forced to leave home,,,,,,,,,,under influence drugs/alcohol,,,,,,,,no previous convictions,,genuine remorse,,early guilty plea,,,,,,immediate custody
27,,,,,,vulnerable victim,use of weapon,,,,,,,,,less serious injury,,,,,,,,,,,,,,,,,,,,,,,,,,,,,,,,immediate custody
27,,,,,,,,,,,lack of premeditation,,,,,less serious injury,,,,,,,,,,,,,,,,,good character,isolated incident,,,,no previous convictions,,,single blow,,,,,,,
27,,,,,,,,serious injury,,,,,,,,,,against public worker,,,,,,,,,,,,,,,good character,,,,,,,,,,,,,,,immediate custody
27,,,,,,,,,,,lack of premeditation,,,,,less serious injury,,,,,,,,,,,,,,,,,good character,isolated incident,,,,,,genuine remorse,single blow,,,,,,,
27,,,,,,,use of weapon,,,personally vulnerable,,,,,,,,,on bail,,,,,,,,,,,,,,,,,,,,,,,,,,,,,immediate custody
27,,,,premeditation,,vulnerable victim,,serious injury,,,,,,,,,,,,,,,,location,,,,,,,,,,,,,,no previous convictions,primary carer,genuine remorse,single blow,early guilty plea,,,,,,immediate custody
27,,,,,,,,serious injury,,,,,,,,,,,,,,,,location,,,,,,,,,,,,,,,,,,,,affray,,,,immediate custody
27,,,,,,,,serious injury,,,,,,,,,,,,,,,,,,,,,,,,,,,,,,,,,,,,affray,,,,immediate custody
27,,,,,,,use of weapon,,,,,,,,,,,,,,,,,,,,presence of others,previous violence,,,,,,,,,,,,,,,,affray,,,,
27,,,,,,,,,,,lack of premeditation,,,,,less serious injury,,,,,,,,,,ongoing effect,,,,,,,good character,isolated incident,,,,no previous convictions,,genuine remorse,single blow,early guilty plea,,,,,,
27,,,,,,,,,,,lack of premeditation,,,selfdefence,,,,,,,,,,,,ongoing effect,,,,,,,,,lapse of time,,,,,,,,,,,,,
27,,,,,,,,,repeated assault,,,,,,,,,,,,,,,,,,,,,,,,,,,,,,,,,,,affray,,,,immediate custody
27,,,,,,,use of weapon,,,personally vulnerable,lack of premeditation,,,,,,,,,,,,,,,,,,,,,,good character,isolated incident,,,,no previous convictions,,genuine remorse,,early guilty plea,,,,,,
27,deliberate harm,,,,,,,,repeated assault,,,,,,,,,,,,,,,,,,,,,,,,,,,,,no previous convictions,,,,,,,,,,
27,,,,,,,,serious injury,repeated assault,,lack of premeditation,,,,,,,,,,,,,,,,,,,,,,,,,,,,,,,,,,,,,
27,,intent more harm,,premeditation,,,use of weapon,serious injury,,,,,,,,,,,,,,,,,,,presence of others,previous violence,,,,,,isolated incident,,,,,,,single blow,,,,,grievous bodily harm with intent,,immediate custody
27,,,,,,vulnerable victim,use of weapon,serious injury,repeated assault,personally vulnerable,,,,,,,,,,,,,gratuitous degradation,,,ongoing effect,,,,under influence drugs/alcohol,,,,,,,,,,,,early guilty plea,,,,grievous bodily harm with intent,,immediate custody
27,,intent more harm,,,,,use of weapon,serious injury,repeated assault,,,,,,,,,,on bail,,,,,,,,,,,,,,,,,,,,,genuine remorse,,,,,,grievous bodily harm with intent,,immediate custody
27,,intent more harm,,premeditation,,vulnerable victim,use of weapon,,repeated assault,personally vulnerable,,,,,,,,,,victim forced to leave home,,,,,,ongoing effect,,previous violence,,under influence drugs/alcohol,,,,,,,,,,,,early guilty plea,,,,grievous bodily harm with intent,,immediate custody
27,deliberate harm,,,,,vulnerable victim,use of weapon,serious injury,repeated assault,personally vulnerable,,,,,,,,,,,,,,location,,ongoing effect,,,timing of the offence,,,,good character,,,,,no previous convictions,,genuine remorse,,,,,grievous bodily harm,,,immediate custody
27,,,,,,,,,,,lack of premeditation,,,,,less serious injury,,,,,,,,,,,,,,,,,,,,,,,,,single blow,early guilty plea,,,grievous bodily harm,,,
27,,,,,,,use of weapon,,,,lack of premeditation,,,,,,,against public worker,,,,,,location,,,,,,under influence drugs/alcohol,addressing addiction,,good character,isolated incident,lapse of time,,,no previous convictions,,genuine remorse,,early guilty plea,,,grievous bodily harm,,,
27,,,,,,,,,,,lack of premeditation,,,selfdefence,,,,,,,,,,,,ongoing effect,,,,,,,good character,,,,,no previous convictions,,genuine remorse,single blow,,,,grievous bodily harm,,,
27,,,,,,,,,,,lack of premeditation,,,,,,,,,,,,,,,,,,,,,lack of maturity,good character,isolated incident,,,,no previous convictions,,genuine remorse,single blow,early guilty plea,,,grievous bodily harm,,,
27,,,,,,,use of weapon,serious injury,,,,,,selfdefence,,,,,on bail,,,,,,on licence,ongoing effect,,,,,,,,,,,,,,,single blow,,,,grievous bodily harm,,,immediate custody
27,,,,,,,use of weapon,,,,lack of premeditation,,,,,less serious injury,,,,,,,,,,ongoing effect,,,timing of the offence,under influence drugs/alcohol,,,,,,,,,,genuine remorse,,,,,grievous bodily harm,,,immediate custody
27,,,,,,,,serious injury,,,,,provocation,,,,,,,,,,,,,,,,,,,,,,,,mental disability (general),no previous convictions,,,,early guilty plea,,,grievous bodily harm,,,
27,,,,,,,use of weapon,,,,lack of premeditation,,,,,less serious injury,,,,,,,,,,,,,,,,,good character,,,medical condition,,,,genuine remorse,single blow,,,,grievous bodily harm,,,
27,,,,,,,use of weapon,serious injury,,,,,,,,,,,,,,,,,,,,,,under influence drugs/alcohol,,,,isolated incident,,,,,,genuine remorse,,early guilty plea,,,grievous bodily harm,,,immediate custody
27,deliberate harm,,,,,,use of weapon,serious injury,repeated assault,,,,,,,,,,,,,,,location,,ongoing effect,,,,,,,good character,,,,,no previous convictions,,,,early guilty plea,,,grievous bodily harm,,,immediate custody
27,,,,,,,use of weapon,,,personally vulnerable,,mental disorder (related to the offence),,,,,,,,,,,,,,,,,,,,,,,,,mental disability (general),no previous convictions,,,,early guilty plea,,,grievous bodily harm,,,immediate custody
27,,,,,,,use of weapon,,,,,,,,,less serious injury,,,,,,,,,,,,,,,,,,,,,,,,,single blow,,,,grievous bodily harm,,,immediate custody
27,,,,,,,,,,,,,,,,,,,,,,,,,,,,,,,,,,,,,,,,,,,,,grievous bodily harm,,,immediate custody
27,,,,,,,use of weapon,serious injury,repeated assault,,,,,selfdefence,,,,,,,,,,,,,,,,,,lack of maturity,,,,,,no previous convictions,,genuine remorse,,,,,grievous bodily harm,,,immediate custody
27,,,,premeditation,,,,,,,,,,,,less serious injury,,,,,,,,location,,,,,,,,,,,,,mental disability (general),no previous convictions,,,,,,,grievous bodily harm,,,
27,,,,,,,,serious injury,,,,mental disorder (related to the offence),,selfdefence,,,,,,,,,,,,,,,,,,,,,,,,no previous convictions,,,,,,,grievous bodily harm,,,immediate custody
27,,,,,,vulnerable victim,use of weapon,,,,lack of premeditation,,,,,less serious injury,,,,,,,,,,,,,,under influence drugs/alcohol,,,good character,isolated incident,,,,no previous convictions,,,,,,,,grievous bodily harm with intent,,immediate custody
27,,,,,,vulnerable victim,use of weapon,serious injury,repeated assault,personally vulnerable,,,,,,,,,,,,,gratuitous degradation,,,ongoing effect,,,,under influence drugs/alcohol,,,,,,,,,,,,early guilty plea,,,,grievous bodily harm with intent,,immediate custody
27,,,,,,,use of weapon,serious injury,,personally vulnerable,,,,,,,,,,,,,,,,,,,,,,,,,,,,,,,,early guilty plea,,,,grievous bodily harm with intent,,immediate custody
27,,,,premeditation,,,use of weapon,,,,,,,,,,,,,,,,,,,ongoing effect,,,,under influence drugs/alcohol,,,,,,,,,,,single blow,,,,,grievous bodily harm with intent,,immediate custody
27,,,,,,,,,,,,,,,,,,,,,,,,,,,,,,,,,,,,,,,,,single blow,,,,,,common assault,immediate custody
27,,,,,,,use of weapon,,,personally vulnerable,,,,,,,,,,,,,,location,,,,,,,,,,,,,,,,,,,,,,,common assault,
27,,,,,,,,,,,,,,,,,,,,,,,,,,,,,,,,,,,,,,,,,,,,,,,common assault,
27,,,,,,,,,,,,,,,,less serious injury,,against public worker,,,,,,,,,,,,,,,,,,,,,,,,,,,,,common assault,immediate custody
27,,,,,,,,,,,lack of premeditation,,,,,,,,,,,,,,,,,,,,,,,,,,,,,genuine remorse,single blow,,,,,,common assault,
27,,,,,,,,,,,,,,,,,,,,,,,,,,,,,,,,,,,,,,no previous convictions,,,single blow,early guilty plea,,,,,common assault,
27,,,,,,,,,,,lack of premeditation,,,,,,,,,,,,,,,,,,,,,,,,,,,,,,,,,,,,common assault,
27,,,,,,,,,repeated assault,,,,,,,less serious injury,,,,,,,,,,,,,,,,lack of maturity,good character,,,,,no previous convictions,,genuine remorse,,,,,,,common assault,
27,,,,,,,,,,,,,,,,,,,,,,,,,,,,,,,,,,isolated incident,,,,,,,,,,,,,common assault,
70,deliberate harm,,,,,,,,repeated assault,,,,,,,,,,,,,,,,,,presence of others,,,,,,,,,,,no previous convictions,,,,,,,,,,immediate custody
70,,,,,,,use of weapon,,,,,,,,,less serious injury,,against public worker,,,,,,,,,,,,,,,,,,,,,,,,early guilty plea,,,,,,
70,,,,,,,use of weapon,,,,lack of premeditation,,,,,less serious injury,,,,,,,,location,,ongoing effect,,,,,addressing addiction,,,isolated incident,,,,no previous convictions,,genuine remorse,single blow,early guilty plea,,,,,,
70,,,,,,,,,repeated assault,personally vulnerable,,,,,,,,,,,,,gratuitous degradation,location,,,presence of others,,,,,lack of maturity,,,,,,,,genuine remorse,,early guilty plea,,,,,,immediate custody
70,,,,,,,use of weapon,,,,,,,,,less serious injury,,,,,,,,,,,,,,,addressing addiction,lack of maturity,,isolated incident,,,,no previous convictions,,genuine remorse,,early guilty plea,,,,,,immediate custody
70,,,,premeditation,,vulnerable victim,,,,,,,,,,less serious injury,abuse of trust,,,,,,,location,,,,,timing of the offence,,addressing addiction,,,,,,,,,genuine remorse,,early guilty plea,,,,,,immediate custody
70,,,,,,,use of weapon,serious injury,,,,,,,,,,,,,,failure to comply with court orders,,,,,,,,,,,,,,,,,,,,,,affray,,,,immediate custody
70,,,,,,,use of weapon,,,,,mental disorder (related to the offence),,,,,,,,,,,,,,,,,,,,,,,,medical condition,mental disability (general),,,,,early guilty plea,,affray,,,,
70,,,,,,,,,,,,,,,,,,,,,,,,,,,,,,,,,,,,,,,,,,,,affray,,,,
70,,,,,,,,,,,lack of premeditation,,,,,,,,,,,,,location,,,presence of others,,,,,,good character,isolated incident,,,,no previous convictions,,genuine remorse,,,,affray,,,,
70,,,leading role gang,,,,,,,,,,,,,,,against public worker,,,,,,,,,,,,,,,,,,,,,,,,,,affray,,,,
70,,,,,,,,,,,lack of premeditation,,,,subordinate role gang,,,against public worker,,,,,,,,,presence of others,,,,,,,isolated incident,,,,no previous convictions,,,,early guilty plea,,affray,,,,
70,,intent more harm,,premeditation,,,use of weapon,,,,,,,,,,,against public worker,,,,,,location,,,,,timing of the offence,,,,,,,,,,,,,,,affray,,,,immediate custody
70,,,,,,,,,,,,,,,,,,,,,,,,,,,,,,,,,,,,,,,,,,,,affray,,,,
70,,,,,,,,,,,,,,,,,,,,,,,,,,,,,,,,lack of maturity,,,,,,,,,,,,affray,,,,immediate custody
70,,intent more harm,,premeditation,,,use of weapon,,,,,,,,,,,,,,,,,,,,,,,,,lack of maturity,,,,,,,,,,,,affray,,,,immediate custody
70,,,,,,,,,repeated assault,personally vulnerable,,,,,,less serious injury,,,,,,,,location,,,presence of others,previous violence,,under influence drugs/alcohol,,,,,,,,,,,,early guilty plea,,affray,,,,immediate custody
70,,,,,,,,,,,,,,,,,,,,,,,,,,,,,,,,,,,,,,,,,,,,affray,,,,
70,,,,,,,use of weapon,,,,,,,,,,,,,,,,,,,,,,,,,,,,,,,,,,,,,affray,,,,
70,,,,premeditation,,,use of weapon,,,,,,,,,,,,,,,,,,,,presence of others,,,,,,,,,,,,,,,,,affray,,,,immediate custody
70,,,,,,,,,repeated assault,personally vulnerable,,,,,,less serious injury,,,,,,,,location,,,presence of others,previous violence,,under influence drugs/alcohol,,,,,,,,,,,,early guilty plea,,affray,,,,immediate custody
70,,,,,,,,,,,,,,,,,,,,,,,,,,,,,,,,,,,,,,,,,,,,,,,,immediate custody
70,,,,,,,,,,,,,,,,,,,,,,,,,,,,,,,,,,,,,,,,,,,,,,,,
70,,,,,,,,,,,,,,,,,,,,,,,,,,,,,,,,,,,,,,,,,,,,,,,,
70,,,,,,,,,,,,,,,,,,,,,,,,,,,,,,,,,,,,,,,,,,,,,,,,
70,,,,,,,,,,,lack of premeditation,,,,,,,,,,,,,,,,,,,,,,good character,isolated incident,,,,no previous convictions,,,,,,,,,,
70,,,,,,,,,,,,,,,,,,,,,,,,,,,,,,,,,,,,,,,,,,,,,,,,
70,,,,,,,use of weapon,,,,,,,,,,abuse of trust,,,,,,,location,,,,,,,,,,,,,,,,,,,,,,,,
70,,,,,,,,serious injury,,,,,provocation,,,,,,,,,,,,,,,,,,,lack of maturity,good character,isolated incident,,medical condition,,no previous convictions,primary carer,,single blow,,,,,,,
70,,,leading role gang,,,,,,repeated assault,,lack of premeditation,,,,,less serious injury,,,,,,,,,,,presence of others,,,,,,good character,isolated incident,lapse of time,,,,primary carer,,,early guilty plea,,,,,,
70,,,,,,vulnerable victim,,,repeated assault,personally vulnerable,lack of premeditation,,,,,less serious injury,,,,,,,,location,,,,,,,,lack of maturity,,isolated incident,,,,,,genuine remorse,,,,,,,,
70,,,,,,,,,,personally vulnerable,,,,,,,,against public worker,,,,,,,,,,,,,,,,,,,,,,,,,,,,,,
70,,,,,,,use of weapon,,,,,,,,,less serious injury,,against public worker,,,,,,,,,,,,,,,good character,,,,,no previous convictions,,,,early guilty plea,,,,,,
70,deliberate harm,,,premeditation,,,,serious injury,,,,,provocation,,,,,,,,,,,,,,,,,,,,good character,,,,,no previous convictions,,genuine remorse,,,,,,,,
70,,,,,,,use of weapon,,,,,,,,,,,,,,,,,,,,,,,,,,,isolated incident,,,,no previous convictions,,genuine remorse,,early guilty plea,,,,,,
70,,,,,,vulnerable victim,use of weapon,,repeated assault,personally vulnerable,lack of premeditation,,provocation,,,less serious injury,,against public worker,,,,,,,,,,,,under influence drugs/alcohol,addressing addiction,,,isolated incident,,,,,,genuine remorse,,early guilty plea,,,,,,
70,,,,,,vulnerable victim,,,,,,,,,,,,,,,,,,,,,,,,,,,,,,,,,,,,,,,,,common assault,immediate custody
70,,,,,,,,,,,,,,,,,,,,,,failure to comply with court orders,,location,,,,previous violence,,,,,,,,,,,,,,,,,,,common assault,immediate custody
70,,,,,,,,,,,lack of premeditation,,,,,,,,,,,,,,,,,,,,,,,,,,,,,,,,,,,,common assault,
70,,intent more harm,,,,,use of weapon,,,,,,,,,less serious injury,,,,,,,,location,,,,,timing of the offence,,,lack of maturity,,,,,,,,,,,,,,grievous bodily harm with intent,,immediate custody
70,,intent more harm,,premeditation,,,use of weapon,serious injury,repeated assault,,,,,,,,,,,victim forced to leave home,,,,,,ongoing effect,presence of others,,,,,,good character,isolated incident,,,,no previous convictions,,,,early guilty plea,,,,grievous bodily harm with intent,,immediate custody
70,deliberate harm,,,,,,use of weapon,,repeated assault,,,,,,,,,,,,,,,,,,,,,,,,,,,,,,,,,early guilty plea,,,,grievous bodily harm with intent,,immediate custody
70,,intent more harm,leading role gang,premeditation,,,,serious injury,,,,,,,,less serious injury,,,,,,,,location,,,presence of others,,,,,lack of maturity,,,,,,,,,,,,,,grievous bodily harm with intent,,immediate custody
70,,,,,,,use of weapon,,repeated assault,,lack of premeditation,mental disorder (related to the offence),provocation,,,,,,,,,,,,,ongoing effect,,,,,,,good character,isolated incident,,,mental disability (general),no previous convictions,,genuine remorse,,,,,,grievous bodily harm with intent,,immediate custody
70,,,,,,,,serious injury,,,,,,,,,,,,,,,,,,,,previous violence,,,,,,,,,,,,,single blow,,,,grievous bodily harm,,,immediate custody
70,,,,,,,,serious injury,,,,,,,,,,,,,,,,,,,,,,,,,,,,,,,,,single blow,,,,grievous bodily harm,,,immediate custody
70,,,,,,,,,,,,,,,,,,,,,,,,,,,,,,,,,,,,,,,,,,,,,grievous bodily harm,,,
70,,,,,,,use of weapon,,repeated assault,,,,,,,,,against public worker,,,,,,,,,,,,under influence drugs/alcohol,,,,,,,,,,,,,,,grievous bodily harm,,,
70,,,,,,,,,,,,,,,,,,,,,,,,,,,,,,,,,good character,,,,,,,genuine remorse,single blow,,,,grievous bodily harm,,,
70,,intent more harm,,,,,use of weapon,,,,,,,,,,,,,,,,,location,,,,,timing of the offence,,,,,,,,,,,,,,,,grievous bodily harm,,,immediate custody
70,,,,,,,,serious injury,,personally vulnerable,,mental disorder (related to the offence),,,,,,,,victim forced to leave home,,,,,,,,,,,,,,,,,mental disability (general),no previous convictions,,,,,,,grievous bodily harm,,,
70,,,leading role gang,,,,,,repeated assault,,,,,,,,,against public worker,,,,,,,,,,,,under influence drugs/alcohol,,,,,,,,,,genuine remorse,,early guilty plea,,,grievous bodily harm,,,immediate custody
70,,intent more harm,,,,,use of weapon,,,,,,,,,,,,,,,,,location,,,,,timing of the offence,,,,,,,,,,,,,,,,grievous bodily harm,,,immediate custody
70,,intent more harm,leading role gang,,,,use of weapon,,,,,,,,,,,,,,,,,location,,,,,timing of the offence,,,,,,,,,,,,,,,,grievous bodily harm,,,immediate custody
70,,intent more harm,,,,,use of weapon,,,,,,,,,less serious injury,,against public worker,,,,,,,,,,,,under influence drugs/alcohol,,,,,,,,,,genuine remorse,,early guilty plea,,,,grievous bodily harm with intent,,immediate custody
70,,intent more harm,,,,,use of weapon,,,,lack of premeditation,,,,,less serious injury,,,,,,,,location,,,,,timing of the offence,,,lack of maturity,,,,,,,,genuine remorse,,early guilty plea,,,,grievous bodily harm with intent,,immediate custody
70,,,,,,,use of weapon,,repeated assault,,lack of premeditation,,provocation,selfdefence,,,,,,,,,,,,,,,,,,,,,lapse of time,,,,primary carer,,,,,,,grievous bodily harm with intent,,immediate custody
70,,intent more harm,,,,,use of weapon,,repeated assault,,,,,,,,,against public worker,,,,,,,,,,,,under influence drugs/alcohol,,,,,,,,,,genuine remorse,,,,,,grievous bodily harm with intent,,immediate custody
70,,,,premeditation,,,use of weapon,,,,,,,,,,,,,,,,,location,,,,,timing of the offence,,,lack of maturity,,,,,,,,,,,violent disorder,,,,,immediate custody
70,,,leading role gang,premeditation,,,use of weapon,,,,,,,,,,,against public worker,,,,,,,,,,,,,,,,,,,,,,,,,violent disorder,,,,,immediate custody
70,,,leading role gang,,,,use of weapon,,,,,,,,,,,,,,,,,,,,,,,under influence drugs/alcohol,,,,,,,,no previous convictions,,genuine remorse,,early guilty plea,violent disorder,,,,,immediate custody
70,,,,,,,,serious injury,,,lack of premeditation,,,,,,,against public worker,,,,,,location,,,presence of others,,,,,,,,,,,,,,,early guilty plea,violent disorder,,,,,immediate custody
70,,,leading role gang,premeditation,,,use of weapon,,,,,,,,,,,against public worker,,,,failure to comply with court orders,,location,,,presence of others,,timing of the offence,,,lack of maturity,,,,,,,,,,,violent disorder,,,,,immediate custody
70,,,,,,,,,,,,,,,,,,,,,,,,,,,,,,,,,,,,,,,,,,early guilty plea,violent disorder,,,,,immediate custody
70,deliberate harm,intent more harm,leading role gang,,,,use of weapon,,,,,,,,,,,against public worker,,,,,,,,,presence of others,,,,,,,,,,,,,,,early guilty plea,violent disorder,,,,,immediate custody
70,,,,,,,,,,,,,,,,,,,,,,,,,,,,,,,,,good character,,,,,no previous convictions,,,,,violent disorder,,,,,immediate custody
70,,,,,,,,,,,lack of premeditation,,,,,,,,,,,,,,,,,,,,addressing addiction,lack of maturity,,,lapse of time,,mental disability (general),no previous convictions,,genuine remorse,,,violent disorder,,,,,
70,,,,,,,,,,,,,,,,,,,,,,,,location,,,,,timing of the offence,,,,,,,,,no previous convictions,,,,early guilty plea,violent disorder,,,,,immediate custody
70,,,,,,,,,,,,,,,,,,,,,,,,,,,,,,,,,,,,,,,,,,,violent disorder,,,,,immediate custody
70,,intent more harm,,,,,,,,personally vulnerable,,,,,,,,against public worker,,,,,,location,,,presence of others,,timing of the offence,,,,good character,,,,,no previous convictions,,genuine remorse,,early guilty plea,violent disorder,,,,,immediate custody
70,,,,,,,,,,,,,,,,,,,,,,,,,,,,,,,,,,,,,,no previous convictions,,,,early guilty plea,violent disorder,,,,,immediate custody
70,,,,,,,use of weapon,,,,,,,,,,,,,,,failure to comply with court orders,,,,,presence of others,,,,,,,,,,,,,,,,violent disorder,,,,,immediate custody
70,,,,,,,,,,,,,,,,,,against public worker,,,,,,,,,,,,,,,,,,,,no previous convictions,,genuine remorse,,early guilty plea,violent disorder,,,,,immediate custody
70,,,,,,,use of weapon,serious injury,,,,,,,,,,,,,,,,location,,,,,,under influence drugs/alcohol,,,,isolated incident,,,,,,,,early guilty plea,violent disorder,,,,,immediate custody
70,,,,,,,,serious injury,,,lack of premeditation,,,,,,,against public worker,,,,,,location,,,presence of others,,,under influence drugs/alcohol,,,good character,,,,,,,genuine remorse,,early guilty plea,violent disorder,,,,,immediate custody
70,,,,,,,,,,,lack of premeditation,,,,,,,against public worker,,,,,,location,,,presence of others,,,under influence drugs/alcohol,,,good character,,,,,,,genuine remorse,,early guilty plea,violent disorder,,,,,immediate custody
70,,,,,,,,,,,,mental disorder (related to the offence),,,,,,against public worker,,,,,,location,,,presence of others,,timing of the offence,,,,,,,,,no previous convictions,,genuine remorse,,early guilty plea,violent disorder,,,,,immediate custody
70,,,,premeditation,,,use of weapon,,,,,,,,,,,against public worker,,,,,,,,,presence of others,,,,,,,,,,,,,,,,violent disorder,,,,,immediate custody
70,,,leading role gang,premeditation,,,use of weapon,,,,,,,,,,,against public worker,,,,,,,,,,,,,,,,,,,,,,,,,violent disorder,,,,,immediate custody
70,,,,,,,,,,,,,,,subordinate role gang,,,,,,,,,,,,,,,,,,,,,,,,,,,,violent disorder,,,,,immediate custody
70,deliberate harm,,leading role gang,,,,use of weapon,,,,,,,,,,,against public worker,,,,,,,,,presence of others,,,,,,,,,,,,,,,,violent disorder,,,,,immediate custody
70,,,,premeditation,,,use of weapon,,,,,,,,,,,,,,,,,location,,,,previous violence,timing of the offence,,,lack of maturity,,,,,,,,,,,violent disorder,,,,,immediate custody
70,,,,premeditation,,,use of weapon,,,,,,,,,,,,,,,,,,,,,,,,,,,,,,,,,,,early guilty plea,violent disorder,,,,,immediate custody
70,,,,,,,,,,,,,,,subordinate role gang,,,,on bail,,,,,,,,,,,,,,,,,,,,,,,,violent disorder,,,,,immediate custody
70,,,leading role gang,,,,,,,,,,,,,,,against public worker,,,,,,location,,,presence of others,,timing of the offence,,,,,,,,,,,,,,violent disorder,,,,,immediate custody
70,,,,,,,,,,,,,,,,,,,,,,,,,,,,,,,,,,,,,,,,,,,violent disorder,,,,,immediate custody
70,,,,,,,,serious injury,,,lack of premeditation,,,,,,,against public worker,,,,,,location,,,presence of others,,,under influence drugs/alcohol,,,good character,,,,,,,genuine remorse,,early guilty plea,violent disorder,,,,,immediate custody
70,,,,,,,use of weapon,serious injury,,,,,,,,,,against public worker,,,,,gratuitous degradation,location,,ongoing effect,presence of others,,,,,,,,,,,,,,,early guilty plea,violent disorder,,,,,immediate custody
70,,,leading role gang,premeditation,,,,,,,,,,,,,,,,,,,,,,,,,,,,,,,,,,,,,,early guilty plea,violent disorder,,,,,immediate custody
70,,,,,,,use of weapon,serious injury,repeated assault,,,,,,,,,against public worker,,,,,,location,,,presence of others,,timing of the offence,,,lack of maturity,,,,,,,,,,early guilty plea,violent disorder,,,,,immediate custody
70,,,,,,,,,,,,,,,,,,against public worker,,,,,,,,,presence of others,,,under influence drugs/alcohol,,,,,,,,,,,,,violent disorder,,,,,immediate custody
70,,,,premeditation,,,,,,,,,,,,,,,,,,,,,,,,,,,,,,,,,,,,,,early guilty plea,violent disorder,,,,,immediate custody
70,,,,premeditation,,,use of weapon,,,,,,,,subordinate role gang,,,against public worker,,,,,,,,,presence of others,,,,,,,,,,,,,,,,violent disorder,,,,,immediate custody
70,,,,,,,,,,,,,,,,,,,,,,,,,,,,,,,,,,,,,,,,,,,violent disorder,,,,,immediate custody
70,,,,,,,,,,,,,,,,,,,,,,,,location,,,,,timing of the offence,,,,,isolated incident,,,,,,genuine remorse,,,violent disorder,,,,,immediate custody
70,,,,,,,,serious injury,,,lack of premeditation,,,,,,,against public worker,,,,,,location,,,presence of others,,,under influence drugs/alcohol,,,,,,medical condition,,,,genuine remorse,,early guilty plea,violent disorder,,,,,immediate custody
70,,,,,,,,,,,,,,,,,,,,,,,,,,,,,,,,,,,,,mental disability (general),,,,,early guilty plea,violent disorder,,,,,immediate custody
70,,intent more harm,leading role gang,,,vulnerable victim,use of weapon,serious injury,repeated assault,personally vulnerable,,,,,,less serious injury,,,,,,,,,,ongoing effect,,,,,,lack of maturity,,isolated incident,,,,no previous convictions,,,,,violent disorder,,,,,immediate custody
5,deliberate harm,,,,,,,serious injury,,,,,,,,,,,,,,,,location,,,,,timing of the offence,under influence drugs/alcohol,,,,,,,,,,,,early guilty plea,,,,,,immediate custody
5,,,,,against race/religion,,,,,,,,,,,,,,,,,,,,,,,,,under influence drugs/alcohol,,lack of maturity,,,lapse of time,,,,,,,early guilty plea,,,,,,
5,,,,,,,,,,,lack of premeditation,,,,,less serious injury,,,,,,,,,,,,,,under influence drugs/alcohol,addressing addiction,,,isolated incident,,,,,,genuine remorse,single blow,,,,,,,
5,,,,,,,,,,,,,,selfdefence,,,,,,,,,,,,,,,,under influence drugs/alcohol,,,,isolated incident,,,,,,,,early guilty plea,,,,,,immediate custody
5,,,,,against race/religion,,,,,,,,,,,less serious injury,,,,,,,,,,,,,,under influence drugs/alcohol,,lack of maturity,,,lapse of time,,,,,genuine remorse,,,,,,,,
5,,,,,,,,serious injury,,,lack of premeditation,,,,,,,,,,,,,location,,,,,,,,,good character,isolated incident,,,,no previous convictions,,genuine remorse,,,,,,,,
5,deliberate harm,,,,,,,serious injury,,,,,,,,,,,,,,,,location,,,,,timing of the offence,under influence drugs/alcohol,,,,,,,,,,,,,,,,,,immediate custody
5,,,,,,,,,,,lack of premeditation,,,,,less serious injury,,,,,,,,,,,,,,under influence drugs/alcohol,,,good character,,,,,no previous convictions,,,single blow,,,,,,,
5,,,,premeditation,,vulnerable victim,use of weapon,,repeated assault,personally vulnerable,,,,,,,abuse of trust,,,,,failure to comply with court orders,,,,,,previous violence,,,,,,,,,,,,genuine remorse,,,,,,,,immediate custody
5,,,,,,,,,,,,,,,,,,,,,,,,,,,,,,,,,,,,,,,,,,,,,,,,
5,,,,,,,,serious injury,,,,,,,,,,,,,,,,,,,,previous violence,,,addressing addiction,,,,,,,,,,,,,,,,,
5,,,,,,,,,,,lack of premeditation,,,,,less serious injury,,,,,,,,,,,,,,,,,,,,,,,,genuine remorse,,early guilty plea,,,,,,
5,,,,,,,,,,,lack of premeditation,,,,,,,,,,,,,,,,,,,,,,,,,,,,,genuine remorse,single blow,,,,,,,
5,deliberate harm,,,,,,,,repeated assault,personally vulnerable,,,,,,,abuse of trust,,,,,,,,,ongoing effect,,,,,,,,,,,,,,,,,,,,,,immediate custody
5,,,,,,,,serious injury,,,lack of premeditation,,,,,,,,,,,,,,,,,,,,,,good character,,,,,no previous convictions,,,single blow,,,,,,,
5,,,,,,,,,,,,,,,,less serious injury,,,,,,,,location,,,presence of others,,,,,,,,,,,,,,,early guilty plea,,,,,,
5,,,,,,,,,,,,,,,,,,,,,,,,,,,,,,,,,,,,,,,,,,,,,,,,immediate custody
5,deliberate harm,,,,,,,,,personally vulnerable,,,,,,,,against public worker,,,,,,,,,presence of others,,,under influence drugs/alcohol,,,good character,,,,,,primary carer,genuine remorse,,early guilty plea,,affray,,,,
5,,,,premeditation,,,,serious injury,,personally vulnerable,,,,,subordinate role gang,,,,,,,,,,,,,,,,,,,,,,,no previous convictions,,,,,,affray,,,,
5,,,leading role gang,premeditation,,,use of weapon,,,,,,,,,,,,,,,,,,,,,,,,,,,,,,,,,genuine remorse,,,,affray,,,,
5,,,,premeditation,,,,serious injury,,personally vulnerable,,,,,,less serious injury,,,,,,,,location,,,,,,under influence drugs/alcohol,,,,,,,,,,,,,,affray,,,,
5,,,,premeditation,,,,serious injury,,personally vulnerable,,,,,subordinate role gang,,,,,,,,,,,,,,,,,,,,,,,no previous convictions,,,,,,affray,,,,
5,,,,,,,use of weapon,,,,,,,,,,,,,,,,,location,,,presence of others,,,under influence drugs/alcohol,,lack of maturity,,isolated incident,,,,no previous convictions,,genuine remorse,,early guilty plea,,affray,,,,
5,,,,premeditation,,,use of weapon,,,,,,,,subordinate role gang,,,,,,,,,,,,,,,,,,,,,,,,,genuine remorse,,,,affray,,,,
5,,,,,,,,,,,,,,,,,,,,,,,,,,,,,,,,,,,lapse of time,,,,,genuine remorse,,early guilty plea,,affray,,,,
5,,,,,,,use of weapon,,,,,,,selfdefence,subordinate role gang,,,,,,,,,location,,,presence of others,,,under influence drugs/alcohol,,,,,,,,,,genuine remorse,,,,affray,,,,
5,,,,,,,,,,,lack of premeditation,,provocation,selfdefence,,,,,,,,,,,,,,,,,,,good character,isolated incident,lapse of time,,,no previous convictions,,genuine remorse,,early guilty plea,,affray,,,,
5,,,,,,,,serious injury,,,,,,,,,,against public worker,,,,,,,,,,,,,addressing addiction,lack of maturity,,,,,,,,genuine remorse,,,,affray,,,,
5,,,,,,,,,,,,mental disorder (related to the offence),,,,,,,,,,,,,,,,,,,,,,,,,mental disability (general),no previous convictions,,,,early guilty plea,,affray,,,,
5,,,,,,,,,,,,,,,subordinate role gang,less serious injury,,,,,,,,,,,,,,,,,,,,,,no previous convictions,,,,early guilty plea,,affray,,,,
5,,,,,,,,,,,,,,,,,,,,,,,,,,ongoing effect,,,,,,,,,,,,,,,,,,affray,,,,
5,,,,,,,,serious injury,,personally vulnerable,,,,,,,,,,,,,,,on licence,,,,,,,,,,,,,,,,,early guilty plea,,affray,,,,immediate custody
5,,,,,,,,,,,,,,,,,,,,,,,,,,,,,,,,,,,,,,,,,,,,affray,,,,immediate custody
5,,,,,,,,,,,lack of premeditation,,,,,less serious injury,,,,,,,,,,,,,,,,,,,,,,,,genuine remorse,,,,affray,,,,
5,,,,,,,,,,,lack of premeditation,,,,,,,,,,,,,,,,,,,,,,good character,,,,,no previous convictions,,genuine remorse,,,,affray,,,,
5,,,,,,,,,,,lack of premeditation,,,selfdefence,,,,,,,,,,,,,,,,,,,,,,,,,,,,,,affray,,,,
5,,,,,,,use of weapon,,repeated assault,personally vulnerable,,,,,,,,,,,,,,location,,,,,,,,,,,,,,,,,,,,,,,,immediate custody
5,,,,,,,,,repeated assault,,,,,,,less serious injury,,against public worker,,,,,,,on licence,,,,,,,,,,,,,,,,,,,,,,,immediate custody
5,,,,,,,use of weapon,,repeated assault,,,,,,,less serious injury,,,,,,,,,,,,,,under influence drugs/alcohol,,,,,,,,,,genuine remorse,,early guilty plea,,,,,,
5,,,,,,,,,,,,,,,,less serious injury,,,,,,,,,,,presence of others,,,,,,,,,,,,,,,early guilty plea,,,,,,
5,,,,,,,,,,,lack of premeditation,,,selfdefence,,less serious injury,,,,,,,,,,,,,,,,,good character,,,,,no previous convictions,,genuine remorse,single blow,,,,,,,
5,,,,,against race/religion,,,,,,,,,,,,,,,,,,,,,,,,,under influence drugs/alcohol,,lack of maturity,,,lapse of time,,,,,,,,,affray,,,,
5,,,,,,,,,,,lack of premeditation,,,selfdefence,,,,,,,,,,,,,,,,,,,,,,,,,,,,,,affray,,,,
5,,,,,,,,,,,lack of premeditation,,,,,,,,,,,,,,,,,,,,addressing addiction,,,,,,,,,genuine remorse,,early guilty plea,,affray,,,,
5,,,,,,,,,,personally vulnerable,,,,,,,,,,,,,,,,,,,,,,,,,,,,,,,,early guilty plea,,affray,,,,immediate custody
5,,,,,,,,,,,,,,,,,,,,,,,,,,,,,,,,,,,,,,,,,,,,,,,,
5,,,,,,,,,,,lack of premeditation,,,,,,,,,,,,,,,,,,,under influence drugs/alcohol,addressing addiction,,,,,,,,,genuine remorse,,early guilty plea,,,,,,
5,,,,,,,,,,,lack of premeditation,,provocation,,,,,,,,,,,,,,,,,,,,,isolated incident,,,,no previous convictions,primary carer,genuine remorse,,,,,,,,
5,,,,,,,use of weapon,,,,,,,,,less serious injury,,,,,,,,,on licence,,,,,,,,,isolated incident,,,,,,genuine remorse,,early guilty plea,,,,,,immediate custody
5,,,,,,,,,,,lack of premeditation,,,,,,,,,,,,,,,,,,,,,,good character,isolated incident,,,,,,genuine remorse,single blow,early guilty plea,,,,,,
5,,,,,,,,,,,,,,,,,,,,,,,,location,,,,,timing of the offence,under influence drugs/alcohol,,,,,,,mental disability (general),,,,single blow,,,,,,,
5,,,,,,,,,,,,mental disorder (related to the offence),,,,less serious injury,,,,,,,,,,,,,,,,,,,,,mental disability (general),,,,single blow,,,,,,,
5,,,,,,,,,,,lack of premeditation,,,,,,,,,,,,,,,,,,,,,lack of maturity,,isolated incident,lapse of time,,,no previous convictions,,genuine remorse,single blow,,,,,,,
5,,,,,,,,,repeated assault,,,,,,,,,,,,,,,,,,,,,under influence drugs/alcohol,,,,,,,,,,,,,,,,,,
5,,,,,,,,,,,,,,,,,,,,,,,,,,,presence of others,,,,,,,,,,,,,genuine remorse,,,,,,,,immediate custody
5,,,,,,,,,,,lack of premeditation,,,,,less serious injury,,,,,,,,,,,,,,under influence drugs/alcohol,,,,,,,,,,genuine remorse,single blow,,,,,,,immediate custody
5,,,,,,,,,,,lack of premeditation,,,,subordinate role gang,less serious injury,,,,,,,,,,,,,,,,,,,,,,,,,,early guilty plea,,,,,,
5,,,,,,,,,,,lack of premeditation,,,,,,,,,,,,,location,,,,,,,,,good character,isolated incident,,,,,,,single blow,early guilty plea,,,,,,
5,,,,,,,,serious injury,,,,,,,,,,,,,,,,,,,,,,,,,good character,,,,,,,,single blow,,,,,grievous bodily harm with intent,,immediate custody
5,,,,,,,use of weapon,,repeated assault,,,,,,,,,,,,,,,,,ongoing effect,,,,under influence drugs/alcohol,addressing addiction,,,,,,,,,genuine remorse,,,,,,grievous bodily harm with intent,,immediate custody
5,,,,,,,,serious injury,,,lack of premeditation,,,,,,,,,,,,,,,ongoing effect,,,,,,,good character,,,,,no previous convictions,,,,early guilty plea,,,grievous bodily harm,,,
5,,,,,,,use of weapon,,,,,,,,,less serious injury,,,,,,,,location,,ongoing effect,,,timing of the offence,,,lack of maturity,,,,,,,,,,,,,grievous bodily harm,,,immediate custody
5,,,,,,,,serious injury,,,,,,,,,,,,,,,,,,,,,,,addressing addiction,,,,,,,no previous convictions,,genuine remorse,single blow,,,,grievous bodily harm,,,
5,,,,,,,,,,,,,,,,,,,,,,,,,,,,,,,,,,,,,,,,,,,,,grievous bodily harm,,,
5,,,,,,,use of weapon,serious injury,,,lack of premeditation,,,,,,,,on bail,,,,,,,ongoing effect,,,,,,,,,,,,,,,,,,,grievous bodily harm,,,immediate custody
5,,,,,,,,,,,lack of premeditation,,,,,,,,,,,,,,,,,,,,,,good character,isolated incident,,,,,,genuine remorse,,,,,grievous bodily harm,,,
5,,,,,,,,,,,lack of premeditation,,,,,less serious injury,,,,,,,,,,,,,,,,,good character,,,,,no previous convictions,,genuine remorse,single blow,early guilty plea,,,grievous bodily harm,,,
5,,,,,,,,,,,,,,,,,,,,,,,,,,,,,,,,,,,,,,,,,single blow,,,,grievous bodily harm,,,
5,,,,,,,,,,,lack of premeditation,,,,,,,,,,,,,,,,,,,,,,good character,,,,,,,genuine remorse,single blow,,,,grievous bodily harm,,,
5,,,,,,,use of weapon,,repeated assault,,,,,,,less serious injury,,,,,,,,,,ongoing effect,,,,,,,,isolated incident,,,,no previous convictions,,,,early guilty plea,,,grievous bodily harm,,,
5,,,,,,,,serious injury,,,lack of premeditation,mental disorder (related to the offence),provocation,selfdefence,,,,,,,,,,,,,,,,,,,,isolated incident,,medical condition,mental disability (general),,,,,early guilty plea,,,grievous bodily harm,,,
5,,,,,,vulnerable victim,use of weapon,serious injury,repeated assault,,lack of premeditation,,,,,,,,,,,,,,on licence,,presence of others,,,under influence drugs/alcohol,,,,isolated incident,,,,no previous convictions,,,,early guilty plea,,,grievous bodily harm,,,immediate custody
5,,,,,,,,serious injury,,,,,,,subordinate role gang,,,,,,,,,location,,,,,,,,,,,,,,no previous convictions,primary carer,,,,,,grievous bodily harm,,,
5,deliberate harm,,,,,,use of weapon,,,,,,,,,,,,,,,,,,,,,,,under influence drugs/alcohol,,,,,,,,,,,,,,,grievous bodily harm,,,immediate custody
5,,,,,,,,serious injury,,,lack of premeditation,mental disorder (related to the offence),provocation,,,,,,,,,,,,,,,,,under influence drugs/alcohol,,,,,,medical condition,,,primary carer,,single blow,,,,grievous bodily harm,,,immediate custody
5,,,,,,,,serious injury,,,lack of premeditation,,,,,,,,,,,,,,,,,,,under influence drugs/alcohol,,,,,,,,,,genuine remorse,single blow,,,,grievous bodily harm,,,immediate custody
5,,,,,,,,,,,,,provocation,,,less serious injury,,,,,,,,,,,,,,,,,,isolated incident,,,,,,genuine remorse,,early guilty plea,,,grievous bodily harm,,,
5,,,,,,,,,,,lack of premeditation,,,,,less serious injury,,,,,,,,,,,,,,,,,,,,,,,,,single blow,early guilty plea,,,grievous bodily harm,,,
5,,,,,,,,,,,,,,,,less serious injury,,,,,,,,,,,,,,,,lack of maturity,,isolated incident,,,,no previous convictions,,,,,,,grievous bodily harm,,,immediate custody
5,,,,,,,use of weapon,serious injury,,,,,,,,,,,,,,,gratuitous degradation,,,,,,,under influence drugs/alcohol,,,,isolated incident,,,,,,,,early guilty plea,,,grievous bodily harm,,,immediate custody
5,,,leading role gang,,,,use of weapon,serious injury,repeated assault,,,,,,,,,,,,,,,,,,,,,,,,,,,,,,,,,,,,grievous bodily harm,,,immediate custody
5,,,,,,,,,,,,,,,,,,,,,,,,,,,,,,under influence drugs/alcohol,addressing addiction,,,,,medical condition,,,,genuine remorse,,,,,grievous bodily harm,,,
5,,,,,,,use of weapon,,,,lack of premeditation,,,,,less serious injury,,,,,,,,,,,presence of others,,,under influence drugs/alcohol,,,,,,,,,,genuine remorse,single blow,,,,grievous bodily harm,,,immediate custody
5,,,,,,,use of weapon,serious injury,,,,,,,,,,,,,,,gratuitous degradation,,,,,,,under influence drugs/alcohol,,,,isolated incident,,,,,,,,early guilty plea,,,grievous bodily harm,,,immediate custody
5,,,,,,,,,,,,,,,,,,,,,,,,,,,,,,,,,,,,,,,,,,,,,,grievous bodily harm with intent,,immediate custody
5,,,,,,,use of weapon,serious injury,,,lack of premeditation,,,,,,,,,,,,,,,ongoing effect,,,,,,,,,,,,,,genuine remorse,single blow,,,,,grievous bodily harm with intent,,immediate custody
5,,,,,,,,,,,lack of premeditation,,provocation,,,,,,,,,,,,,,,,,under influence drugs/alcohol,,,,,,,,no previous convictions,,genuine remorse,,,,,,grievous bodily harm with intent,,immediate custody
5,,,,,,,use of weapon,,,,,,,,,less serious injury,,,,,,,,,,,,,,,,,,,,,,,,,single blow,early guilty plea,,,,grievous bodily harm with intent,,immediate custody
5,,,,premeditation,,,,,repeated assault,,,,,,,less serious injury,,,,,,,,,,,,,,,,,,,,,,no previous convictions,,genuine remorse,,,,,,grievous bodily harm with intent,,immediate custody
5,,,,,,vulnerable victim,,serious injury,,,,,,,,,,,,,,,,location,,ongoing effect,,,timing of the offence,under influence drugs/alcohol,,,,isolated incident,,,,no previous convictions,,genuine remorse,,early guilty plea,,,,grievous bodily harm with intent,,immediate custody
5,,,,premeditation,,,use of weapon,serious injury,,personally vulnerable,,,provocation,,,,,,,,,,,location,,ongoing effect,,,,under influence drugs/alcohol,addressing addiction,,,,,,,,,genuine remorse,,,,,,grievous bodily harm with intent,,immediate custody
5,,,,,,,,,,,,,,,,,,,,,,,,,,,,,,,,,,,,,,,,,,,,,,,common assault,
5,,,,,,,,,,,,,,,,,,,,,,,,,,,,,,,,,,,,,,,,,,,,,,,common assault,immediate custody
5,,,,,,,,serious injury,,,,,,,,,,,,,,,,location,,,,,,,,,,,,,,no previous convictions,,,,early guilty plea,,,,,common assault,immediate custody
5,,,,,,,,,,,,,,,,,,,,,,failure to comply with court orders,,,,,,,,under influence drugs/alcohol,,,,,,,,,,,,,,,,,common assault,immediate custody
5,,,,,,,,,,,lack of premeditation,,,,,,,,,,,,,,,,,,,under influence drugs/alcohol,,,,,,,,,,,,,,,,,common assault,
5,,,,,,,,,,,lack of premeditation,,,,,,,,,,,,,,,,,,,,,,,,,,,no previous convictions,,genuine remorse,single blow,early guilty plea,,,,,common assault,
5,,,,,,,,,,,,,,,,less serious injury,,,,,,,,,,,,,,,,,good character,isolated incident,,,,,,genuine remorse,single blow,,,,,,common assault,
5,,,,,,,,,,,lack of premeditation,,,,,less serious injury,,,,,,,,,,ongoing effect,,,,,,,,,,,,,,,,,,,,,common assault,
5,,,,,,,,,,,lack of premeditation,,provocation,,,,,,,,,failure to comply with court orders,,location,,,,,,,addressing addiction,,,,,,,,,genuine remorse,single blow,,,,,,common assault,
5,,,,,,,,,,,,,,,,,,,,,,,,,,,,,,,,,,,,,,,,,,early guilty plea,violent disorder,,,,,immediate custody
5,,,,premeditation,,,,,repeated assault,,,,,,,,,,,,,,,,,,,,,,,lack of maturity,,,,,,,,,,,violent disorder,,,,,immediate custody
5,,,leading role gang,,,,,,,,,,,,,less serious injury,,,,,,,,location,,,presence of others,,timing of the offence,under influence drugs/alcohol,,,good character,isolated incident,,,,no previous convictions,,genuine remorse,,,violent disorder,,,,,immediate custody
5,,,,,,,,,,,,,,,,,,,,,,,,,,,,,,,,,,,,,,,,,,early guilty plea,violent disorder,,,,,
5,,,,,,,,,,,,,,,,,,,,,,,,,,,,,,,,,,,,,,,,,,early guilty plea,violent disorder,,,,,
5,,,,,,,,,,,,,,,,less serious injury,,,,,,,,location,,,,,timing of the offence,,,,,,,,,,,genuine remorse,,,violent disorder,,,,,immediate custody
5,,,,,,,,,,,,,,,,less serious injury,,,,,,,,location,,,,,timing of the offence,,,,,,,,,,,genuine remorse,,,violent disorder,,,,,immediate custody
5,,,,,,,,,,,,,,,,,,,,,,,,,,,,,,,,,,,,,,,,,,early guilty plea,violent disorder,,,,,immediate custody
5,,,,,,,,,,,,,,,,,,,,,,,,,,,,,,,,,,,,,,,,,,early guilty plea,violent disorder,,,,,
58,,,,,,,use of weapon,,,,,,,,,less serious injury,,,,,,,,location,,,,,timing of the offence,under influence drugs/alcohol,,,,,,,,no previous convictions,,,,,,,,,,
58,,,,,,,use of weapon,serious injury,,,lack of premeditation,,,,,,,,,,,,,,,,,,,,,,good character,,,,,no previous convictions,,genuine remorse,single blow,early guilty plea,,,,,,
58,,,,,,,,serious injury,,,lack of premeditation,,,,,,,,,,,,,,,,,,,,,lack of maturity,,,,,,,,genuine remorse,,,,,,,,
58,,,,,,,,,,,,,,,,,,,,,,,,,,,,,,,,,,,,,,,,,,early guilty plea,,affray,,,,
58,,,,,,,,,,,,,,,,,,,,,,,,,,,,,,,,,,,,,,,,,,,,affray,,,,immediate custody
58,,,,,,,,serious injury,,,lack of premeditation,,,,subordinate role gang,,,,,,,,,,,,,,,,,lack of maturity,good character,,,,,no previous convictions,,genuine remorse,,,,affray,,,,
58,,,,,,,,,,,lack of premeditation,,provocation,,,,,,,,,,,,,,presence of others,previous violence,,under influence drugs/alcohol,,,,,,,,,,genuine remorse,,,,affray,,,,
58,,,,,,,,,,,lack of premeditation,,provocation,,,,,,,,,,,,,,presence of others,,,,,,good character,isolated incident,,,,no previous convictions,,genuine remorse,,,,affray,,,,
58,,,,,,,,,,,,,,,,,,,,,,,,,,,,,,,,,,,,,,,,,,early guilty plea,,affray,,,,
58,,,,,,,,serious injury,,,,,,,,,,,,,,,,,,,,,,,,,,,,,,,,,,,,affray,,,,immediate custody
58,deliberate harm,,,,against race/religion,vulnerable victim,,serious injury,,,,,,,,,,,,,,,,,,,,,,,addressing addiction,,,,,,,,,,,,,affray,,,,
58,,,leading role gang,,,,use of weapon,,,,lack of premeditation,,,,,,,,,,,,,,,,,,,under influence drugs/alcohol,,lack of maturity,,isolated incident,lapse of time,,,no previous convictions,,genuine remorse,,early guilty plea,,affray,,,,
58,deliberate harm,,,premeditation,,,,serious injury,repeated assault,,,,,,,,,,,,,,,,,ongoing effect,presence of others,,,,,,,,,,,no previous convictions,,,,,,,,,,immediate custody
58,deliberate harm,,,premeditation,,,,serious injury,repeated assault,,,,,,,,,,,,,,,,,ongoing effect,,,,,,,,,,,,no previous convictions,,,,,,,,,,immediate custody
58,,,,premeditation,,,,serious injury,repeated assault,,,,,,,,,,,,,,,,,ongoing effect,,,,,,,,,,,,no previous convictions,,,,,,,,,,immediate custody
58,deliberate harm,,,premeditation,,,,serious injury,repeated assault,,,,,,,,,,,,,,,,,ongoing effect,presence of others,,,,,,,,,,,no previous convictions,,,,,,,,,,immediate custody
58,,,,,,,,,,,,mental disorder (related to the offence),,,,,,,,,,,,,,,presence of others,,,,,,,,,,mental disability (general),,,,,,,,,,,
58,,,,,,,,serious injury,,,lack of premeditation,,,,subordinate role gang,,,,,,,,,,,,,,,,,lack of maturity,,,,,,no previous convictions,,genuine remorse,,,,,,,,
58,,,,,,,,,,,,,,,,less serious injury,,,,,,,,,,,,,,,,,,,,,,,,,,early guilty plea,,,,,common assault,
58,,,,,,,use of weapon,serious injury,,,,,,,,,,against public worker,,,,,,location,,,,,,,,,,,,,,no previous convictions,,genuine remorse,,,,,,,common assault,
58,,,,,,,use of weapon,,,,,mental disorder (related to the offence),,,,,,,,,,,,,,,presence of others,,,,,,,isolated incident,,,,no previous convictions,primary carer,genuine remorse,,early guilty plea,,,grievous bodily harm,,,immediate custody
58,,,,,,,,serious injury,,,lack of premeditation,,provocation,,,,,,,,,,,,,,,,,,,,good character,isolated incident,,,,no previous convictions,,genuine remorse,single blow,early guilty plea,,,grievous bodily harm,,,
58,,,,,,,,serious injury,,,lack of premeditation,,,,,,,,,,,,,,,,,,,,,,good character,isolated incident,,,,no previous convictions,,genuine remorse,single blow,early guilty plea,,,grievous bodily harm,,,
58,,,,,,,,,,personally vulnerable,lack of premeditation,,,,,,,,,,,,,location,,ongoing effect,,,timing of the offence,,,,,,,,,,,genuine remorse,single blow,,,,grievous bodily harm,,,
71,,,,,,,,,repeated assault,,,,,selfdefence,,,,,,,,,,,,,,,,,,,good character,,,,,,,genuine remorse,,,,,,,,
71,,,,,,vulnerable victim,use of weapon,,repeated assault,personally vulnerable,lack of premeditation,,,,,,abuse of trust,,,,,,,location,,,presence of others,,,under influence drugs/alcohol,,,,,,,,,,,,,,,,,,immediate custody
71,,,,,,,use of weapon,serious injury,,,lack of premeditation,,provocation,selfdefence,,,,,,,,,,,,,,,,,,,good character,isolated incident,,,,no previous convictions,,,,,,,,,,immediate custody
71,,,,,,,,,,,lack of premeditation,,,,,less serious injury,,against public worker,,,,,,,,,presence of others,,,,,,good character,isolated incident,,,,no previous convictions,,,single blow,,,,,,,
71,,,,,,,,,,,lack of premeditation,,,,,less serious injury,,,,,,,,location,,,,,,,,,,,,,,,,genuine remorse,single blow,,,,,,,
71,,,,,,,,,,,,,,,,,,,,,,,,,,,,,,under influence drugs/alcohol,,,,,,,,,,genuine remorse,,early guilty plea,,,,,,
71,,,,,,,,,,,lack of premeditation,,,,,,,,,,,,,,,,,,,,,,,isolated incident,,,,no previous convictions,,,,,,affray,,,,immediate custody
71,,,,,,,,,,personally vulnerable,lack of premeditation,,,,,,,,,,,,,,,ongoing effect,,,,,,lack of maturity,,isolated incident,,,,,,,single blow,early guilty plea,,,,,,
71,,,,,,,use of weapon,serious injury,,,lack of premeditation,,provocation,,,,,,,,,,,,,,,,,under influence drugs/alcohol,,,,isolated incident,,,,,,genuine remorse,single blow,early guilty plea,,,,,,immediate custody
71,,,,,,,,serious injury,,,,mental disorder (related to the offence),,,,,,,,,,,,,,,,,,,,,,,,,mental disability (general),no previous convictions,,,,early guilty plea,,,,,,
71,,,,,,,,,repeated assault,,,,,selfdefence,,,,,,,,,,,,,,,,,,,good character,,,,,no previous convictions,,genuine remorse,,,,,,,,immediate custody
71,deliberate harm,,,,,,use of weapon,serious injury,,,,,,,,,,,,,,,,,,,,,,,,,,,,,,,,,single blow,,,,,,,
71,,,,premeditation,,,use of weapon,,repeated assault,,,,provocation,,,less serious injury,,,,,,,,,,,,,,,,,good character,isolated incident,,,,,,,,,,,,,,
71,,,,premeditation,,,,,repeated assault,personally vulnerable,,,,,,,,,on bail,,,,,location,,,,,,,,,,,,,,,,,,,,,,,,immediate custody
71,,,,premeditation,,,use of weapon,,repeated assault,,,,provocation,,,less serious injury,,,,,,,,,,,,,,,,,good character,isolated incident,,,,no previous convictions,,,,early guilty plea,,,,,,
71,,,,premeditation,,,,serious injury,,personally vulnerable,,,,,,,,,,,,,,,,ongoing effect,,,,,,,,,,,,,,genuine remorse,single blow,,,,grievous bodily harm,,,immediate custody
71,,,,,,,,serious injury,,,lack of premeditation,mental disorder (related to the offence),,,,,,,,,,failure to comply with court orders,,,,,,,,,,,,,,,mental disability (general),,,,single blow,,,,,grievous bodily harm with intent,,immediate custody
71,,,,premeditation,,,,,repeated assault,,,,,,,,,,,,,,,,,,,,,,,,,,,,,,,genuine remorse,single blow,,,,grievous bodily harm,,,immediate custody
71,,,leading role gang,premeditation,,,use of weapon,serious injury,,,,,,,,,,,,,,,,,,,,,,,,,,,,,,,,,single blow,,,,grievous bodily harm,,,immediate custody
71,,,,,,,,,repeated assault,,,,,,,less serious injury,,,,,,,,,,,,,,under influence drugs/alcohol,,,,,,,,,,genuine remorse,,,,,grievous bodily harm,,,immediate custody
71,,intent more harm,,,,,,,,,lack of premeditation,,,,,less serious injury,,,,,,,,,,,,,,under influence drugs/alcohol,,,,,,,,,,,,early guilty plea,,,grievous bodily harm,,,immediate custody
71,,,,,,,use of weapon,serious injury,,,,,,,,,,,,,,,,,,,,,,,,,,,,,,,,genuine remorse,,early guilty plea,,,grievous bodily harm,,,immediate custody
71,,,,,,,,,repeated assault,personally vulnerable,,,,,,,,,,,,,,location,,,,,,,,,,,,,,,,,,,,,,,common assault,immediate custody
49,,,,,,,use of weapon,,,,,,,,,less serious injury,,,,,,,,,,,,,,,,,,,,,,,,,single blow,,,,,,,immediate custody
49,,,,,,,,,,,lack of premeditation,,,,,less serious injury,,,,,,,,,,,,,,,,,,,,,,no previous convictions,,,,,,,,,,
49,,,,,,,,,,,,,provocation,,,less serious injury,,,,,,,,,,,,,,,,,,isolated incident,,,,no previous convictions,,genuine remorse,,early guilty plea,,,,,,
49,,,,,,,,,,,lack of premeditation,,,,,less serious injury,,,,,,,,,,,,,,,,,good character,,,,,no previous convictions,,genuine remorse,,,,,,,,
49,,,,,,,,,,,,,,,,,,,,,,,,,,,,,,,,,,,,,,,,,,,,affray,,,,immediate custody
49,,,leading role gang,,,,,,,,lack of premeditation,,,,,less serious injury,,,,,,,,,,ongoing effect,,,,,addressing addiction,lack of maturity,,,,,,,,genuine remorse,single blow,,,,,,,
49,,,,,,,,serious injury,repeated assault,,,,,,,less serious injury,,,,,,,gratuitous degradation,,,,,,,under influence drugs/alcohol,,lack of maturity,,,,,,no previous convictions,,,,,,,,,,
49,deliberate harm,,,,,,use of weapon,serious injury,,,,,,,,,,,,,,failure to comply with court orders,,location,,ongoing effect,presence of others,,timing of the offence,under influence drugs/alcohol,,,,,,,,,,genuine remorse,,early guilty plea,,affray,,,,immediate custody
49,,,,,,,,,,,,,,,,,,,,,,,,,,,,,,,,,,,,,,,,,,early guilty plea,,affray,,,,immediate custody
49,,,,,,,,,repeated assault,,,,,,,,,,,,,,,,,,,,,,,,,,,,,,,,,,,affray,,,,immediate custody
49,,,,,,,,,,,,,,,,,,against public worker,,,,,,location,,,,,,,,,,,,,,,,,,,,affray,,,,immediate custody
49,,,,,,,,,,,,,provocation,,,,,,,,,,,location,,,presence of others,,,,,,,,lapse of time,,,,,genuine remorse,,,,affray,,,,
49,,,,,,,,,,,,,,,,,,,,,,,,,,,,,,,addressing addiction,,,,,,,,,genuine remorse,,,,affray,,,,
49,,,,,,,,,,,,,,,,,,,,,,,,,,,,,,,,,,,,,,,,,,,,affray,,,,immediate custody
49,,,leading role gang,,,,use of weapon,,,,,,,,,less serious injury,,,,,,,,,,,presence of others,,,,,,good character,,,,,no previous convictions,,,,early guilty plea,,affray,,,,
49,,,,,,,,,,,,,,,,,,,,,,,,,,,,,,,,,,,,,,,,,,,,affray,,,,immediate custody
49,,,,,,,,,,,,,,,,,,against public worker,,,,,,location,,,,,,,,,,,,,,,,,,,,affray,,,,immediate custody
49,,,,,,,use of weapon,serious injury,,,,,,,,,,,,,,,,,,,,,,,,,,,,,,,,,,,,affray,,,,
49,,,,,,,,,,,,,,,,,,,,,,,,,,,,,,,addressing addiction,,,,,,,no previous convictions,,genuine remorse,,,,affray,,,,
49,,,,,,,,,,,,,,,,,,,,,,,,,,,,,,,,,good character,,,,,,,,,,,affray,,,,
49,,,,,,,,,,,,,,,,,,,,,,,,,,,,,,,addressing addiction,,,,,,,,,genuine remorse,,,,affray,,,,
49,,,,,,,use of weapon,,,,,,provocation,,,,,,,,,,,,,,presence of others,,,,,lack of maturity,,,lapse of time,,,no previous convictions,,,single blow,,,affray,,,,
49,,,,,,,,,,,,,,,,,,,,,,,,,,,,,,,,,,,,,,,,,,,,affray,,,,immediate custody
49,,,,,,,,,,,,,,,,,,,,,,,,,,,,,,,,,good character,,,,,,,,,,,affray,,,,
49,,,leading role gang,,,,,,,,,,,,,less serious injury,,,,,,,,,,,presence of others,,,,,,good character,,,,,no previous convictions,,,,early guilty plea,,affray,,,,
49,,,,,,,,,,,,,,,,,,,,,,,,location,,,,,,,,,,,,,,,,,,,,affray,,,,immediate custody
49,,,,,,,,,,,,,,,,,,,,,,,,,,,,,,,,,good character,,,,,,,,,,,affray,,,,
49,,,,,,,use of weapon,,,,,,,,,,,,,,,,,,,,,,,,,,,,,medical condition,mental disability (general),no previous convictions,,genuine remorse,,early guilty plea,,,,,,
49,,,,,,,,,,,,,,,,,,,,,,,,,,,,,,,,,,,,medical condition,mental disability (general),,primary carer,,,early guilty plea,,,,,,
49,,,,premeditation,,,use of weapon,serious injury,repeated assault,,,,,,,,,,,victim forced to leave home,,,,,,,presence of others,,,under influence drugs/alcohol,addressing addiction,,,,,,,,,genuine remorse,,early guilty plea,,,,,,immediate custody
49,,,,,,,,,,,lack of premeditation,,,,,less serious injury,,,,,,,,,,,,,,,,,good character,,,,,no previous convictions,,genuine remorse,,,,,,,,
49,,,,,,,,,repeated assault,,,,,,,less serious injury,,,,,,,,location,,,presence of others,,,,,lack of maturity,,,,,,,,,,,,,,,,immediate custody
49,deliberate harm,,,,,,use of weapon,serious injury,,,,,,,,,,,,,,,,,,,presence of others,,,under influence drugs/alcohol,,,,,,,,no previous convictions,,,single blow,,,,,,,immediate custody
49,,,,,,,,,repeated assault,,,,,,,,,,,,,,,,,,,,,,,,,,,,,no previous convictions,,,,,,,,,,immediate custody
49,,,,,,,use of weapon,,repeated assault,,,,,,,less serious injury,,,,,,,,,,ongoing effect,,,,,,,,,,medical condition,,,,genuine remorse,,,,,,,,immediate custody
49,,,,,,,,,repeated assault,,,,,,,less serious injury,,,on bail,,,,,,,,presence of others,,timing of the offence,,,lack of maturity,,,,,,,,,,,,,,,,immediate custody
49,,,,,,,,,,,,,,selfdefence,,,,,,,,,,,,,,,,,,,,,,,,,,,,,,,,,,
49,,,,,,,,,,,,,,,,,,,,,,,,location,,,,,,,,,,,,,,,,genuine remorse,,,,,,,common assault,immediate custody
49,,,,,,,,,,personally vulnerable,,,,selfdefence,,less serious injury,,,,victim forced to leave home,,,,,,,,,,,,,,isolated incident,,,,,,genuine remorse,,,,,,,common assault,
49,,,,,,,,,,,,,,,,,,,,,,,,,,,,,,,,,,,,,,,,,,early guilty plea,,,,,common assault,immediate custody
49,,,,,,,,serious injury,,,,,,,,,,,,,,failure to comply with court orders,,,,,presence of others,previous violence,,under influence drugs/alcohol,,,,,,,,,,,,early guilty plea,,,,,common assault,immediate custody
49,,,,,,,,,,,,,provocation,selfdefence,,less serious injury,,,,,,,,,,,,,,,,,,,,,,,,,,,,,,,common assault,
49,,,,,,,,serious injury,,,lack of premeditation,,provocation,selfdefence,,,,,,,,,,,,,,,,,,lack of maturity,good character,,,,,,,,,,,,,,common assault,
49,,,,premeditation,,,use of weapon,,,,,,,,,,,,,,,,,,,,,,,under influence drugs/alcohol,,,,,,,,,,,,,,,,grievous bodily harm with intent,,immediate custody
49,,,,premeditation,,,use of weapon,,,,,,,,,,,,,,,,,,,,,,,,,,,,,,,,,,,,,,,grievous bodily harm with intent,,immediate custody
49,deliberate harm,,,,,,,,repeated assault,,,,,,,,,,,,,,,,,,,,,under influence drugs/alcohol,,,,,,medical condition,,,,genuine remorse,,,,,grievous bodily harm,,,immediate custody
49,deliberate harm,,,,,,,serious injury,,,,,,,,,,,,,,failure to comply with court orders,,,,,presence of others,,,under influence drugs/alcohol,,,,,,,,,,genuine remorse,single blow,early guilty plea,,,grievous bodily harm,,,immediate custody
49,,,,,,,use of weapon,,,,lack of premeditation,,,,,less serious injury,,,,victim forced to leave home,,,,location,,ongoing effect,presence of others,,,,,,,,,,,no previous convictions,,,single blow,,,,grievous bodily harm,,,immediate custody
49,,,,,,,,,repeated assault,,lack of premeditation,,provocation,,,less serious injury,,,,,,,,,,,presence of others,,,,,,,,,,,no previous convictions,,genuine remorse,,,,,grievous bodily harm,,,
49,,,,,,,,serious injury,,,,,,,,,,,,,,,,,,,,,,,,,,isolated incident,,,,no previous convictions,,,,,,,grievous bodily harm,,,
49,,,,,,,use of weapon,,,,,,,,,,,,,,,,,,,,,,,,,,good character,isolated incident,,,,no previous convictions,,,,early guilty plea,,,grievous bodily harm,,,
49,,,,,,,,,,,lack of premeditation,,,,,less serious injury,,,,,,,,,,,presence of others,,,under influence drugs/alcohol,,,,,,,,,,,,early guilty plea,,,grievous bodily harm,,,
49,,,,,,,,,,,lack of premeditation,,,selfdefence,subordinate role gang,,,,,,,,,,,ongoing effect,,,,,,,good character,,,,,,,genuine remorse,single blow,,,,grievous bodily harm,,,
49,,,,,,,,,,,,,provocation,,,less serious injury,,,,,,,,,,,,,,,,,,,,,,,,,,early guilty plea,,,grievous bodily harm,,,immediate custody
26,,,leading role gang,,,,,serious injury,,,lack of premeditation,,,,subordinate role gang,,,,,,,,,location,,ongoing effect,,,timing of the offence,under influence drugs/alcohol,,lack of maturity,good character,,,,,,,,single blow,,,,,,,
26,,,,,,,,serious injury,,,lack of premeditation,,,,subordinate role gang,,,,,,,,,location,,ongoing effect,,,timing of the offence,under influence drugs/alcohol,addressing addiction,lack of maturity,good character,,,,,,,genuine remorse,single blow,,,,,,,
26,,,,premeditation,,,use of weapon,serious injury,,personally vulnerable,,,,,,,,,,,,,,,,,,,,,addressing addiction,,,,,,,,,,,,,,,,,
26,,,,,,,,serious injury,repeated assault,,lack of premeditation,,,,,,,,,,,,,,,,,,timing of the offence,under influence drugs/alcohol,,lack of maturity,,,,,,no previous convictions,,genuine remorse,,early guilty plea,,,,,,
26,,,,,,,,,,,,,,,,,,,,,,,,,,,,,,,,,,,,,,,,,,,,,,,,
26,,,,,,,,,,,,mental disorder (related to the offence),,,,less serious injury,,,,,,,,,,,,,,,,,,,,,,,,,,,,,,,,
26,,,,,,,,,,,,,,,,,,,,,,,,,,,,,,,,,,,,,,,,,,,,,,,,immediate custody
26,,,,,,,,,,personally vulnerable,lack of premeditation,,,,,,,,,,,,,,,,,previous violence,,under influence drugs/alcohol,addressing addiction,,,,,,,,,,,,,,,,,
26,,,,,,,,,,,lack of premeditation,,,,,,,,,,,,,,,,,,,,,,good character,isolated incident,,,,,,genuine remorse,,early guilty plea,,affray,,,,
26,,,,,,,,,,,,,,,,less serious injury,,,,,,,,,,,presence of others,,,,,,,,,,,,,,,,,affray,,,,
26,,,,,,,,,,,,,,,,,,,,,,,,,,,presence of others,,,,,,,,,,,,,,,,,affray,,,,
26,,,,,,,,,,,,,,,,,,,,,,,,,,,presence of others,,,under influence drugs/alcohol,,lack of maturity,good character,,,,,,,genuine remorse,,,,affray,,,,
26,,,,,,,,,,,,,,,,,,,,,,,,,,,presence of others,,,under influence drugs/alcohol,,lack of maturity,good character,,,,,,,genuine remorse,,,,affray,,,,
26,,,,,,,,,,,,,,,,,,,,,,,,,,,,,,under influence drugs/alcohol,,lack of maturity,good character,,,,,,,genuine remorse,,,,affray,,,,
26,,,,,,,,,,,lack of premeditation,,,,,,,,,,,,,,,,,,,,,,good character,isolated incident,,,,,,genuine remorse,,early guilty plea,,affray,,,,
26,,,,,,,,,,,lack of premeditation,,,,,,,,,,,,,,,,,,,,,,,isolated incident,,medical condition,,no previous convictions,,genuine remorse,,early guilty plea,,affray,,,,
26,,,leading role gang,,,,use of weapon,,,,lack of premeditation,,,,,less serious injury,,,,,,failure to comply with court orders,,,,,,,,under influence drugs/alcohol,addressing addiction,,,,,,,,,,,,,,,,,
26,,,,,,,,,,,lack of premeditation,,,,subordinate role gang,less serious injury,,,,,,,,,,,,,,,,lack of maturity,,isolated incident,,,,,,,,,,,,,,
26,,,,premeditation,,,use of weapon,serious injury,repeated assault,,,,,,,,,,,,,,,,,,,,,,addressing addiction,,,,,,,,,,,,,,,,,
26,,,,,,,,,repeated assault,,,,,selfdefence,,,,,,,,,,location,,,presence of others,,,,,,,,,,,no previous convictions,,genuine remorse,,early guilty plea,,,,,,
26,,,,premeditation,,,use of weapon,,repeated assault,,,,,,subordinate role gang,,,,,,,,,,,,,,,,,lack of maturity,,,,,,no previous convictions,,,,,,,,,,immediate custody
26,,,,,,,use of weapon,serious injury,,,,,provocation,,,,,,,,,,,location,,ongoing effect,presence of others,,timing of the offence,under influence drugs/alcohol,,,,isolated incident,,,,no previous convictions,,genuine remorse,,,,,,,,immediate custody
26,,,leading role gang,premeditation,,,use of weapon,,repeated assault,,,,,,,,,,,,,,,,,,,,,,,,,,,,,no previous convictions,,,,,,,,,,immediate custody
26,,,,,,,,,repeated assault,,,,,,,,,,,,,,,,,,presence of others,,,,,,good character,,,,,no previous convictions,,genuine remorse,,early guilty plea,,,,,,
26,,,,,,,use of weapon,,,,,,,,,less serious injury,,,,,,,,,,,,,,,,,,,,,,,,,,,,,,grievous bodily harm with intent,,immediate custody
26,,,,,,,,,,personally vulnerable,,,,,,,abuse of trust,,,victim forced to leave home,,,,,,ongoing effect,,,,,,,good character,,,,,no previous convictions,,,,,,,grievous bodily harm,,,immediate custody
26,,,,,,vulnerable victim,,,repeated assault,,lack of premeditation,,,selfdefence,,less serious injury,,,,,,,,,,,,,,under influence drugs/alcohol,,lack of maturity,,isolated incident,,,,no previous convictions,,,,,,,grievous bodily harm,,,
26,,,,,,,,,,,lack of premeditation,,,,,less serious injury,,,,,,,,,,,,,,,addressing addiction,lack of maturity,,isolated incident,,,,,,genuine remorse,single blow,early guilty plea,,,grievous bodily harm,,,
26,,,,,,,,,,,,,,,,,,,,,,,,,,,,,,,,,,,,,,,,genuine remorse,single blow,,,,grievous bodily harm,,,immediate custody
26,,,,,,,use of weapon,,,,lack of premeditation,,,selfdefence,,,,,,,,,,,,,presence of others,,,under influence drugs/alcohol,addressing addiction,,,isolated incident,,,,,,genuine remorse,,,,,grievous bodily harm,,,
26,,,,,,vulnerable victim,use of weapon,serious injury,repeated assault,,lack of premeditation,,,,,,,,,,,,,,,ongoing effect,presence of others,,,under influence drugs/alcohol,,lack of maturity,good character,,,,,no previous convictions,,genuine remorse,,,,,,grievous bodily harm with intent,,immediate custody
26,,,,,,vulnerable victim,use of weapon,serious injury,repeated assault,,lack of premeditation,,,,,,,,,,,,,,,ongoing effect,presence of others,,,under influence drugs/alcohol,,lack of maturity,good character,,,,,no previous convictions,,genuine remorse,,,,,,grievous bodily harm with intent,,immediate custody
30,,,,,,,use of weapon,,,,,,,,,,,,,,,,,,,,,,,,,,,,,,,,,,,,,,,,,immediate custody
30,,,,,,,use of weapon,,,,,,provocation,,,,,,,,,,,,,,,,,,,lack of maturity,,isolated incident,,,,no previous convictions,,,,,,,,,,
30,,,leading role gang,,,,,,,,,,,,,less serious injury,,,,,,,,,,,,,,,,lack of maturity,,,,,,,,,,,,,,,,
30,,,,premeditation,,,use of weapon,serious injury,,personally vulnerable,,,,,,,,,,,,,,location,,ongoing effect,,,,,,,,,,,,,,,single blow,,,,,,,immediate custody
30,,,,,,,,,,,,,,,,less serious injury,,,,,,failure to comply with court orders,,,,,,,,,,,,,,,,,,,,early guilty plea,,,,,,immediate custody
30,,,,,,,,serious injury,,,lack of premeditation,,,,,,,,,,,,,location,,,,,,,,lack of maturity,,,,,,,,,single blow,early guilty plea,,,,,,
30,,,,,,,use of weapon,,,,,,,,,,,,,,,,,,,,,,,,,,,,,,,,,,,,,,,,,immediate custody
30,deliberate harm,,,,,,,,,,,,,,,less serious injury,,,,,,,,,,,,,,,,,,,,,,,,,,,,,,,,immediate custody
30,,,,,,,use of weapon,,,,,,,,,less serious injury,,,,,,,,,,,,,,,,,,,,,,,,,,,,,,,,
30,,,,,,,use of weapon,serious injury,,,lack of premeditation,,,,,,,,,,,,,,,,,,,under influence drugs/alcohol,,,,,,,,,primary carer,,,,,,,,,
30,,,,premeditation,,,,serious injury,,,,,,,,,,,,,,,,,,,,,,,,,,,,,,,,,single blow,early guilty plea,,,,,,
30,deliberate harm,,,,,,,serious injury,,,,,provocation,,,,,,,,,,,,,,,,,,,,,,,,,,,genuine remorse,,,,,,,,
30,,,,,,,use of weapon,serious injury,repeated assault,personally vulnerable,,,,,,,,,,,,,,,,,,,,,,,,,,,,,,genuine remorse,,,,,,,,immediate custody
30,,,,,,,,,,,,,,,,,,,,,,,,,,,,,,,,,good character,,,,,no previous convictions,,,,,,affray,,,,
30,,,,,,,,,,,,,,,,,,,,,,,,,,,,,,,,,,,,,,,,,,early guilty plea,,affray,,,,
30,,,,,,,use of weapon,,,,,,,,,,,,,,,,,,,,,,,,,,,,,medical condition,,,,,,,,affray,,,,
30,,,,,,,,,,,,,,,,,,,,,,,,,,,,,,,,,good character,,,,,no previous convictions,,,,,,affray,,,,
30,,,,,,,,,,,,,,,,,,,,,,,,,,,presence of others,,,,,lack of maturity,good character,isolated incident,,,,no previous convictions,,genuine remorse,,early guilty plea,,affray,,,,
30,,,,,,,,,,,,,,,,,,,,,,,,,,,,,,,,,,,,,,no previous convictions,,,,,,affray,,,,immediate custody
30,,,,,,,,,,,,,,,,,,,,,,,,,,,,,,,,lack of maturity,,,lapse of time,,,,,genuine remorse,,early guilty plea,,,,,,immediate custody
30,,,,,,,use of weapon,,,,,,,,,,,,,,,,,,,,,,,,,lack of maturity,,,,,,no previous convictions,,genuine remorse,,,,,,,,
30,,,,,,,,serious injury,,,lack of premeditation,,,,,less serious injury,,,,,,,,,,,,,,,,,,,,,,,,genuine remorse,,,,,,,,
30,,,leading role gang,,,,,,repeated assault,,,,,,,,,,,,,,,,,,,,,,,,,,,,,,,,single blow,,,,,,,immediate custody
30,,,,,,,,serious injury,,,,,,,,,,,,,,,,,,,,,,,addressing addiction,,,,,,,no previous convictions,,genuine remorse,,early guilty plea,,,,,,
30,,,,,,,,,,,lack of premeditation,,,,subordinate role gang,less serious injury,,,,,,,,,,,,,,under influence drugs/alcohol,,lack of maturity,good character,,,,,no previous convictions,primary carer,genuine remorse,,,,,,,,
30,,,,,,,,,,,lack of premeditation,,,,,,,,,,failure to respond to warnings,,,location,,,,,timing of the offence,,addressing addiction,,,,,,,,,genuine remorse,single blow,early guilty plea,,,,,,immediate custody
30,,,leading role gang,premeditation,,vulnerable victim,use of weapon,serious injury,,personally vulnerable,,,,,,,,,,,,,,location,,,,,,,,,,,,,,,,,,,,affray,,,,
30,,,,,,,,,,,,,,,,,,,,,,,,location,,,,,timing of the offence,,,,good character,,,,,no previous convictions,,,,,,affray,,,,immediate custody
30,,,,,,,use of weapon,,,,lack of premeditation,mental disorder (related to the offence),,,,,,,,,,,,,,,,,,under influence drugs/alcohol,,,,,,,mental disability (general),,,genuine remorse,,early guilty plea,,affray,,,,
30,,,,,,,,,,,,,,,,,,,,,,,,,,,,,,,,,,,,,,,,,,,,affray,,,,immediate custody
30,,,,,,,,,,,,,,,,,,,,,,,,,,,presence of others,,,,,,,,,,mental disability (general),no previous convictions,,,,,,affray,,,,
30,,,,,,,,serious injury,,,lack of premeditation,,,,subordinate role gang,,,,,,,,,,,,,,,,,,,,,,,,,,,,,affray,,,,immediate custody
30,,,,,,,,,,,,mental disorder (related to the offence),,,,,,,,,,,,,,,,,,,,,,isolated incident,,,mental disability (general),,,genuine remorse,,,,affray,,,,
30,,,,,,,,,,,,,,,,,,,,,,,,,,,,,,,,,good character,isolated incident,,,,no previous convictions,,,,,,affray,,,,
30,,,,,,,,,,,,mental disorder (related to the offence),,,,less serious injury,,,,,,,,,,,,,,,addressing addiction,,good character,isolated incident,,,mental disability (general),no previous convictions,,genuine remorse,,,,affray,,,,
30,,,,,,,,serious injury,,,,,,,,,,,,,,,,,,,presence of others,,,,,,,,,,,no previous convictions,,,,,,affray,,,,
30,,,,,,,,,,,,,,,,,,,,,,,,,,,,,,,,,,,,,,no previous convictions,,,,,,affray,,,,immediate custody
30,,,,,,,,,,personally vulnerable,,mental disorder (related to the offence),,,,,,against public worker,,,,,,,,,,,,under influence drugs/alcohol,,,,,,,,,,,,early guilty plea,,affray,,,,immediate custody
30,,,,,,,,,,,,mental disorder (related to the offence),,,,,,,,,,,,,,,,,,,addressing addiction,,good character,,,,mental disability (general),,,genuine remorse,,early guilty plea,,affray,,,,
30,,,,,,,use of weapon,,,,lack of premeditation,mental disorder (related to the offence),,,,,,against public worker,,,,,,,,,,,,under influence drugs/alcohol,addressing addiction,,good character,isolated incident,,,,,,genuine remorse,,,,affray,,,,
30,,,,,,,,,,,,,,,,,,,,,,,,,,,,,,,,,,,,,,,,,,,,affray,,,,immediate custody
30,,,,,,,,serious injury,,,,,,,,,,,,,,failure to comply with court orders,,location,,,,,,under influence drugs/alcohol,,,,,,,,,,,,early guilty plea,,,,,,immediate custody
30,,,,,,,,,,,,,,,,less serious injury,,,,,,,,,,,,,,under influence drugs/alcohol,,,good character,isolated incident,,,,no previous convictions,,genuine remorse,,,,,,,,
30,deliberate harm,,,,,,,,,,,,,,,less serious injury,,,,,,,,,,,,,,,,,good character,isolated incident,,,,no previous convictions,,,,,,,,,,
30,,,,,,,use of weapon,,,,lack of premeditation,,,,,,,,,,,,,location,,,,,,,,,,,,,,,,,,,,,,,,
30,,,,,,,,,,,,,,,,less serious injury,,,,,,,,,,,,,,,,,,,,,,no previous convictions,,,,,,,,,,
30,,,,,,,,serious injury,,personally vulnerable,,,,,,,,,,,,,,,,,,,,,,,good character,,,medical condition,,,,,,,,,,,,
30,,,,,,,,,,,,,,,,,,,,,,,,location,,,,,,,,,,,,,,,,genuine remorse,,,,,,,,
30,,,,,,,,,,,,,,,,,,,,,,,,location,,,,,,,,,,,,,,,,,,,,,,,,
30,,,,,,,,,,,,,,,,,,,,,,,,location,,,,,,,,,,,,,,,,genuine remorse,,,,,,,,immediate custody
30,,,,,,,,,,,,,,,,,,,,,,,,location,,,,,,,,,,,,,,,,,,,,,,,,
30,,,,,,,,,,,,,,,,,abuse of trust,,,,,,,,,,,,,,,,,,,,,no previous convictions,,,,,,,,,,immediate custody
30,,,,,,,use of weapon,serious injury,repeated assault,personally vulnerable,,,,,,,,,,,,,,location,,ongoing effect,,,timing of the offence,,,,,,,,,no previous convictions,,,,,,,,,,immediate custody
30,,,,,,,,,,,,,,,,less serious injury,,,,,,,,,,,,,,,,,,,,,,no previous convictions,,,,,,,,,,
30,deliberate harm,intent more harm,,,,,,serious injury,,,,,,,,,,,,,,,,,,,,,,,,,,,,medical condition,,,,genuine remorse,,early guilty plea,,,,,,
30,,,leading role gang,,,,,,,,,,,,,,,,,,,,,,,,,,,,,,,,,,,,,genuine remorse,single blow,early guilty plea,,,,,,immediate custody
30,,,,premeditation,,,,,,,,,,,,less serious injury,,,,,,,,,,,,,,,,,good character,,,,,,,,,,,,,,,
30,,,,,,,,,repeated assault,,,,,,subordinate role gang,less serious injury,,against public worker,,,,,,location,,,,,,,addressing addiction,,,,,,,,,genuine remorse,,early guilty plea,,,,,,
30,,,,,,,use of weapon,,,personally vulnerable,,,,,,,,,,,,,,location,,,,previous violence,timing of the offence,,,,,,,,,,,,,,,,,,,immediate custody
30,,,,,,,,,,,,,,selfdefence,,less serious injury,,,,,,,,,,,,,,,,,,,,,,,,,,,,,,,,immediate custody
30,,,,,,vulnerable victim,,,,,,,,,,less serious injury,,,,,,,gratuitous degradation,,,,,,,,,,,,,,,,,,,,,,,,,immediate custody
30,,,,,,,use of weapon,,,,,,,,,less serious injury,,,,,,,,,,,,,,,,,good character,,,,,,,genuine remorse,,,,,,,,
30,,,,,,,use of weapon,,,,,,,,,less serious injury,,against public worker,,,,,,,,,,,,,,,,,,,,,,,single blow,,,,,,,immediate custody
30,,,,,,,use of weapon,,,,,,,,,less serious injury,,,,,,,,,,,,,,,,,,,,,,no previous convictions,,,,,,,,,,immediate custody
30,,,,premeditation,,,,,,,,,,,,less serious injury,,,,,,,,,,,,,,,,,,,,,,,,,,,,,,,,
30,,,,,,,,,,,,,,,,,,against public worker,,,,,,,,,,,,under influence drugs/alcohol,,,,,,,,no previous convictions,,genuine remorse,,,,,,,,
30,,,,,,,,,,,,,,selfdefence,,less serious injury,,,,,,,,,,,,,,under influence drugs/alcohol,,,,,,,,,,genuine remorse,single blow,early guilty plea,,,,,,immediate custody
30,,,,,,,use of weapon,,,,,,,,,,,against public worker,,,,,,,,,,,,under influence drugs/alcohol,,,,,,,,no previous convictions,,,,early guilty plea,,,,,,immediate custody
30,,,,,,,,serious injury,,,,,provocation,selfdefence,,,,,,,,,,,,,,,,under influence drugs/alcohol,,lack of maturity,,isolated incident,,,,,,genuine remorse,,early guilty plea,,,,,,immediate custody
30,,,,,,,,,,,,,,,,,,,,,,,,,,,,,,,,,,,,,,,,,single blow,early guilty plea,,,,,,
30,deliberate harm,,,,,vulnerable victim,,,,,,,,,,,abuse of trust,,,,,,,location,,ongoing effect,,,,,,,,,,,,,,,,,,,,,,immediate custody
30,,,,,,,,,,,lack of premeditation,,,,,less serious injury,,,,,,,,,,,,,,,,,,,,,,,,,single blow,,,,,,,
30,,,,premeditation,,,use of weapon,serious injury,,,,,,selfdefence,,,,,,,,,,location,,,,,,,,,,,,,,,,,single blow,,,,,,,
30,,,,,,,use of weapon,serious injury,,personally vulnerable,,,,,,,,,,,,,,location,,ongoing effect,,previous violence,timing of the offence,,,,,,,,,,,,,,,,,,,immediate custody
30,,,,,,,,,,,,,,,subordinate role gang,less serious injury,,,,,,,,,,,,,,under influence drugs/alcohol,,lack of maturity,good character,,,,,,,genuine remorse,single blow,,,,,,,
30,,,,,,,use of weapon,,,,,,,,,less serious injury,,,,,,,,,,,,,,,,,good character,,,,,,,genuine remorse,,,,,,,,
30,,,,,,,,,,,lack of premeditation,,,,,,,,,,,,,,,,,previous violence,,,,,,,,,,,,,,early guilty plea,,,,,common assault,immediate custody
30,,,,,,,,serious injury,,,,,,,,,,,,,,,,,,,,,,,,,,,,medical condition,mental disability (general),,,genuine remorse,single blow,,,,,,common assault,
30,,,,,,,,,,,,,,,,,,against public worker,,,,,,,,,,,,,addressing addiction,,good character,isolated incident,,,,no previous convictions,,genuine remorse,,early guilty plea,,,,,common assault,
30,,,,,,,,serious injury,,,,,,,,,,,,,,,,,,,,,,,addressing addiction,,,,,,,,,,,,,,,,common assault,
30,,,,,,,,,repeated assault,personally vulnerable,,,provocation,,,,,,,,,,,location,,,,,,under influence drugs/alcohol,addressing addiction,,good character,,,,,no previous convictions,,genuine remorse,,early guilty plea,,,,,common assault,
30,,,,,,,,,,,,,,,,less serious injury,,,,,,,,,,,,,,,,,,,,,,,,genuine remorse,,,,,,,common assault,
30,,,,premeditation,,,,,repeated assault,,,,,,,,,,,,,failure to comply with court orders,,,,,,,,,,,,,,,,,,,,,,,,,common assault,immediate custody
30,,,,,,vulnerable victim,use of weapon,,,personally vulnerable,,,,,,,,,on bail,,,,,,,,,,,under influence drugs/alcohol,,,,,,,,,,,single blow,,,,,,common assault,immediate custody
30,,,,,,,,,,personally vulnerable,,,,,,,,,,,,,,location,,,,previous violence,,under influence drugs/alcohol,,,,,,,,,,,,,,,,,common assault,immediate custody
30,,,,,,,,,,,,,,,,less serious injury,,,,,,,,,,,,,,,,,,,,,,,,,,,,,,,common assault,
30,,,,,,,,,repeated assault,personally vulnerable,,,,,,,,,,,,,,,,,,,,,,,good character,,,,,no previous convictions,,genuine remorse,,early guilty plea,,,,,common assault,
30,,,,,,,,,,,lack of premeditation,,,,,,,,,,,,,,,,,,,,,,,,,,,,,,,,,,,,common assault,
30,,,,,,vulnerable victim,,,repeated assault,,,,,,,,,,,,,,,,,,presence of others,,,,,,,,,,,,,,,,,,,,common assault,immediate custody
30,,,,,,,use of weapon,,repeated assault,,,,,,,,,,,,,,,location,,,,,,,,,,,,,,no previous convictions,,,,,,,,grievous bodily harm with intent,,immediate custody
30,,,,,,,,,,,lack of premeditation,,,,,less serious injury,,,,,,failure to comply with court orders,,,,,,,,under influence drugs/alcohol,,,,,,,,,,genuine remorse,single blow,,,,,grievous bodily harm with intent,,immediate custody
30,,,,,,,use of weapon,,,,,,,,,less serious injury,,,,,,,,,,,,,,,,,,,,,,,,,,,,,,grievous bodily harm with intent,,immediate custody
30,,,,premeditation,,,use of weapon,,,,,,,,,,,,,,,failure to comply with court orders,,location,,,,,timing of the offence,under influence drugs/alcohol,,,,,,,,,,,single blow,early guilty plea,,,,grievous bodily harm with intent,,immediate custody
30,,,,premeditation,,,,,,,,,,,,,,,,,,,,,,,,,,,,,,,,,,,,,,,,,,grievous bodily harm with intent,,immediate custody
30,,,,,,,,,repeated assault,,,,,,,,,,,,,,,,,,,,,,,,,,,,,,,,single blow,,,,grievous bodily harm,,,immediate custody
30,,,,,,,,,,,lack of premeditation,,provocation,,,,,,,,,,,,,,,,,,,,,,,,,,,,,early guilty plea,,,grievous bodily harm,,,
30,,,,,,,,serious injury,,,,,,selfdefence,,,,,,,,,,,,,,,,,,,good character,,,,,,,,,,,,grievous bodily harm,,,immediate custody
30,,,,,,,use of weapon,serious injury,,,,,,,,,,,,,,,,,,ongoing effect,,,,,,,,,,,,no previous convictions,,genuine remorse,,,,,grievous bodily harm,,,immediate custody
30,,,,,,vulnerable victim,use of weapon,serious injury,,,,,,,,,,,,,,,,location,,ongoing effect,,,timing of the offence,,,,,,,,,,,,,,,,grievous bodily harm,,,immediate custody
30,,,,,,,,,,,lack of premeditation,,,,,,,,,,,,,,,,,,,,,lack of maturity,good character,isolated incident,,,,no previous convictions,,genuine remorse,,early guilty plea,,,grievous bodily harm,,,
30,,,,,,,use of weapon,,,,,,,,,less serious injury,,,,,,,,location,,,,,,,,,good character,isolated incident,lapse of time,,,no previous convictions,,genuine remorse,single blow,,,,grievous bodily harm,,,
30,,,,premeditation,,,use of weapon,serious injury,repeated assault,,,,,,,,,,,,,,,location,,ongoing effect,,,,under influence drugs/alcohol,,,,,,,,,,genuine remorse,,,,,grievous bodily harm,,,immediate custody
30,,,,,,,,serious injury,,,,,,,,less serious injury,,,,,,,,,,ongoing effect,,,,,addressing addiction,,,,,,,,,genuine remorse,single blow,early guilty plea,,,grievous bodily harm,,,immediate custody
30,,,,,,,,,,,,,provocation,,,less serious injury,,,,,,,,,,,,,,,,lack of maturity,good character,isolated incident,,,,no previous convictions,,genuine remorse,,early guilty plea,,,grievous bodily harm,,,
30,,,,premeditation,,,,,,,,,,,,,,,,,,,,location,,,,,,,,,,,,,,,,,,,,,grievous bodily harm,,,immediate custody
30,,,,,,,use of weapon,serious injury,,,,,,,subordinate role gang,,,,,,,,,,,ongoing effect,,,,,,,good character,,,,,no previous convictions,,genuine remorse,,,,,grievous bodily harm,,,immediate custody
30,,,,,,,,,,,lack of premeditation,,,,,less serious injury,,,,,,,,,,,,,,under influence drugs/alcohol,addressing addiction,lack of maturity,good character,,,,,no previous convictions,,genuine remorse,single blow,early guilty plea,,,grievous bodily harm,,,
30,,,,,,,,,,,lack of premeditation,,,,,,,,,,,,,,,,,,,,,,good character,,,,,,,genuine remorse,,early guilty plea,,,grievous bodily harm,,,
30,,,,,,,,,,,,,,,,,,,on bail,,,,,,,,,previous violence,,under influence drugs/alcohol,,,,,,,,,,,single blow,early guilty plea,,,grievous bodily harm,,,immediate custody
30,,,,,,,use of weapon,,,,lack of premeditation,,,,,less serious injury,,,,,,,,,,,presence of others,,,,,,good character,,,,,,,,single blow,,,,grievous bodily harm,,,
30,,,,,,,,,,,,,,,,,,,,,,,,,,ongoing effect,,,,,,,,,,,,,,,,,,,grievous bodily harm,,,immediate custody
30,,,,,,vulnerable victim,use of weapon,serious injury,,,,,,,,,,,on bail,,,,,location,,,,,timing of the offence,,,,,,,,,,,,,,,,grievous bodily harm,,,immediate custody
30,,,,,,,use of weapon,serious injury,,,,,,,,,,,on bail,,,,,,,,,,,under influence drugs/alcohol,,,,,,,,,,,,,,,grievous bodily harm,,,immediate custody
30,,,,,,,use of weapon,,,,,,,,,less serious injury,,,,,,,,location,,,,,timing of the offence,,,,,,,,,no previous convictions,,,single blow,,,,grievous bodily harm,,,immediate custody
30,deliberate harm,,,,,,use of weapon,serious injury,,,,,,,,,,,,,,,,location,,ongoing effect,,,,,,,,,,,,,,,,,,,grievous bodily harm,,,immediate custody
30,,,,premeditation,,,use of weapon,,,,,,,,,less serious injury,,,,,,,,location,,,,,timing of the offence,,,lack of maturity,good character,isolated incident,,,,no previous convictions,,genuine remorse,,early guilty plea,,,grievous bodily harm,,,
30,,,,,,,,,,,lack of premeditation,,,,,less serious injury,,,,,,,,,,,,,,under influence drugs/alcohol,addressing addiction,lack of maturity,good character,,,,,no previous convictions,,genuine remorse,single blow,,,,grievous bodily harm,,,
30,,,leading role gang,,,,use of weapon,serious injury,,,,,,,,,,,on bail,,,,,,,,,,,,,,,,,,,,,,,,,,grievous bodily harm,,,immediate custody
30,,,,,,,,serious injury,repeated assault,,lack of premeditation,,provocation,,,,,,,,,,,,,,,,,,,,,,,,,,,,,early guilty plea,,,grievous bodily harm,,,
30,,,,,,,,serious injury,,personally vulnerable,lack of premeditation,,provocation,selfdefence,,,,,,,,,,,,,,,,,,,,,,,,no previous convictions,,,,,,,grievous bodily harm,,,immediate custody
30,,,,,,,use of weapon,,repeated assault,,,,,,,,,,,,,,,,,,,,,,addressing addiction,,,,,,,,,genuine remorse,,early guilty plea,,,grievous bodily harm,,,immediate custody
30,,,,premeditation,,,use of weapon,serious injury,,personally vulnerable,,,,,,,,,,,,,gratuitous degradation,location,,,,,,,,,,,,,,,,,,,,,,grievous bodily harm with intent,,immediate custody
30,,,,premeditation,,,use of weapon,serious injury,,personally vulnerable,,,,,,,,,,,,,gratuitous degradation,location,,,,,,,,,,,,,,,,,,,,,,grievous bodily harm with intent,,immediate custody
30,,,,,,,,,,,,,,,,,,,,,,,,location,,ongoing effect,,previous violence,,under influence drugs/alcohol,,,,,,,,,,genuine remorse,,early guilty plea,,,grievous bodily harm,,,immediate custody
30,,,,,,,,,,,lack of premeditation,,,,,less serious injury,,,,,,,,,,ongoing effect,presence of others,,,under influence drugs/alcohol,,,,,,,,,,genuine remorse,,,,,grievous bodily harm,,,immediate custody
30,,,,,,,use of weapon,,,,lack of premeditation,,provocation,selfdefence,,,,,,,,,,,,,,,,,,,,,,,,,,,single blow,,,,grievous bodily harm,,,immediate custody
30,,,,,,,,serious injury,,,,,,,,,,,,,,,,,,,,,,,,,,,,,,,primary carer,genuine remorse,,,,,grievous bodily harm,,,
30,,,,,,,use of weapon,,,,,,,,,,,,,,,,,,,,,,,,,,,,,,,,,,,,,,grievous bodily harm,,,immediate custody
30,,,,premeditation,,vulnerable victim,,serious injury,,personally vulnerable,,,,,,,,,,,,,,,on licence,,presence of others,previous violence,,,,,,,,,,,,,,,,,grievous bodily harm,,,immediate custody
30,,,,,,,,,,,lack of premeditation,,,,subordinate role gang,,,,,,,,,,,,,,,,,,,,,,,no previous convictions,,,single blow,,violent disorder,,,,,immediate custody
30,,,,,,,,,,,,,,,,,,,,,,,,,,,,,,,,,,,,,,,,,,,violent disorder,,,,,immediate custody
30,deliberate harm,,,,,,,,,,,,,,,less serious injury,,,,,,,,,,,,,,,,,,,,,,,,,,,violent disorder,,,,,
37,,,leading role gang,premeditation,,,,serious injury,,,,,,,,,,,,,,,,location,,,,,,,,,,,,,,,,,,,,,,,,immediate custody
37,,,,,,,use of weapon,,,,,mental disorder (related to the offence),,,,less serious injury,,against public worker,,,,,,location,,,,,,,addressing addiction,,,,,,mental disability (general),no previous convictions,,,,early guilty plea,,,,,,
37,,,,,,,use of weapon,serious injury,repeated assault,,,,,,,,,,,,,,,,,,presence of others,,timing of the offence,under influence drugs/alcohol,,,,,,,,,,,,,,,,,,immediate custody
37,,,leading role gang,,,vulnerable victim,,,repeated assault,,lack of premeditation,,,,,less serious injury,,,,,,,,,,,,,,,,,good character,,,,,no previous convictions,,,,early guilty plea,,,,,,
37,,,,,,,use of weapon,,,,,,,,,less serious injury,,,on bail,,,,,,,,presence of others,,,,,,,,,,,,,,,early guilty plea,,,,,,immediate custody
37,,,,,,,use of weapon,,repeated assault,,,,,,,,,,,,,,,,,,,,,under influence drugs/alcohol,,lack of maturity,,,,,,,,genuine remorse,,early guilty plea,,,,,,
37,,,,,,,use of weapon,serious injury,,,lack of premeditation,,,,,,,,,,,,,,,,,,,under influence drugs/alcohol,,,,,,,,,,genuine remorse,,early guilty plea,,,,,,immediate custody
37,,,,,,,,,,,,,,,,less serious injury,,,,,,,,,,,,,,,,,,,,,,,,,,,,,,,,
37,,,,,,,,,,,,,,selfdefence,,less serious injury,,,,,,,,,,,presence of others,,,,,,good character,,,,,,,genuine remorse,,,,,,,,
37,,,,,,,,,,,,,provocation,,,,,,,,,,,,,,,,,,,,,,,,,,,genuine remorse,single blow,,,,,,,
37,,,,,,,,,,,,,,,,,,,,,,,,,,,,,,,,,good character,,,,,,,,,,,,,,,
37,,intent more harm,,,,,use of weapon,,repeated assault,personally vulnerable,,,,,,,,,,,,,,,,,,,,,,,,,,,,,,,,early guilty plea,,,,,,immediate custody
37,,,,,,,use of weapon,,repeated assault,personally vulnerable,,,,,,,,,,,,,,,,,,,,,,,,,,,,,,,,,,,,,,immediate custody
37,,,,,,,,,,personally vulnerable,,,,,,,,,,,,,,,,,presence of others,,,,,,,,,,,,,,,,,,,,,immediate custody
37,,,,,,,,,,personally vulnerable,lack of premeditation,,,,,less serious injury,,,,,,,,,,,presence of others,,,,,,,,,,,,primary carer,genuine remorse,,,,,,,,
37,,,,,,,,,,,lack of premeditation,,,,,,,,,,,,,,,ongoing effect,,,,,,,,isolated incident,,,,no previous convictions,,,single blow,,,,,,,
37,,,,,,,,,,,lack of premeditation,,,,,,,,,,,,,location,,,,,,,,,,,,,,,,,,,,affray,,,,immediate custody
37,,,,,,,,,,,,,,,,,,,,,,,,,,,,,,under influence drugs/alcohol,,,,,,,,,,,,,,affray,,,,
37,,,,,,,use of weapon,,,,,,,,,,,against public worker,,,,failure to comply with court orders,,location,,,presence of others,previous violence,,under influence drugs/alcohol,,,,,lapse of time,,,,,,,,,affray,,,,immediate custody
37,,,,,,,,,,,,,,,,,,,,,,,,location,,,,,,,,,,,,,,no previous convictions,,,,,,affray,,,,immediate custody
37,,,,,,,,,,,,,,,,,,,,,,,,,,,,,,under influence drugs/alcohol,,,,,,,,,,,,,,affray,,,,
37,,,,,,,,serious injury,,personally vulnerable,,,,,,,,,,,,,,,,ongoing effect,presence of others,previous violence,,under influence drugs/alcohol,,,,,,,mental disability (general),,,genuine remorse,,early guilty plea,,affray,,,,immediate custody
37,,,,,,,use of weapon,,,,lack of premeditation,,,,,,,,,,,,,location,,,,previous violence,,,,lack of maturity,good character,,lapse of time,,,no previous convictions,,,,,,affray,,,,
37,,,,,,,use of weapon,,,,lack of premeditation,,,,,,,,,,,,,location,,,,,,under influence drugs/alcohol,,,,,,,,,,,,,,affray,,,,immediate custody
37,,,,,,,,,,,,,,,,,,against public worker,,,,,,location,,,presence of others,,,,,,,,,,,,,,,,,affray,,,,immediate custody
37,,,,,,,use of weapon,,,,lack of premeditation,,,,,,,,,,,,,location,,,presence of others,,,,,lack of maturity,,,lapse of time,,,,,genuine remorse,,,,affray,,,,
37,,,,,,,,,,,,,,,,,,,,,,,,,,,,,,,,lack of maturity,good character,isolated incident,,,,no previous convictions,,,,,,affray,,,,
37,,,leading role gang,premeditation,,,use of weapon,,,,,,,,,,,,,,,,,,,,,,,,,lack of maturity,,,,,,no previous convictions,,,,,,affray,,,,
37,,,,,,,use of weapon,,,,lack of premeditation,,,,,,,,,,,,,location,,,presence of others,,,,,,,,,,,,,,,,,affray,,,,immediate custody
37,,,,,,,,,,,,,,,,,,,,,,,,,,,presence of others,,,under influence drugs/alcohol,,,,isolated incident,,,,no previous convictions,,genuine remorse,,early guilty plea,,affray,,,,
37,,,,,,,,,,,,,,,,less serious injury,,,,,,,,location,,,,,timing of the offence,,,,,,,,,,,,,,,affray,,,,immediate custody
37,,,,,,,,,,,,,,,,,,,,,,,,,,,,,,,,,good character,,,,,,,genuine remorse,,,,,,,,
37,,,,,,,,serious injury,,,lack of premeditation,,,,,,,,,,,,,,,,,,,,,,,,,,,,,,,,,,,,,
37,,,,premeditation,,,use of weapon,,repeated assault,,,,,,,,,,,,,,,,,,,,,,,,good character,,,,,no previous convictions,,,,,,,,,,immediate custody
37,,,,,,,,,,,lack of premeditation,,,,,,,,,,,,,location,,,,,,,,,,,lapse of time,,,,,genuine remorse,,,,affray,,,,immediate custody
37,,,,,,,,,,,,,,,,,,against public worker,,,,,,,,,,,,,,,,,lapse of time,,,,,genuine remorse,,,,,,,,
37,,,,,,,use of weapon,,repeated assault,,,,,,,,,,,,,,,,,,presence of others,,timing of the offence,under influence drugs/alcohol,,,,,,,,,,,,,,,,,,immediate custody
37,deliberate harm,,,,,,use of weapon,serious injury,repeated assault,personally vulnerable,,,,,,,abuse of trust,,,,,,,,,,,,,,,,,,,,,no previous convictions,,,,,,,,,,
37,,,,,,,,serious injury,,,lack of premeditation,,,,,,,,,,,,,,,,,,,,,lack of maturity,,,,,,,,genuine remorse,single blow,,,,grievous bodily harm,,,immediate custody
37,,,,,,,,serious injury,,,,,,,,,,,,,,,,,,,,,,,,lack of maturity,,,,,,no previous convictions,,genuine remorse,single blow,,,,grievous bodily harm,,,
37,,,,,,,,serious injury,,,,,,,,,,,,,,,,,,ongoing effect,,,,,,,,,,,,no previous convictions,,genuine remorse,single blow,,,,grievous bodily harm,,,immediate custody
37,,,,,,vulnerable victim,use of weapon,,,personally vulnerable,,,,,,,,,,,,failure to comply with court orders,,,,,,,,under influence drugs/alcohol,,,,,,,,,,,,,,,grievous bodily harm,,,immediate custody
37,,,,premeditation,,,use of weapon,serious injury,repeated assault,personally vulnerable,,,,,,,,against public worker,,,,,,location,,ongoing effect,,,timing of the offence,,,,,,,,,,,,,,,,,grievous bodily harm with intent,,immediate custody
37,,,,,,,use of weapon,,,,,,provocation,,,less serious injury,,,,,,,,,,,,,,under influence drugs/alcohol,,,,,,,,,,,,,,,,grievous bodily harm with intent,,immediate custody
37,,,,,,,,,,,lack of premeditation,,,,,less serious injury,,,,,,,,,,,,,,under influence drugs/alcohol,addressing addiction,,,isolated incident,,,,,,genuine remorse,,early guilty plea,,,,,common assault,immediate custody
37,,,,,,,,,,,,,provocation,selfdefence,,,,,,,,,,location,,,,,,under influence drugs/alcohol,,,,,,,,,,,,,,,,,common assault,
37,,,,,,,,,,,lack of premeditation,,,,,less serious injury,,,,,,,,,,,,,,,,,,,,,,,,,,,,,,,common assault,
66,,,,,,,,,,,lack of premeditation,,,,,less serious injury,,,,,,,,location,on licence,,,,timing of the offence,under influence drugs/alcohol,,,,,,,,,,,,,,,,,,immediate custody
66,,,,,,,,,,,lack of premeditation,,,,,less serious injury,,,,,,,,location,,,,,timing of the offence,under influence drugs/alcohol,,,,,,,,,primary carer,genuine remorse,,,,,,,,
66,,intent more harm,,,,,use of weapon,,repeated assault,,,,,,subordinate role gang,less serious injury,,,,,,,,location,,,presence of others,,timing of the offence,under influence drugs/alcohol,,,,,,,,,,,,,,,,,,immediate custody
66,,,,,,,,,,,,,,,,,,,,,,,,,,,,,,,,,,isolated incident,,,,,,,single blow,,,,,,,
66,,,,,,,,,repeated assault,,,,,,,,,,,,,,,,,,,,,,,,,,,,,,,genuine remorse,single blow,,,,,,,immediate custody
66,,,,,,,use of weapon,,repeated assault,,,,,,,,,,on bail,,,failure to comply with court orders,,,,,,,,under influence drugs/alcohol,,,,,,,,,,,,early guilty plea,,,,,,immediate custody
66,,,,,,,,,,,,,,,,,,,,,,,,,,,,,,,,,,,,,,,,,,,,affray,,,,
66,,,,,,,,,,,,,,,,,,,,,,,,,,,,,,,,,,,,,,,,,,,,,,,,
66,,intent more harm,,,,,use of weapon,,repeated assault,,,,,,,,,,,,,failure to comply with court orders,,location,,,,,timing of the offence,,,,,,,,,,,,,,,affray,,,,immediate custody
66,,,,,,,,,,,,,,,,,,,,,,failure to comply with court orders,,,,,presence of others,,,under influence drugs/alcohol,,,,,,,,,,,,,,affray,,,,
66,,,,,,,,,,,,,,,,,,,,,,,,,,,,,,,,,,,,,,,,,,,,affray,,,,
66,,,,,,,,,,,,,,,,,,,,,,failure to comply with court orders,,,,,presence of others,,,under influence drugs/alcohol,,,,,,,,,,,,early guilty plea,,affray,,,,
66,,,,,,,,,repeated assault,,,,,,subordinate role gang,less serious injury,,,,,failure to respond to warnings,,,location,,,,,,,,,,,,,,,,,,,,,,,,immediate custody
66,,intent more harm,,,,,use of weapon,,repeated assault,,,,,,subordinate role gang,less serious injury,,,,,,,,location,on licence,,,,timing of the offence,under influence drugs/alcohol,,,,,,,,,,,,,,,,,,immediate custody
66,,,,,,,,,,,,,,,,,,,,,,,,,,,,,,,,,,,,,,,,,,,,,,,,immediate custody
66,,,,,,,,,repeated assault,,,,,,,,,,,,,,,,,,,,,,,,,,,,,,,,,,,,,,,immediate custody
66,,,,,,,use of weapon,,,,,,,,,less serious injury,,,,,,,,location,,ongoing effect,presence of others,,,under influence drugs/alcohol,,,,,,,,,,,,,,,,,,immediate custody
66,,,,,,,,,repeated assault,,,,,,subordinate role gang,less serious injury,,,,,failure to respond to warnings,failure to comply with court orders,,location,,,,,,,,,,,,,,,,,,,,,,,,immediate custody
66,,,leading role gang,,,,,,repeated assault,,,,,,,,,,,,,failure to comply with court orders,,location,,,,,,,,,,,,,,,,,,,,,,,,immediate custody
66,,,,,,,use of weapon,,,,,,,,,,,,,,,,,,,,,,,,,,,,,,,,,genuine remorse,,,,,,,,
66,,,,,,,use of weapon,serious injury,,,,,,,,,,,,,,,,,,ongoing effect,,,,,,,,,,,,no previous convictions,,genuine remorse,,early guilty plea,,,,,,immediate custody
66,,,,,,,,,,personally vulnerable,,,,,,,,,,,,,,,,,,,,,,,,,,,,,,,,,,,,,,
66,,,,,,,,,,,,,,,,,,,,,,,,,,,,,,,,,,,,,,,,,,,,,,,common assault,
66,,,,,,,,,repeated assault,,,,,,,,,,,,,failure to comply with court orders,,,,,,,,,,,,,,,,,,,,,,,,,common assault,immediate custody
66,,,,,,,,,,,,,,,,less serious injury,,,,,,,,,,,presence of others,,,,,lack of maturity,,,,,,,,,,,,,,,common assault,
66,,,,,,,,,,,lack of premeditation,,,,,,,,,,,,,,,,,previous violence,,,,,,,,,,,primary carer,genuine remorse,single blow,early guilty plea,,,,,common assault,
66,,,,,,,use of weapon,,,,lack of premeditation,,,,,less serious injury,,,,,,,,,,,,,,,,,,,,,,no previous convictions,,genuine remorse,single blow,,,,,grievous bodily harm with intent,,immediate custody
66,,,,,,,use of weapon,serious injury,,,,,,,,,,,,,,,,,,,,,,,,,,,,medical condition,mental disability (general),,,genuine remorse,single blow,,,,,grievous bodily harm with intent,,immediate custody
66,,,,,,,,serious injury,,,lack of premeditation,,provocation,selfdefence,,,,,,,,,,,,,,,,,,,good character,isolated incident,,,,no previous convictions,,genuine remorse,single blow,,,,grievous bodily harm,,,
66,,,,,,,,,,,,,,,,,,,,,,,,,,,presence of others,,,under influence drugs/alcohol,,,good character,isolated incident,,,,,,genuine remorse,single blow,,,,grievous bodily harm,,,
66,,,,,,,,serious injury,,,lack of premeditation,,,,,,,,,,,,,,,ongoing effect,,,,,addressing addiction,lack of maturity,good character,isolated incident,,,,no previous convictions,,genuine remorse,single blow,,,,grievous bodily harm,,,
66,,,,,,,use of weapon,,,,,,,,,,,,,,,,,,,,,,,under influence drugs/alcohol,,lack of maturity,,,,,,,,genuine remorse,,early guilty plea,,,grievous bodily harm,,,immediate custody
66,,,,,,,,,,,,,,,,,,,,,,,,,,,,,,,,,,,,,,,,,,,,,grievous bodily harm,,,
44,,,,,,,,,,,,,,selfdefence,,less serious injury,,,,,,,,,,,,,,,,,,,,,,,,genuine remorse,,,,,,,,
44,,,,,,,use of weapon,,repeated assault,,,,,,,,,,,,,,,,,,,,,,,,,,,,,,,,,,,,,,,immediate custody
44,,,,,,,use of weapon,,repeated assault,,,,,,,,,,,,,,,,,,,,,,,,,,,,,no previous convictions,,,,,,,,,,
44,,,,,,,,serious injury,,,,,,,,,,,,,,,,,,ongoing effect,,,timing of the offence,under influence drugs/alcohol,,,,,,,,,,,single blow,early guilty plea,,,grievous bodily harm,,,immediate custody
44,,,,,,,,,,,lack of premeditation,,,,,,,,,,,,,,,,,,,under influence drugs/alcohol,,,good character,isolated incident,,,,no previous convictions,,genuine remorse,single blow,early guilty plea,,,grievous bodily harm,,,immediate custody
44,,,,,,,,serious injury,,,,,,,,,,,,,,,,,,,,,,under influence drugs/alcohol,,,,,,,,,,,,,,,grievous bodily harm,,,immediate custody
44,,,,,,,,,,,,,,,,,,,,,,,,,,,,,,,,,,,,,,,,,single blow,,,,,,common assault,
11,,,leading role gang,,,,,,,,,,,,,,,,,,,failure to comply with court orders,,,,,,,,under influence drugs/alcohol,,lack of maturity,,,,,,,,,,early guilty plea,,,,,,immediate custody
11,,,,,,,,,,,,,,,,,,,,,,,,,,,,,,,,,,,,,,,,,,early guilty plea,,affray,,,,immediate custody
11,,,,,,,,,repeated assault,,,,,,,,,,,,failure to respond to warnings,,,location,,ongoing effect,,previous violence,,under influence drugs/alcohol,,,,,,,,,,,,,,,,,,
11,,,,,,,,,,,,,,,,,,,,,,,,,,,,,,,,,,,,,,,,,,,,,,,,immediate custody
11,,,,premeditation,,,,,repeated assault,,,,,,,,,,,,,,,location,,ongoing effect,,,,,,,,,,,,,,genuine remorse,,early guilty plea,,,,,,immediate custody
11,,,,,,,,,,,,,,,,less serious injury,,,,,,,,,,,,,,,,,,,,,,,,,,,,,,,,immediate custody
11,,,,,,,,,,,,,,,,less serious injury,,,,,,,,,,,,,,,,,,,,,,,,,,,,,,,,
11,,,,,,,,,,,,,provocation,,,less serious injury,,,,,,,,,,,presence of others,,,,,,,,,,,,,,,,,,,,,
11,,,,,,vulnerable victim,,,,personally vulnerable,,,,,,,,,,,,,,,,,presence of others,,,under influence drugs/alcohol,,,,,,,,no previous convictions,,genuine remorse,,,,,,,common assault,
11,,,,,,,,serious injury,,,,,,,,,,,,,,,,location,,,,,,under influence drugs/alcohol,,,,,,,,,,,,,,,,grievous bodily harm with intent,,immediate custody
11,,,,premeditation,,,,serious injury,repeated assault,,,,,,,,,,,,,,,location,,,,,,,,,good character,,,,,,,genuine remorse,,early guilty plea,,,,grievous bodily harm with intent,,immediate custody
11,,,,,,,,serious injury,,,lack of premeditation,,,,,,,,,,,,,,,ongoing effect,,,,,,,,isolated incident,,,,no previous convictions,,,,,,,grievous bodily harm,,,
11,,,,,,,,serious injury,,,lack of premeditation,,,,,,,,,,,,,,,,,previous violence,,,,,,,,,,no previous convictions,,,single blow,,,,grievous bodily harm,,,immediate custody
11,,,,,,,,,,,lack of premeditation,,,,,,,,,,,,,,,,,,,,,,good character,isolated incident,,medical condition,,no previous convictions,,genuine remorse,single blow,early guilty plea,,,grievous bodily harm,,,
11,,,,,,,,,,personally vulnerable,,,,,,less serious injury,,against public worker,,,,,,location,,ongoing effect,,,timing of the offence,under influence drugs/alcohol,,,,,,,,,,,,,,,grievous bodily harm,,,immediate custody
11,,,,,,,,serious injury,,,,,,,,,,,,,,,,location,,ongoing effect,,,,under influence drugs/alcohol,,,,,,,,,,,,,,,grievous bodily harm,,,immediate custody
11,,,,premeditation,,,,serious injury,,,,,,,,,,,,,,,,,,,,,,,,,,,,,,,,genuine remorse,,early guilty plea,,,,grievous bodily harm with intent,,immediate custody
11,,,,,,,use of weapon,serious injury,repeated assault,,lack of premeditation,,,,,,,,,,,,,,,,,,,,,,,,,,,,,,,,,,,grievous bodily harm with intent,,immediate custody
